time_ms,trace_6_experimental_mV,trace_6_simulated_mV,trace_7_experimental_mV,trace_7_simulated_mV,trace_8_experimental_mV,trace_8_simulated_mV,trace_9_experimental_mV,trace_9_simulated_mV
0.0,-29.1748,-29.67865,-29.0527,-29.67865,-28.4119,-29.67865,-29.0833,-29.67865
0.1,-29.2053,-29.44286,-29.0833,-29.44286,-28.4119,-29.44286,-29.0833,-29.44286
0.2,-29.2053,-29.269634,-29.0527,-29.269634,-28.4424,-29.269634,-29.0833,-29.269634
0.3,-29.2358,-29.14221,-29.0527,-29.14221,-28.4119,-29.14221,-29.0527,-29.14221
0.4,-29.2053,-29.048367,-29.0527,-29.048367,-28.4119,-29.048367,-29.0527,-29.048367
0.5,-29.2358,-28.979187,-29.0833,-28.979187,-28.3813,-28.979187,-29.0833,-28.979187
0.6,-29.1748,-28.928158,-29.0222,-28.928158,-28.3813,-28.928158,-29.0833,-28.928158
0.7,-29.2358,-28.890516,-29.0222,-28.890516,-28.3813,-28.890516,-29.0833,-28.890516
0.8,-29.2358,-28.862768,-29.0833,-28.862768,-28.3813,-28.862768,-29.0833,-28.862768
0.9,-29.2053,-28.84235,-29.1138,-28.84235,-28.4729,-28.84235,-29.0833,-28.84235
1.0,-29.2358,-28.827372,-29.0527,-28.827372,-28.4424,-28.827372,-29.0222,-28.827372
1.1,-29.1748,-28.816442,-29.1138,-28.816442,-28.4119,-28.816442,-29.0222,-28.816442
1.2,-29.2358,-28.80853,-29.0833,-28.80853,-28.4424,-28.80853,-29.0222,-28.80853
1.3,-29.2664,-28.802876,-29.1138,-28.802876,-28.4119,-28.802876,-28.9917,-28.802876
1.4,-29.2664,-28.79891,-29.0833,-28.79891,-28.4119,-28.79891,-29.0222,-28.79891
1.5,-29.1748,-28.796213,-29.0833,-28.796213,-28.4119,-28.796213,-29.0222,-28.796213
1.6,-29.2664,-28.794472,-29.0833,-28.794472,-28.4119,-28.794472,-29.0527,-28.794472
1.7,-29.2358,-28.793451,-29.0833,-28.793451,-28.3813,-28.793451,-29.0222,-28.793451
1.8,-29.2053,-28.792974,-29.0833,-28.792974,-28.3813,-28.792974,-29.0222,-28.792974
1.9,-29.2053,-28.792912,-29.0833,-28.792912,-28.4119,-28.792912,-29.0222,-28.792912
2.0,-29.2358,-28.793161,-29.1138,-28.793161,-28.4119,-28.793161,-29.0527,-28.793161
2.1,-29.2053,-28.793652,-29.0833,-28.793652,-28.3813,-28.793652,-29.0222,-28.793652
2.2,-29.2053,-28.794325,-29.0527,-28.794325,-28.3813,-28.794325,-29.0527,-28.794325
2.3,-29.2969,-28.795137,-29.0833,-28.795137,-28.4424,-28.795137,-29.0527,-28.795137
2.4,-29.2053,-28.796059,-29.0527,-28.796059,-28.4119,-28.796059,-29.0833,-28.796059
2.5,-29.2053,-28.797062,-29.0527,-28.797062,-28.4119,-28.797062,-29.0833,-28.797062
2.6,-29.1748,-28.79813,-29.0833,-28.79813,-28.3508,-28.79813,-29.0527,-28.79813
2.7,-29.2053,-28.799248,-29.0222,-28.799248,-28.3813,-28.799248,-29.0222,-28.799248
2.8,-29.1748,-28.800406,-29.0222,-28.800406,-28.4119,-28.800406,-29.0833,-28.800406
2.9,-29.2053,-28.801594,-29.1138,-28.801594,-28.4119,-28.801594,-29.0222,-28.801594
3.0,-29.2664,-28.802807,-29.1138,-28.802807,-28.4424,-28.802807,-29.0833,-28.802807
3.1,-29.1748,-28.80404,-29.0833,-28.80404,-28.4119,-28.80404,-29.0833,-28.80404
3.2,-29.1443,-28.80529,-29.1138,-28.80529,-28.3813,-28.80529,-29.1138,-28.80529
3.3,-29.1748,-28.806553,-29.0833,-28.806553,-28.3203,-28.806553,-29.0833,-28.806553
3.4,-29.1748,-28.807825,-29.0833,-28.807825,-28.4119,-28.807825,-29.1138,-28.807825
3.5,-29.1748,-28.809107,-29.0527,-28.809107,-28.4119,-28.809107,-29.0527,-28.809107
3.6,-29.2358,-28.810396,-29.1443,-28.810396,-28.4424,-28.810396,-29.1138,-28.810396
3.7,-29.1748,-28.811691,-29.1138,-28.811691,-28.4119,-28.811691,-29.0833,-28.811691
3.8,-29.2053,-28.812992,-29.1138,-28.812992,-28.4729,-28.812992,-29.0833,-28.812992
3.9,-29.2053,-28.814297,-29.1443,-28.814297,-28.4424,-28.814297,-29.0222,-28.814297
4.0,-29.2053,-28.815607,-29.1748,-28.815607,-28.3813,-28.815607,-29.0222,-28.815607
4.1000000000000005,-29.2358,-28.816921,-29.1138,-28.816921,-28.3813,-28.816921,-29.0527,-28.816921
4.2,-29.2053,-28.81824,-29.1138,-28.81824,-28.4119,-28.81824,-29.0527,-28.81824
4.3,-29.2053,-28.819561,-29.0527,-28.819561,-28.4119,-28.819561,-29.0833,-28.819561
4.4,-29.2053,-28.820885,-29.1138,-28.820885,-28.4119,-28.820885,-29.0222,-28.820885
4.5,-29.1748,-28.822212,-29.0833,-28.822212,-28.3813,-28.822212,-29.0222,-28.822212
4.6,-29.2358,-28.823542,-29.1138,-28.823542,-28.3813,-28.823542,-29.0222,-28.823542
4.7,-29.2053,-28.824875,-29.1138,-28.824875,-28.4424,-28.824875,-29.0222,-28.824875
4.8,-29.1748,-28.82621,-29.0833,-28.82621,-28.4424,-28.82621,-29.0527,-28.82621
4.8999999999999995,-29.2053,-28.827549,-29.0527,-28.827549,-28.4119,-28.827549,-29.0222,-28.827549
5.0,-29.1748,-28.82889,-29.0833,-28.82889,-28.4119,-28.82889,-29.0527,-28.82889
5.1000000000000005,-29.2358,-28.830233,-29.1138,-28.830233,-28.4119,-28.830233,-29.0527,-28.830233
5.2,-29.1748,-28.83158,-29.1138,-28.83158,-28.4119,-28.83158,-29.0222,-28.83158
5.3,-29.2358,-28.832928,-29.1138,-28.832928,-28.4424,-28.832928,-29.0222,-28.832928
5.4,-29.1748,-28.834278,-29.0833,-28.834278,-28.4424,-28.834278,-29.0527,-28.834278
5.5,-29.2053,-28.83563,-29.0833,-28.83563,-28.4729,-28.83563,-29.0222,-28.83563
5.6,-29.2053,-28.836987,-29.1443,-28.836987,-28.5034,-28.836987,-29.0527,-28.836987
5.7,-29.2358,-28.838345,-29.1138,-28.838345,-28.5034,-28.838345,-29.0527,-28.838345
5.8,-29.1748,-28.839705,-29.1443,-28.839705,-28.5034,-28.839705,-29.0527,-28.839705
5.8999999999999995,-29.1748,-28.841066,-29.1138,-28.841066,-28.4424,-28.841066,-29.0833,-28.841066
6.0,-29.1748,-28.84243,-29.1443,-28.84243,-28.4119,-28.84243,-29.0527,-28.84243
6.1000000000000005,-29.1443,-28.843796,-29.1138,-28.843796,-28.4424,-28.843796,-29.0222,-28.843796
6.2,-29.1138,-28.845163,-29.0833,-28.845163,-28.4424,-28.845163,-29.0833,-28.845163
6.3,-29.1138,-28.846535,-29.0833,-28.846535,-28.4424,-28.846535,-29.0222,-28.846535
6.4,-29.1443,-28.847908,-29.1138,-28.847908,-28.4729,-28.847908,-29.0222,-28.847908
6.5,-29.1748,-28.849283,-29.1138,-28.849283,-28.4729,-28.849283,-29.0222,-28.849283
6.6,-29.1748,-28.85066,-29.0833,-28.85066,-28.5034,-28.85066,-29.0527,-28.85066
6.7,-29.2053,-28.85204,-29.0833,-28.85204,-28.4729,-28.85204,-29.0833,-28.85204
6.8,-29.2053,-28.85342,-29.1138,-28.85342,-28.4729,-28.85342,-29.0833,-28.85342
6.8999999999999995,-29.2053,-28.854803,-29.0833,-28.854803,-28.5339,-28.854803,-29.0527,-28.854803
7.0,-29.1748,-28.856186,-29.1138,-28.856186,-28.4424,-28.856186,-29.0527,-28.856186
7.1000000000000005,-29.1748,-28.857573,-29.0833,-28.857573,-28.4729,-28.857573,-29.0222,-28.857573
7.2,-29.2053,-28.858961,-29.0527,-28.858961,-28.4729,-28.858961,-29.0527,-28.858961
7.3,-29.2358,-28.86035,-29.0527,-28.86035,-28.5034,-28.86035,-28.9917,-28.86035
7.4,-29.2664,-28.861742,-29.0833,-28.861742,-28.5034,-28.861742,-29.0833,-28.861742
7.5,-29.1748,-28.863134,-29.0833,-28.863134,-28.4729,-28.863134,-29.0527,-28.863134
7.6,-29.1138,-28.864529,-29.0222,-28.864529,-28.4424,-28.864529,-29.0222,-28.864529
7.7,-29.1443,-28.865925,-29.0833,-28.865925,-28.5034,-28.865925,-28.9917,-28.865925
7.8,-29.1748,-28.867323,-29.0833,-28.867323,-28.4729,-28.867323,-29.0833,-28.867323
7.9,-29.1748,-28.868723,-29.0833,-28.868723,-28.4424,-28.868723,-29.0833,-28.868723
8.0,-29.1138,-28.870125,-29.0527,-28.870125,-28.4729,-28.870125,-29.0833,-28.870125
8.1,-29.1748,-28.871529,-29.0527,-28.871529,-28.5034,-28.871529,-28.9917,-28.871529
8.200000000000001,-29.1443,-28.872934,-29.0222,-28.872934,-28.4729,-28.872934,-29.0527,-28.872934
8.3,-29.1443,-28.874342,-29.0222,-28.874342,-28.5034,-28.874342,-29.0222,-28.874342
8.4,-29.1748,-28.87575,-29.0527,-28.87575,-28.5339,-28.87575,-29.0222,-28.87575
8.5,-29.2053,-28.87716,-29.0222,-28.87716,-28.5339,-28.87716,-29.0222,-28.87716
8.6,-29.1748,-28.87857,-29.0222,-28.87857,-28.4729,-28.87857,-29.0222,-28.87857
8.7,-29.1443,-28.879984,-29.0527,-28.879984,-28.5034,-28.879984,-29.0527,-28.879984
8.8,-29.1748,-28.8814,-29.0833,-28.8814,-28.4729,-28.8814,-29.0527,-28.8814
8.9,-29.1443,-28.882814,-29.0527,-28.882814,-28.5339,-28.882814,-29.0222,-28.882814
9.0,-29.2053,-28.884232,-29.0222,-28.884232,-28.5339,-28.884232,-29.0222,-28.884232
9.1,-29.1748,-28.88565,-29.0527,-28.88565,-28.5339,-28.88565,-29.0527,-28.88565
9.2,-29.2053,-28.88707,-29.0833,-28.88707,-28.5034,-28.88707,-28.9917,-28.88707
9.299999999999999,-29.1748,-28.88849,-29.0527,-28.88849,-28.5034,-28.88849,-29.0222,-28.88849
9.4,-29.1748,-28.889914,-29.1138,-28.889914,-28.5339,-28.889914,-29.0527,-28.889914
9.5,-29.1748,-28.891336,-29.0833,-28.891336,-28.5339,-28.891336,-28.9917,-28.891336
9.6,-29.2053,-28.892761,-29.0222,-28.892761,-28.5339,-28.892761,-29.0222,-28.892761
9.700000000000001,-29.2053,-28.894186,-29.0833,-28.894186,-28.5034,-28.894186,-29.0222,-28.894186
9.799999999999999,-29.2053,-28.895613,-29.0833,-28.895613,-28.5034,-28.895613,-28.9917,-28.895613
9.9,-29.2053,-28.897041,-29.0833,-28.897041,-28.5339,-28.897041,-28.9917,-28.897041
10.0,-29.2053,-28.89847,-29.0527,-28.89847,-28.5339,-28.89847,-29.0222,-28.89847
10.1,-29.2053,-28.8999,-29.0527,-28.8999,-28.5339,-28.8999,-29.0222,-28.8999
10.200000000000001,-29.2358,-28.90133,-29.0527,-28.90133,-28.5034,-28.90133,-29.0527,-28.90133
10.3,-29.2664,-28.902763,-29.0222,-28.902763,-28.5034,-28.902763,-28.9917,-28.902763
10.4,-29.2053,-28.904196,-28.9917,-28.904196,-28.5339,-28.904196,-29.0222,-28.904196
10.5,-29.2358,-28.90563,-28.9917,-28.90563,-28.5034,-28.90563,-28.9917,-28.90563
10.6,-29.2358,-28.907064,-28.9917,-28.907064,-28.4729,-28.907064,-28.9917,-28.907064
10.7,-29.2664,-28.9085,-29.0222,-28.9085,-28.5034,-28.9085,-28.9917,-28.9085
10.8,-29.2358,-28.909937,-29.0222,-28.909937,-28.4729,-28.909937,-28.9917,-28.909937
10.9,-29.2664,-28.911375,-29.0527,-28.911375,-28.5034,-28.911375,-28.9612,-28.911375
11.0,-29.2358,-28.912813,-29.0222,-28.912813,-28.4729,-28.912813,-28.9917,-28.912813
11.1,-29.2969,-28.914251,-28.9917,-28.914251,-28.4729,-28.914251,-29.0222,-28.914251
11.2,-29.2358,-28.915691,-29.0222,-28.915691,-28.5034,-28.915691,-28.9917,-28.915691
11.299999999999999,-29.2358,-28.917131,-28.9917,-28.917131,-28.5034,-28.917131,-28.9917,-28.917131
11.4,-29.2664,-28.918571,-28.9612,-28.918571,-28.5339,-28.918571,-29.0222,-28.918571
11.5,-29.2053,-28.920013,-28.9917,-28.920013,-28.5034,-28.920013,-28.9917,-28.920013
11.6,-29.2053,-28.921455,-29.0222,-28.921455,-28.5034,-28.921455,-29.0222,-28.921455
11.700000000000001,-29.2358,-28.922897,-28.9917,-28.922897,-28.4424,-28.922897,-29.0222,-28.922897
11.799999999999999,-29.2053,-28.924341,-28.9917,-28.924341,-28.5339,-28.924341,-29.0527,-28.924341
11.9,-29.2053,-28.925785,-28.9612,-28.925785,-28.5034,-28.925785,-28.9917,-28.925785
12.0,-29.2358,-28.927229,-28.9917,-28.927229,-28.5034,-28.927229,-28.9917,-28.927229
12.1,-29.2358,-28.928673,-28.9612,-28.928673,-28.5034,-28.928673,-29.0527,-28.928673
12.200000000000001,-29.2358,-28.930117,-28.9612,-28.930117,-28.4729,-28.930117,-29.0833,-28.930117
12.3,-29.2664,-28.931562,-28.9612,-28.931562,-28.4729,-28.931562,-29.0527,-28.931562
12.4,-29.2358,-28.933008,-28.9307,-28.933008,-28.5339,-28.933008,-29.0833,-28.933008
12.5,-29.2358,-28.934454,-28.9612,-28.934454,-28.5034,-28.934454,-29.0527,-28.934454
12.6,-29.2664,-28.9359,-28.9307,-28.9359,-28.5034,-28.9359,-29.0527,-28.9359
12.7,-29.2358,-28.937346,-28.9307,-28.937346,-28.4729,-28.937346,-29.1138,-28.937346
12.8,-29.2053,-28.938791,-28.9307,-28.938791,-28.5034,-28.938791,-29.0527,-28.938791
12.9,-29.2053,-28.940237,-28.9307,-28.940237,-28.4424,-28.940237,-29.0527,-28.940237
13.0,-29.2053,-28.941683,-28.9612,-28.941683,-28.4729,-28.941683,-29.0527,-28.941683
13.100000000000001,-29.2358,-28.943129,-28.9612,-28.943129,-28.4729,-28.943129,-29.0222,-28.943129
13.2,-29.2053,-28.944576,-28.9917,-28.944576,-28.5034,-28.944576,-29.0527,-28.944576
13.299999999999999,-29.2053,-28.946022,-28.9612,-28.946022,-28.5034,-28.946022,-29.0222,-28.946022
13.4,-29.2053,-28.94747,-28.9917,-28.94747,-28.5034,-28.94747,-29.0222,-28.94747
13.5,-29.2053,-28.948915,-28.9612,-28.948915,-28.5339,-28.948915,-29.0222,-28.948915
13.6,-29.2358,-28.950361,-28.9612,-28.950361,-28.4729,-28.950361,-29.0527,-28.950361
13.700000000000001,-29.2053,-28.951807,-28.9612,-28.951807,-28.5034,-28.951807,-29.0527,-28.951807
13.799999999999999,-29.2664,-28.953253,-28.9612,-28.953253,-28.5339,-28.953253,-29.0527,-28.953253
13.899999999999999,-29.2664,-28.954699,-28.9307,-28.954699,-28.5034,-28.954699,-29.0222,-28.954699
14.0,-29.2664,-28.956144,-28.9001,-28.956144,-28.4424,-28.956144,-29.0527,-28.956144
14.1,-29.2664,-28.95759,-28.9001,-28.95759,-28.5339,-28.95759,-29.0222,-28.95759
14.200000000000001,-29.2664,-28.959036,-28.8696,-28.959036,-28.4424,-28.959036,-29.0222,-28.959036
14.3,-29.2969,-28.96048,-28.9307,-28.96048,-28.4729,-28.96048,-29.0222,-28.96048
14.4,-29.2969,-28.961924,-28.9001,-28.961924,-28.5339,-28.961924,-29.0222,-28.961924
14.5,-29.2358,-28.963367,-28.9307,-28.963367,-28.4729,-28.963367,-29.0222,-28.963367
14.6,-29.2053,-28.964811,-28.9001,-28.964811,-28.5034,-28.964811,-29.0833,-28.964811
14.7,-29.1748,-28.966253,-28.9307,-28.966253,-28.4729,-28.966253,-29.0833,-28.966253
14.8,-29.2358,-28.967695,-28.9307,-28.967695,-28.4424,-28.967695,-29.0833,-28.967695
14.9,-29.2664,-28.969137,-28.9307,-28.969137,-28.5339,-28.969137,-29.0833,-28.969137
15.0,-29.2664,-28.97058,-28.9307,-28.97058,-28.5339,-28.97058,-29.1138,-28.97058
15.100000000000001,-29.2664,-28.97202,-28.9307,-28.97202,-28.5339,-28.97202,-29.0833,-28.97202
15.2,-29.2358,-28.97346,-28.9612,-28.97346,-28.5339,-28.97346,-29.0833,-28.97346
15.299999999999999,-29.2969,-28.974897,-28.9917,-28.974897,-28.5339,-28.974897,-29.0833,-28.974897
15.4,-29.2664,-28.976336,-28.9612,-28.976336,-28.5034,-28.976336,-29.0527,-28.976336
15.5,-29.2969,-28.977774,-28.9307,-28.977774,-28.5339,-28.977774,-29.0527,-28.977774
15.6,-29.2969,-28.97921,-28.9917,-28.97921,-28.5339,-28.97921,-29.0222,-28.97921
15.7,-29.3274,-28.980646,-28.9612,-28.980646,-28.5339,-28.980646,-29.0527,-28.980646
15.8,-29.3579,-28.98208,-28.9612,-28.98208,-28.5339,-28.98208,-29.1138,-28.98208
15.9,-29.2664,-28.983515,-28.9307,-28.983515,-28.5339,-28.983515,-29.0833,-28.983515
16.0,-29.2664,-28.984947,-28.9917,-28.984947,-28.4729,-28.984947,-29.0833,-28.984947
16.1,-29.2969,-28.98638,-28.9612,-28.98638,-28.5034,-28.98638,-29.1138,-28.98638
16.2,-29.3274,-28.98781,-28.9612,-28.98781,-28.5034,-28.98781,-29.0833,-28.98781
16.299999999999997,-29.3274,-28.98924,-28.9612,-28.98924,-28.5034,-28.98924,-29.1138,-28.98924
16.400000000000002,-29.3579,-28.99067,-28.9612,-28.99067,-28.5034,-28.99067,-29.0833,-28.99067
16.5,-29.2969,-28.992096,-28.9612,-28.992096,-28.4729,-28.992096,-29.0833,-28.992096
16.6,-29.2969,-28.993523,-28.9917,-28.993523,-28.5339,-28.993523,-29.0833,-28.993523
16.7,-29.2664,-28.994947,-28.9612,-28.994947,-28.5034,-28.994947,-29.0833,-28.994947
16.8,-29.3274,-28.996372,-28.9612,-28.996372,-28.4729,-28.996372,-29.1443,-28.996372
16.9,-29.3274,-28.997795,-28.9307,-28.997795,-28.5339,-28.997795,-29.0833,-28.997795
17.0,-29.3274,-28.999216,-28.9307,-28.999216,-28.5034,-28.999216,-29.0833,-28.999216
17.1,-29.2969,-29.000635,-28.9307,-29.000635,-28.5034,-29.000635,-29.1138,-29.000635
17.2,-29.2664,-29.002054,-28.9307,-29.002054,-28.5034,-29.002054,-29.0527,-29.002054
17.3,-29.2969,-29.003471,-28.9612,-29.003471,-28.5339,-29.003471,-29.0833,-29.003471
17.4,-29.3274,-29.004887,-28.9917,-29.004887,-28.5339,-29.004887,-29.1443,-29.004887
17.5,-29.3274,-29.0063,-28.9612,-29.0063,-28.5034,-29.0063,-29.1138,-29.0063
17.6,-29.2969,-29.007713,-28.9307,-29.007713,-28.4729,-29.007713,-29.1138,-29.007713
17.7,-29.2969,-29.009125,-28.9307,-29.009125,-28.5339,-29.009125,-29.1443,-29.009125
17.8,-29.2969,-29.010534,-28.8696,-29.010534,-28.4729,-29.010534,-29.0833,-29.010534
17.9,-29.2969,-29.011942,-28.9612,-29.011942,-28.4424,-29.011942,-29.1138,-29.011942
18.0,-29.3579,-29.013348,-29.0222,-29.013348,-28.5034,-29.013348,-29.1443,-29.013348
18.1,-29.3274,-29.014751,-28.9612,-29.014751,-28.5034,-29.014751,-29.1138,-29.014751
18.2,-29.3274,-29.016153,-28.9001,-29.016153,-28.5339,-29.016153,-29.1443,-29.016153
18.3,-29.3579,-29.017553,-28.9612,-29.017553,-28.5645,-29.017553,-29.1443,-29.017553
18.4,-29.3274,-29.018951,-28.9307,-29.018951,-28.5645,-29.018951,-29.1443,-29.018951
18.5,-29.3274,-29.020348,-28.9307,-29.020348,-28.5645,-29.020348,-29.1138,-29.020348
18.599999999999998,-29.3274,-29.021742,-28.9307,-29.021742,-28.5034,-29.021742,-29.1138,-29.021742
18.700000000000003,-29.2664,-29.023134,-28.9001,-29.023134,-28.5034,-29.023134,-29.1748,-29.023134
18.8,-29.3274,-29.024525,-28.9307,-29.024525,-28.5339,-29.024525,-29.1443,-29.024525
18.9,-29.3274,-29.025913,-28.8696,-29.025913,-28.4729,-29.025913,-29.1443,-29.025913
19.0,-29.3274,-29.0273,-28.9612,-29.0273,-28.4729,-29.0273,-29.1443,-29.0273
19.099999999999998,-29.2664,-29.028685,-28.9307,-29.028685,-28.5034,-29.028685,-29.1138,-29.028685
19.2,-29.3274,-29.030067,-28.9307,-29.030067,-28.5034,-29.030067,-29.1138,-29.030067
19.3,-29.3274,-29.031448,-28.9307,-29.031448,-28.4729,-29.031448,-29.1138,-29.031448
19.400000000000002,-29.3274,-29.032825,-28.9001,-29.032825,-28.4729,-29.032825,-29.1138,-29.032825
19.5,-29.3579,-29.0342,-28.9001,-29.0342,-28.5034,-29.0342,-29.0833,-29.0342
19.599999999999998,-29.3579,-29.035574,-28.9001,-29.035574,-28.5034,-29.035574,-29.0833,-29.035574
19.7,-29.3579,-29.036945,-28.9001,-29.036945,-28.5034,-29.036945,-29.1138,-29.036945
19.8,-29.3579,-29.038313,-28.9001,-29.038313,-28.5034,-29.038313,-29.1138,-29.038313
19.900000000000002,-29.3579,-29.039679,-28.9307,-29.039679,-28.4729,-29.039679,-29.1138,-29.039679
20.0,-29.4189,-29.041042,-28.9001,-29.041042,-28.5339,-29.041042,-29.1138,-29.041042
20.1,-29.3579,-29.042404,-28.9612,-29.042404,-28.5034,-29.042404,-29.1138,-29.042404
20.2,-29.3884,-29.043762,-28.9001,-29.043762,-28.4729,-29.043762,-29.0833,-29.043762
20.299999999999997,-29.3884,-29.045118,-28.9001,-29.045118,-28.4729,-29.045118,-29.1138,-29.045118
20.400000000000002,-29.3579,-29.046473,-28.8696,-29.046473,-28.4729,-29.046473,-29.0833,-29.046473
20.5,-29.3579,-29.047823,-28.9001,-29.047823,-28.4424,-29.047823,-29.1138,-29.047823
20.6,-29.3884,-29.049171,-28.9612,-29.049171,-28.5034,-29.049171,-29.1138,-29.049171
20.7,-29.3579,-29.050516,-28.9001,-29.050516,-28.4424,-29.050516,-29.1443,-29.050516
20.8,-29.3579,-29.051859,-28.9307,-29.051859,-28.5034,-29.051859,-29.0833,-29.051859
20.9,-29.3884,-29.053198,-28.9307,-29.053198,-28.4729,-29.053198,-29.0833,-29.053198
21.0,-29.3884,-29.054535,-28.9307,-29.054535,-28.4729,-29.054535,-29.1138,-29.054535
21.1,-29.3579,-29.055868,-28.9307,-29.055868,-28.4424,-29.055868,-29.0833,-29.055868
21.2,-29.3579,-29.0572,-28.9307,-29.0572,-28.4729,-29.0572,-29.1138,-29.0572
21.3,-29.3579,-29.058527,-28.9307,-29.058527,-28.4424,-29.058527,-29.1138,-29.058527
21.4,-29.3274,-29.059853,-28.9001,-29.059853,-28.4424,-29.059853,-29.1138,-29.059853
21.5,-29.3579,-29.061174,-28.9917,-29.061174,-28.4729,-29.061174,-29.1443,-29.061174
21.6,-29.3884,-29.062494,-28.9001,-29.062494,-28.4729,-29.062494,-29.1138,-29.062494
21.7,-29.3884,-29.06381,-28.9612,-29.06381,-28.5034,-29.06381,-29.1138,-29.06381
21.8,-29.4189,-29.065123,-28.9612,-29.065123,-28.4424,-29.065123,-29.1138,-29.065123
21.9,-29.3884,-29.066433,-28.9307,-29.066433,-28.4729,-29.066433,-29.1443,-29.066433
22.0,-29.4189,-29.06774,-28.9612,-29.06774,-28.4424,-29.06774,-29.1443,-29.06774
22.1,-29.3884,-29.069042,-28.9612,-29.069042,-28.4119,-29.069042,-29.1138,-29.069042
22.2,-29.4189,-29.070343,-28.9307,-29.070343,-28.4729,-29.070343,-29.1138,-29.070343
22.3,-29.3579,-29.07164,-28.9307,-29.07164,-28.4729,-29.07164,-29.1443,-29.07164
22.4,-29.3884,-29.072933,-28.9307,-29.072933,-28.4424,-29.072933,-29.1443,-29.072933
22.5,-29.4189,-29.074223,-28.9612,-29.074223,-28.4424,-29.074223,-29.1443,-29.074223
22.599999999999998,-29.4189,-29.07551,-28.9612,-29.07551,-28.4729,-29.07551,-29.1138,-29.07551
22.700000000000003,-29.4495,-29.076794,-28.9917,-29.076794,-28.4424,-29.076794,-29.1138,-29.076794
22.8,-29.4495,-29.078074,-28.9612,-29.078074,-28.4424,-29.078074,-29.1748,-29.078074
22.9,-29.4189,-29.07935,-28.9001,-29.07935,-28.4424,-29.07935,-29.1138,-29.07935
23.0,-29.3884,-29.080622,-28.9612,-29.080622,-28.5034,-29.080622,-29.0833,-29.080622
23.099999999999998,-29.4189,-29.08189,-28.9307,-29.08189,-28.4424,-29.08189,-29.1443,-29.08189
23.2,-29.4495,-29.083157,-28.9612,-29.083157,-28.4729,-29.083157,-29.1748,-29.083157
23.3,-29.4495,-29.08442,-28.9001,-29.08442,-28.5034,-29.08442,-29.1138,-29.08442
23.400000000000002,-29.4189,-29.085678,-28.9612,-29.085678,-28.5034,-29.085678,-29.1138,-29.085678
23.5,-29.4495,-29.086933,-28.9612,-29.086933,-28.4729,-29.086933,-29.1138,-29.086933
23.599999999999998,-29.4495,-29.088184,-28.9612,-29.088184,-28.4729,-29.088184,-29.1138,-29.088184
23.7,-29.4495,-29.089432,-28.9307,-29.089432,-28.5034,-29.089432,-29.1138,-29.089432
23.8,-29.4189,-29.090675,-28.9612,-29.090675,-28.4729,-29.090675,-29.1138,-29.090675
23.900000000000002,-29.4495,-29.091915,-28.9307,-29.091915,-28.4424,-29.091915,-29.1138,-29.091915
24.0,-29.4189,-29.093151,-28.9307,-29.093151,-28.4424,-29.093151,-29.0833,-29.093151
24.1,-29.4495,-29.094383,-28.9307,-29.094383,-28.3813,-29.094383,-29.0833,-29.094383
24.2,-29.4189,-29.09561,-28.9612,-29.09561,-28.4424,-29.09561,-29.0833,-29.09561
24.299999999999997,-29.4189,-29.096832,-28.9307,-29.096832,-28.4424,-29.096832,-29.1138,-29.096832
24.400000000000002,-29.48,-29.098051,-28.9612,-29.098051,-28.5034,-29.098051,-29.0833,-29.098051
24.5,-29.48,-29.099266,-28.9612,-29.099266,-28.4119,-29.099266,-29.0833,-29.099266
24.6,-29.5105,-29.100477,-28.9612,-29.100477,-28.4424,-29.100477,-29.0833,-29.100477
24.7,-29.4189,-29.101685,-28.9917,-29.101685,-28.4729,-29.101685,-29.0833,-29.101685
24.8,-29.4189,-29.102888,-29.0222,-29.102888,-28.4424,-29.102888,-29.0833,-29.102888
24.9,-29.4495,-29.104088,-28.9917,-29.104088,-28.4729,-29.104088,-29.1138,-29.104088
25.0,-29.4189,-29.105282,-28.9917,-29.105282,-28.4424,-29.105282,-29.0833,-29.105282
25.1,-29.4189,-29.106472,-28.9307,-29.106472,-28.4119,-29.106472,-29.0527,-29.106472
25.2,-29.4495,-29.107658,-28.9612,-29.107658,-28.4119,-29.107658,-29.0833,-29.107658
25.3,-29.4495,-29.10884,-28.9917,-29.10884,-28.4119,-29.10884,-29.0527,-29.10884
25.4,-29.48,-29.110018,-28.9612,-29.110018,-28.4424,-29.110018,-29.0833,-29.110018
25.5,-29.48,-29.11119,-28.9612,-29.11119,-28.4424,-29.11119,-29.0833,-29.11119
25.6,-29.4495,-29.11236,-28.9612,-29.11236,-28.4424,-29.11236,-29.0527,-29.11236
25.7,-29.4189,-29.113523,-28.9307,-29.113523,-28.4729,-29.113523,-29.0833,-29.113523
25.8,-29.48,-29.114683,-28.9612,-29.114683,-28.4424,-29.114683,-29.1138,-29.114683
25.9,-29.4495,-29.115839,-28.9001,-29.115839,-28.4729,-29.115839,-29.1138,-29.115839
26.0,-29.48,-29.11699,-28.9001,-29.11699,-28.4424,-29.11699,-29.0833,-29.11699
26.1,-29.48,-29.118135,-28.9612,-29.118135,-28.4729,-29.118135,-29.1138,-29.118135
26.200000000000003,-29.48,-29.119276,-28.9612,-29.119276,-28.4424,-29.119276,-29.1138,-29.119276
26.3,-29.4495,-29.120413,-28.9001,-29.120413,-28.4729,-29.120413,-29.1138,-29.120413
26.4,-29.5105,-29.121546,-28.8696,-29.121546,-28.5034,-29.121546,-29.0833,-29.121546
26.5,-29.541,-29.122673,-28.9307,-29.122673,-28.4729,-29.122673,-29.1748,-29.122673
26.599999999999998,-29.48,-29.123796,-28.9307,-29.123796,-28.4119,-29.123796,-29.1443,-29.123796
26.700000000000003,-29.4189,-29.124914,-28.9612,-29.124914,-28.5034,-29.124914,-29.1138,-29.124914
26.8,-29.4495,-29.126028,-28.9612,-29.126028,-28.5034,-29.126028,-29.1138,-29.126028
26.9,-29.4189,-29.127136,-28.9612,-29.127136,-28.5034,-29.127136,-29.0833,-29.127136
27.0,-29.48,-29.12824,-28.9612,-29.12824,-28.4424,-29.12824,-29.1443,-29.12824
27.099999999999998,-29.4495,-29.12934,-28.9612,-29.12934,-28.4729,-29.12934,-29.1138,-29.12934
27.2,-29.4495,-29.130432,-29.0222,-29.130432,-28.4729,-29.130432,-29.1443,-29.130432
27.3,-29.3884,-29.131521,-28.9612,-29.131521,-28.4424,-29.131521,-29.0833,-29.131521
27.400000000000002,-29.3884,-29.132605,-28.9612,-29.132605,-28.4729,-29.132605,-29.0833,-29.132605
27.5,-29.4495,-29.133684,-28.9612,-29.133684,-28.4729,-29.133684,-29.0833,-29.133684
27.599999999999998,-29.4495,-29.134758,-28.9612,-29.134758,-28.4424,-29.134758,-29.0833,-29.134758
27.7,-29.4495,-29.135826,-28.9917,-29.135826,-28.4424,-29.135826,-29.0527,-29.135826
27.799999999999997,-29.48,-29.13689,-28.9917,-29.13689,-28.4424,-29.13689,-29.1138,-29.13689
27.900000000000002,-29.48,-29.137949,-28.9612,-29.137949,-28.4729,-29.137949,-29.1138,-29.137949
28.0,-29.48,-29.139002,-28.9612,-29.139002,-28.4119,-29.139002,-29.0833,-29.139002
28.1,-29.48,-29.14005,-28.9612,-29.14005,-28.4424,-29.14005,-29.0833,-29.14005
28.2,-29.4189,-29.141094,-28.9001,-29.141094,-28.4424,-29.141094,-29.0527,-29.141094
28.299999999999997,-29.4495,-29.142132,-28.9612,-29.142132,-28.4424,-29.142132,-29.0833,-29.142132
28.400000000000002,-29.4189,-29.143164,-28.9917,-29.143164,-28.4424,-29.143164,-29.0833,-29.143164
28.5,-29.48,-29.144192,-28.9612,-29.144192,-28.4424,-29.144192,-29.1138,-29.144192
28.6,-29.48,-29.145214,-28.9612,-29.145214,-28.4729,-29.145214,-29.1443,-29.145214
28.7,-29.48,-29.14623,-29.0222,-29.14623,-28.4729,-29.14623,-29.1443,-29.14623
28.8,-29.5105,-29.147242,-28.9612,-29.147242,-28.4424,-29.147242,-29.1748,-29.147242
28.9,-29.5105,-29.148247,-29.0222,-29.148247,-28.4119,-29.148247,-29.1443,-29.148247
29.0,-29.5105,-29.149248,-28.9917,-29.149248,-28.4424,-29.149248,-29.1443,-29.149248
29.1,-29.5105,-29.150244,-28.9917,-29.150244,-28.4119,-29.150244,-29.1138,-29.150244
29.2,-29.48,-29.151234,-28.9917,-29.151234,-28.4729,-29.151234,-29.0833,-29.151234
29.3,-29.48,-29.152218,-28.9917,-29.152218,-28.4119,-29.152218,-29.1138,-29.152218
29.4,-29.48,-29.153196,-29.0527,-29.153196,-28.4119,-29.153196,-29.0527,-29.153196
29.5,-29.48,-29.15417,-28.9612,-29.15417,-28.4119,-29.15417,-29.0833,-29.15417
29.6,-29.48,-29.155136,-29.0527,-29.155136,-28.4119,-29.155136,-29.0833,-29.155136
29.7,-29.5105,-29.156097,-29.0222,-29.156097,-28.4119,-29.156097,-29.1138,-29.156097
29.8,-29.48,-29.157053,-29.0222,-29.157053,-28.4424,-29.157053,-29.1443,-29.157053
29.9,-29.4495,-29.158005,-29.0222,-29.158005,-28.4729,-29.158005,-29.1138,-29.158005
30.0,-29.4495,-29.15895,-29.0527,-29.15895,-28.4424,-29.15895,-29.1443,-29.15895
30.099999999999998,-29.48,-29.159891,-28.9917,-29.159891,-28.4424,-29.159891,-29.1748,-29.159891
30.200000000000003,-29.48,-29.160826,-28.9917,-29.160826,-28.4424,-29.160826,-29.1138,-29.160826
30.3,-29.5105,-29.161753,-29.0222,-29.161753,-28.4119,-29.161753,-29.1138,-29.161753
30.4,-29.4495,-29.162676,-29.0222,-29.162676,-28.4119,-29.162676,-29.1443,-29.162676
30.5,-29.48,-29.163591,-29.0222,-29.163591,-28.3813,-29.163591,-29.1138,-29.163591
30.599999999999998,-29.4495,-29.164501,-29.0527,-29.164501,-28.4119,-29.164501,-29.1443,-29.164501
30.700000000000003,-29.48,-29.165405,-29.0527,-29.165405,-28.4424,-29.165405,-29.1138,-29.165405
30.8,-29.4495,-29.166304,-29.0833,-29.166304,-28.3508,-29.166304,-29.1138,-29.166304
30.900000000000002,-29.48,-29.167196,-29.0222,-29.167196,-28.3813,-29.167196,-29.1138,-29.167196
31.0,-29.4495,-29.168083,-29.0527,-29.168083,-28.4729,-29.168083,-29.1138,-29.168083
31.099999999999998,-29.48,-29.168964,-29.0527,-29.168964,-28.3508,-29.168964,-29.1138,-29.168964
31.2,-29.4495,-29.16984,-29.0527,-29.16984,-28.3508,-29.16984,-29.0833,-29.16984
31.3,-29.48,-29.17071,-29.0527,-29.17071,-28.3813,-29.17071,-29.0833,-29.17071
31.4,-29.4189,-29.171574,-28.9917,-29.171574,-28.4119,-29.171574,-29.1138,-29.171574
31.5,-29.48,-29.172432,-28.9612,-29.172432,-28.4119,-29.172432,-29.0833,-29.172432
31.6,-29.4189,-29.173283,-28.9917,-29.173283,-28.3813,-29.173283,-29.0833,-29.173283
31.7,-29.4189,-29.174128,-28.9612,-29.174128,-28.4119,-29.174128,-29.1138,-29.174128
31.8,-29.4189,-29.174967,-28.9917,-29.174967,-28.3508,-29.174967,-29.1138,-29.174967
31.9,-29.4189,-29.1758,-28.9917,-29.1758,-28.3508,-29.1758,-29.1138,-29.1758
32.0,-29.48,-29.176628,-28.9917,-29.176628,-28.4119,-29.176628,-29.1443,-29.176628
32.099999999999994,-29.48,-29.17745,-29.0527,-29.17745,-28.3813,-29.17745,-29.0833,-29.17745
32.2,-29.48,-29.178265,-28.9917,-29.178265,-28.3813,-29.178265,-29.1443,-29.178265
32.300000000000004,-29.48,-29.179073,-28.9612,-29.179073,-28.3508,-29.179073,-29.1138,-29.179073
32.4,-29.4495,-29.179876,-28.9917,-29.179876,-28.3508,-29.179876,-29.0833,-29.179876
32.5,-29.5105,-29.180674,-29.0222,-29.180674,-28.3508,-29.180674,-29.1138,-29.180674
32.599999999999994,-29.48,-29.181463,-29.0527,-29.181463,-28.3508,-29.181463,-29.0527,-29.181463
32.7,-29.48,-29.182247,-28.9917,-29.182247,-28.3203,-29.182247,-29.1443,-29.182247
32.800000000000004,-29.48,-29.183025,-28.9917,-29.183025,-28.3508,-29.183025,-29.0833,-29.183025
32.9,-29.4495,-29.183796,-29.0833,-29.183796,-28.3508,-29.183796,-29.0833,-29.183796
33.0,-29.4495,-29.18456,-29.0222,-29.18456,-28.3508,-29.18456,-29.0527,-29.18456
33.099999999999994,-29.48,-29.18532,-29.0527,-29.18532,-28.3508,-29.18532,-29.0222,-29.18532
33.2,-29.4495,-29.186073,-29.0527,-29.186073,-28.3508,-29.186073,-29.0222,-29.186073
33.300000000000004,-29.48,-29.18682,-29.0527,-29.18682,-28.3203,-29.18682,-29.0222,-29.18682
33.4,-29.4495,-29.18756,-29.0527,-29.18756,-28.3203,-29.18756,-29.0833,-29.18756
33.5,-29.4189,-29.188293,-29.0527,-29.188293,-28.3508,-29.188293,-29.0833,-29.188293
33.6,-29.48,-29.18902,-28.9917,-29.18902,-28.3508,-29.18902,-29.0527,-29.18902
33.7,-29.4495,-29.189741,-29.0222,-29.189741,-28.3508,-29.189741,-29.0527,-29.189741
33.8,-29.48,-29.190454,-29.0222,-29.190454,-28.3508,-29.190454,-29.0527,-29.190454
33.9,-29.5105,-29.191162,-29.0222,-29.191162,-28.3508,-29.191162,-29.0527,-29.191162
34.0,-29.5105,-29.191864,-29.0527,-29.191864,-28.2898,-29.191864,-29.0833,-29.191864
34.1,-29.4495,-29.192558,-29.0527,-29.192558,-28.3813,-29.192558,-29.0833,-29.192558
34.2,-29.48,-29.193247,-29.0527,-29.193247,-28.3813,-29.193247,-29.1138,-29.193247
34.3,-29.4495,-29.19393,-29.0222,-29.19393,-28.3508,-29.19393,-29.0833,-29.19393
34.4,-29.48,-29.194605,-28.9917,-29.194605,-28.3508,-29.194605,-29.0222,-29.194605
34.5,-29.4495,-29.195274,-29.0222,-29.195274,-28.3813,-29.195274,-29.0527,-29.195274
34.6,-29.48,-29.195936,-29.0222,-29.195936,-28.3203,-29.195936,-29.0222,-29.195936
34.7,-29.48,-29.196592,-29.0222,-29.196592,-28.3203,-29.196592,-29.0222,-29.196592
34.8,-29.5105,-29.19724,-29.0222,-29.19724,-28.3508,-29.19724,-28.9917,-29.19724
34.9,-29.48,-29.197884,-29.0527,-29.197884,-28.2898,-29.197884,-29.0527,-29.197884
35.0,-29.48,-29.198519,-29.0527,-29.198519,-28.3508,-29.198519,-29.0222,-29.198519
35.1,-29.5105,-29.199148,-29.0833,-29.199148,-28.3813,-29.199148,-28.9917,-29.199148
35.2,-29.4495,-29.199772,-29.1138,-29.199772,-28.3508,-29.199772,-28.9917,-29.199772
35.3,-29.48,-29.200388,-29.0527,-29.200388,-28.3203,-29.200388,-28.9917,-29.200388
35.4,-29.4495,-29.200998,-29.0833,-29.200998,-28.3813,-29.200998,-28.9917,-29.200998
35.5,-29.4495,-29.201601,-29.0527,-29.201601,-28.3813,-29.201601,-29.0527,-29.201601
35.6,-29.4189,-29.202198,-29.0527,-29.202198,-28.3508,-29.202198,-28.9917,-29.202198
35.7,-29.4495,-29.202787,-29.0527,-29.202787,-28.3203,-29.202787,-29.0527,-29.202787
35.8,-29.48,-29.20337,-29.0527,-29.20337,-28.3203,-29.20337,-29.0527,-29.20337
35.9,-29.48,-29.203945,-29.0833,-29.203945,-28.2898,-29.203945,-29.0222,-29.203945
36.0,-29.4495,-29.204514,-29.0527,-29.204514,-28.3203,-29.204514,-28.9917,-29.204514
36.1,-29.4495,-29.205076,-29.0833,-29.205076,-28.3203,-29.205076,-28.9917,-29.205076
36.2,-29.48,-29.205631,-29.0527,-29.205631,-28.3203,-29.205631,-28.9917,-29.205631
36.3,-29.48,-29.20618,-29.0527,-29.20618,-28.3508,-29.20618,-29.0222,-29.20618
36.4,-29.48,-29.206722,-29.0833,-29.206722,-28.3508,-29.206722,-29.0527,-29.206722
36.5,-29.48,-29.207258,-29.0833,-29.207258,-28.3508,-29.207258,-29.0222,-29.207258
36.6,-29.48,-29.207787,-29.0833,-29.207787,-28.3813,-29.207787,-29.0222,-29.207787
36.7,-29.48,-29.20831,-29.0833,-29.20831,-28.3508,-29.20831,-29.0222,-29.20831
36.8,-29.4495,-29.208824,-29.0833,-29.208824,-28.3203,-29.208824,-28.9917,-29.208824
36.900000000000006,-29.48,-29.209332,-29.0222,-29.209332,-28.2898,-29.209332,-29.0222,-29.209332
37.0,-29.541,-29.209833,-29.0527,-29.209833,-28.2898,-29.209833,-28.9917,-29.209833
37.1,-29.4495,-29.210327,-29.0833,-29.210327,-28.2898,-29.210327,-28.9917,-29.210327
37.199999999999996,-29.4495,-29.210815,-29.1138,-29.210815,-28.3203,-29.210815,-28.9612,-29.210815
37.3,-29.4495,-29.211296,-29.0833,-29.211296,-28.3508,-29.211296,-28.9917,-29.211296
37.400000000000006,-29.4189,-29.211771,-29.1138,-29.211771,-28.3203,-29.211771,-28.9917,-29.211771
37.5,-29.4495,-29.212238,-29.0833,-29.212238,-28.3203,-29.212238,-28.9612,-29.212238
37.6,-29.4495,-29.212698,-29.0527,-29.212698,-28.3203,-29.212698,-28.9917,-29.212698
37.699999999999996,-29.48,-29.213152,-29.0833,-29.213152,-28.2898,-29.213152,-28.9307,-29.213152
37.8,-29.5105,-29.213598,-29.0527,-29.213598,-28.2898,-29.213598,-28.9307,-29.213598
37.900000000000006,-29.48,-29.214037,-29.0833,-29.214037,-28.3203,-29.214037,-28.9307,-29.214037
38.0,-29.48,-29.21447,-29.1138,-29.21447,-28.2898,-29.21447,-28.9307,-29.21447
38.1,-29.4495,-29.214895,-29.1138,-29.214895,-28.3508,-29.214895,-29.0222,-29.214895
38.199999999999996,-29.4495,-29.215315,-29.1138,-29.215315,-28.3203,-29.215315,-28.9612,-29.215315
38.3,-29.48,-29.215727,-29.1443,-29.215727,-28.3203,-29.215727,-28.9612,-29.215727
38.4,-29.48,-29.216131,-29.0833,-29.216131,-28.2898,-29.216131,-28.9917,-29.216131
38.5,-29.48,-29.21653,-29.0833,-29.21653,-28.3203,-29.21653,-28.9612,-29.21653
38.6,-29.48,-29.21692,-29.0833,-29.21692,-28.3508,-29.21692,-28.9612,-29.21692
38.699999999999996,-29.5105,-29.217304,-29.0527,-29.217304,-28.2898,-29.217304,-28.9307,-29.217304
38.800000000000004,-29.5105,-29.217682,-29.1138,-29.217682,-28.3203,-29.217682,-28.9612,-29.217682
38.9,-29.5105,-29.218052,-29.1138,-29.218052,-28.2593,-29.218052,-29.0222,-29.218052
39.0,-29.48,-29.218414,-29.0833,-29.218414,-28.2898,-29.218414,-28.9307,-29.218414
39.1,-29.48,-29.218771,-29.1138,-29.218771,-28.3203,-29.218771,-28.9612,-29.218771
39.199999999999996,-29.48,-29.21912,-29.0833,-29.21912,-28.2898,-29.21912,-29.0222,-29.21912
39.300000000000004,-29.541,-29.219461,-29.1138,-29.219461,-28.2898,-29.219461,-28.9917,-29.219461
39.4,-29.541,-29.219797,-29.0527,-29.219797,-28.3508,-29.219797,-29.0222,-29.219797
39.5,-29.5105,-29.220125,-29.0527,-29.220125,-28.3203,-29.220125,-29.0222,-29.220125
39.6,-29.5105,-29.220446,-29.1138,-29.220446,-28.3203,-29.220446,-28.9917,-29.220446
39.699999999999996,-29.541,-29.22076,-29.1138,-29.22076,-28.2898,-29.22076,-29.0222,-29.22076
39.800000000000004,-29.48,-29.221067,-29.1443,-29.221067,-28.2898,-29.221067,-29.0527,-29.221067
39.9,-29.5105,-29.221367,-29.0833,-29.221367,-28.2898,-29.221367,-28.9612,-29.221367
40.0,-29.5105,-29.22166,-29.1138,-29.22166,-28.2898,-29.22166,-28.9612,-29.22166
40.099999999999994,-29.48,-29.221947,-29.1138,-29.221947,-28.3203,-29.221947,-29.0222,-29.221947
40.2,-29.4495,-29.222225,-29.0833,-29.222225,-28.2898,-29.222225,-29.0527,-29.222225
40.300000000000004,-29.48,-29.222498,-29.1138,-29.222498,-28.2898,-29.222498,-29.0222,-29.222498
40.4,-29.48,-29.222763,-29.0833,-29.222763,-28.3508,-29.222763,-29.0222,-29.222763
40.5,-29.4495,-29.22302,-29.0833,-29.22302,-28.2898,-29.22302,-28.9917,-29.22302
40.599999999999994,-29.5105,-29.223272,-29.1138,-29.223272,-28.3813,-29.223272,-28.9612,-29.223272
40.7,-29.48,-29.223516,-29.0527,-29.223516,-28.3508,-29.223516,-28.9917,-29.223516
40.800000000000004,-29.48,-29.223753,-29.1138,-29.223753,-28.3203,-29.223753,-29.0222,-29.223753
40.9,-29.4495,-29.223984,-29.1138,-29.223984,-28.3203,-29.223984,-28.9612,-29.223984
41.0,-29.48,-29.224207,-29.1138,-29.224207,-28.3203,-29.224207,-28.9612,-29.224207
41.099999999999994,-29.48,-29.224422,-29.1138,-29.224422,-28.3203,-29.224422,-28.9917,-29.224422
41.2,-29.48,-29.224632,-29.1138,-29.224632,-28.2898,-29.224632,-29.0222,-29.224632
41.300000000000004,-29.4495,-29.224834,-29.1443,-29.224834,-28.3203,-29.224834,-28.9307,-29.224834
41.4,-29.4495,-29.225029,-29.1443,-29.225029,-28.3203,-29.225029,-28.9612,-29.225029
41.5,-29.48,-29.225216,-29.1138,-29.225216,-28.2288,-29.225216,-29.0222,-29.225216
41.6,-29.5105,-29.225397,-29.0833,-29.225397,-28.2898,-29.225397,-29.0833,-29.225397
41.7,-29.5105,-29.22557,-29.0833,-29.22557,-28.2898,-29.22557,-29.0527,-29.22557
41.8,-29.48,-29.225737,-29.1138,-29.225737,-28.3203,-29.225737,-29.0222,-29.225737
41.9,-29.4495,-29.225897,-29.1748,-29.225897,-28.3508,-29.225897,-29.0222,-29.225897
42.0,-29.48,-29.22605,-29.1138,-29.22605,-28.3203,-29.22605,-29.0222,-29.22605
42.1,-29.5105,-29.226194,-29.1443,-29.226194,-28.3203,-29.226194,-29.0222,-29.226194
42.2,-29.541,-29.226334,-29.1138,-29.226334,-28.3203,-29.226334,-29.0527,-29.226334
42.3,-29.48,-29.226465,-29.0833,-29.226465,-28.3203,-29.226465,-28.9917,-29.226465
42.4,-29.5105,-29.22659,-29.1138,-29.22659,-28.3203,-29.22659,-28.9917,-29.22659
42.5,-29.4495,-29.226707,-29.0833,-29.226707,-28.3508,-29.226707,-29.0527,-29.226707
42.6,-29.48,-29.226818,-29.0833,-29.226818,-28.3508,-29.226818,-29.0833,-29.226818
42.7,-29.4495,-29.226921,-29.1138,-29.226921,-28.3508,-29.226921,-29.0222,-29.226921
42.8,-29.48,-29.227016,-29.1138,-29.227016,-28.3813,-29.227016,-29.0222,-29.227016
42.9,-29.48,-29.227106,-29.1138,-29.227106,-28.3813,-29.227106,-29.0222,-29.227106
43.0,-29.5105,-29.227188,-29.1138,-29.227188,-28.3813,-29.227188,-29.0527,-29.227188
43.1,-29.5105,-29.227262,-29.1748,-29.227262,-28.3508,-29.227262,-29.0222,-29.227262
43.2,-29.541,-29.227331,-29.1138,-29.227331,-28.3508,-29.227331,-29.0527,-29.227331
43.3,-29.5105,-29.227392,-29.0527,-29.227392,-28.2898,-29.227392,-29.0833,-29.227392
43.4,-29.5105,-29.227446,-29.1138,-29.227446,-28.2898,-29.227446,-29.0527,-29.227446
43.5,-29.48,-29.227493,-29.1138,-29.227493,-28.3203,-29.227493,-29.0527,-29.227493
43.6,-29.48,-29.227533,-29.0833,-29.227533,-28.3508,-29.227533,-29.0222,-29.227533
43.7,-29.48,-29.227566,-29.1138,-29.227566,-28.3508,-29.227566,-28.9612,-29.227566
43.8,-29.5105,-29.227592,-29.1748,-29.227592,-28.3508,-29.227592,-28.9612,-29.227592
43.9,-29.5105,-29.227612,-29.1443,-29.227612,-28.3508,-29.227612,-28.9917,-29.227612
44.0,-29.48,-29.227623,-29.1138,-29.227623,-28.3813,-29.227623,-28.9612,-29.227623
44.1,-29.4495,-29.227629,-29.1443,-29.227629,-28.3203,-29.227629,-28.9917,-29.227629
44.2,-29.48,-29.227627,-29.0833,-29.227627,-28.3203,-29.227627,-29.0222,-29.227627
44.3,-29.4495,-29.227617,-29.1138,-29.227617,-28.3203,-29.227617,-29.0222,-29.227617
44.4,-29.5105,-29.227602,-29.0527,-29.227602,-28.2898,-29.227602,-29.0527,-29.227602
44.5,-29.5105,-29.22758,-29.1138,-29.22758,-28.3508,-29.22758,-29.0527,-29.22758
44.6,-29.541,-29.22755,-29.1138,-29.22755,-28.2898,-29.22755,-29.0527,-29.22755
44.699999999999996,-29.5105,-29.227514,-29.1138,-29.227514,-28.3508,-29.227514,-29.0222,-29.227514
44.8,-29.48,-29.22747,-29.1138,-29.22747,-28.3203,-29.22747,-29.0222,-29.22747
44.900000000000006,-29.5105,-29.22742,-29.1138,-29.22742,-28.2898,-29.22742,-28.9917,-29.22742
45.0,-29.48,-29.227364,-29.1443,-29.227364,-28.2898,-29.227364,-29.0222,-29.227364
45.1,-29.5105,-29.227299,-29.1138,-29.227299,-28.3203,-29.227299,-29.0527,-29.227299
45.199999999999996,-29.5105,-29.227228,-29.1138,-29.227228,-28.2898,-29.227228,-29.0527,-29.227228
45.3,-29.48,-29.22715,-29.1443,-29.22715,-28.2898,-29.22715,-29.0527,-29.22715
45.400000000000006,-29.4495,-29.227064,-29.1443,-29.227064,-28.3508,-29.227064,-29.0222,-29.227064
45.5,-29.5105,-29.226973,-29.1748,-29.226973,-28.2898,-29.226973,-29.0527,-29.226973
45.6,-29.48,-29.226873,-29.1443,-29.226873,-28.3203,-29.226873,-29.0222,-29.226873
45.699999999999996,-29.48,-29.226768,-29.1748,-29.226768,-28.3203,-29.226768,-29.0527,-29.226768
45.8,-29.48,-29.226656,-29.1748,-29.226656,-28.3508,-29.226656,-29.0527,-29.226656
45.900000000000006,-29.48,-29.226536,-29.2053,-29.226536,-28.3508,-29.226536,-29.0833,-29.226536
46.0,-29.48,-29.22641,-29.1748,-29.22641,-28.3203,-29.22641,-29.0527,-29.22641
46.1,-29.541,-29.226276,-29.1443,-29.226276,-28.3203,-29.226276,-29.0222,-29.226276
46.199999999999996,-29.5105,-29.226135,-29.1748,-29.226135,-28.2593,-29.226135,-29.0527,-29.226135
46.300000000000004,-29.48,-29.225988,-29.1138,-29.225988,-28.3203,-29.225988,-29.0222,-29.225988
46.4,-29.48,-29.225834,-29.1443,-29.225834,-28.3508,-29.225834,-29.0527,-29.225834
46.5,-29.4189,-29.225674,-29.1443,-29.225674,-28.3203,-29.225674,-29.0833,-29.225674
46.6,-29.48,-29.225506,-29.1138,-29.225506,-28.3203,-29.225506,-29.0527,-29.225506
46.699999999999996,-29.4189,-29.225332,-29.0833,-29.225332,-28.2898,-29.225332,-29.0833,-29.225332
46.800000000000004,-29.48,-29.225151,-29.1138,-29.225151,-28.2898,-29.225151,-29.0833,-29.225151
46.9,-29.5105,-29.224962,-29.1443,-29.224962,-28.3508,-29.224962,-29.0527,-29.224962
47.0,-29.5105,-29.224768,-29.1443,-29.224768,-28.3203,-29.224768,-29.0833,-29.224768
47.1,-29.48,-29.224566,-29.1138,-29.224566,-28.3508,-29.224566,-29.0527,-29.224566
47.199999999999996,-29.541,-29.224358,-29.1748,-29.224358,-28.3203,-29.224358,-29.0527,-29.224358
47.300000000000004,-29.48,-29.224142,-29.1138,-29.224142,-28.2898,-29.224142,-29.0222,-29.224142
47.4,-29.5105,-29.22392,-29.1748,-29.22392,-28.2898,-29.22392,-29.0527,-29.22392
47.5,-29.4495,-29.223692,-29.1443,-29.223692,-28.2898,-29.223692,-29.0222,-29.223692
47.6,-29.48,-29.223457,-29.1443,-29.223457,-28.3203,-29.223457,-29.0833,-29.223457
47.7,-29.5105,-29.223215,-29.1443,-29.223215,-28.2898,-29.223215,-29.0527,-29.223215
47.800000000000004,-29.541,-29.222965,-29.1748,-29.222965,-28.3203,-29.222965,-29.0222,-29.222965
47.9,-29.48,-29.22271,-29.1443,-29.22271,-28.3508,-29.22271,-29.0222,-29.22271
48.0,-29.541,-29.222446,-29.1443,-29.222446,-28.2898,-29.222446,-29.0833,-29.222446
48.099999999999994,-29.48,-29.222178,-29.2053,-29.222178,-28.3508,-29.222178,-29.0527,-29.222178
48.2,-29.5715,-29.2219,-29.1443,-29.2219,-28.2593,-29.2219,-28.9917,-29.2219
48.300000000000004,-29.5715,-29.221619,-29.1443,-29.221619,-28.2593,-29.221619,-29.0222,-29.221619
48.4,-29.5715,-29.221329,-29.1443,-29.221329,-28.2288,-29.221329,-29.0527,-29.221329
48.5,-29.541,-29.221033,-29.1138,-29.221033,-28.2593,-29.221033,-29.0527,-29.221033
48.599999999999994,-29.48,-29.22073,-29.1748,-29.22073,-28.2288,-29.22073,-29.0833,-29.22073
48.7,-29.541,-29.22042,-29.1748,-29.22042,-28.2593,-29.22042,-29.0833,-29.22042
48.800000000000004,-29.541,-29.220104,-29.1443,-29.220104,-28.2898,-29.220104,-29.0527,-29.220104
48.9,-29.541,-29.219782,-29.2053,-29.219782,-28.3203,-29.219782,-29.0527,-29.219782
49.0,-29.5715,-29.219454,-29.1443,-29.219454,-28.2898,-29.219454,-29.0222,-29.219454
49.099999999999994,-29.541,-29.219118,-29.1748,-29.219118,-28.2898,-29.219118,-29.0527,-29.219118
49.2,-29.541,-29.218777,-29.1443,-29.218777,-28.2593,-29.218777,-29.0222,-29.218777
49.3,-29.5715,-29.218428,-29.1443,-29.218428,-28.2593,-29.218428,-29.0222,-29.218428
49.4,-29.5715,-29.218073,-29.1443,-29.218073,-28.2593,-29.218073,-29.0527,-29.218073
49.5,-29.541,-29.21771,-29.1748,-29.21771,-28.2898,-29.21771,-29.0833,-29.21771
49.6,-29.5105,-29.217342,-29.1443,-29.217342,-28.2898,-29.217342,-29.0833,-29.217342
49.7,-29.541,-29.216967,-29.1748,-29.216967,-28.3203,-29.216967,-29.1138,-29.216967
49.8,-29.5105,-29.216585,-29.1443,-29.216585,-28.2898,-29.216585,-29.1138,-29.216585
49.9,-29.5715,-29.216198,-29.1443,-29.216198,-28.2898,-29.216198,-29.0833,-29.216198
50.0,-29.5715,-29.215803,-29.1748,-29.215803,-28.3203,-29.215803,-29.1138,-29.215803
50.1,-29.5715,-29.215403,-29.1443,-29.215403,-28.2593,-29.215403,-29.0833,-29.215403
50.2,-29.602,-29.214994,-29.1138,-29.214994,-28.2898,-29.214994,-29.0833,-29.214994
50.3,-29.541,-29.21458,-29.1443,-29.21458,-28.3203,-29.21458,-29.0833,-29.21458
50.4,-29.541,-29.21416,-29.1138,-29.21416,-28.3203,-29.21416,-29.1138,-29.21416
50.5,-29.541,-29.213734,-29.1443,-29.213734,-28.3508,-29.213734,-29.1138,-29.213734
50.6,-29.602,-29.2133,-29.2358,-29.2133,-28.3203,-29.2133,-29.0833,-29.2133
50.7,-29.602,-29.21286,-29.2053,-29.21286,-28.3508,-29.21286,-29.0833,-29.21286
50.8,-29.5715,-29.212414,-29.1748,-29.212414,-28.3203,-29.212414,-29.0833,-29.212414
50.9,-29.541,-29.211962,-29.2053,-29.211962,-28.2898,-29.211962,-29.0833,-29.211962
51.0,-29.541,-29.211502,-29.1443,-29.211502,-28.3203,-29.211502,-29.1443,-29.211502
51.1,-29.602,-29.211037,-29.1748,-29.211037,-28.3203,-29.211037,-29.1138,-29.211037
51.2,-29.5715,-29.210566,-29.1443,-29.210566,-28.2898,-29.210566,-29.1138,-29.210566
51.3,-29.5715,-29.210087,-29.1748,-29.210087,-28.3203,-29.210087,-29.1748,-29.210087
51.4,-29.5715,-29.209602,-29.1748,-29.209602,-28.2593,-29.209602,-29.1138,-29.209602
51.5,-29.541,-29.209112,-29.2053,-29.209112,-28.2288,-29.209112,-29.1748,-29.209112
51.6,-29.602,-29.208614,-29.1748,-29.208614,-28.3203,-29.208614,-29.1443,-29.208614
51.7,-29.602,-29.20811,-29.2053,-29.20811,-28.2898,-29.20811,-29.1443,-29.20811
51.8,-29.5105,-29.207602,-29.2053,-29.207602,-28.2593,-29.207602,-29.1748,-29.207602
51.9,-29.541,-29.207087,-29.2358,-29.207087,-28.2898,-29.207087,-29.1443,-29.207087
52.0,-29.5715,-29.206564,-29.1748,-29.206564,-28.2898,-29.206564,-29.1748,-29.206564
52.1,-29.541,-29.206036,-29.1748,-29.206036,-28.2898,-29.206036,-29.2053,-29.206036
52.2,-29.5715,-29.205502,-29.2358,-29.205502,-28.2288,-29.205502,-29.2053,-29.205502
52.3,-29.541,-29.204962,-29.1443,-29.204962,-28.2593,-29.204962,-29.1748,-29.204962
52.400000000000006,-29.541,-29.204414,-29.1748,-29.204414,-28.2898,-29.204414,-29.1443,-29.204414
52.5,-29.5715,-29.203861,-29.1748,-29.203861,-28.2593,-29.203861,-29.1748,-29.203861
52.6,-29.602,-29.203302,-29.1748,-29.203302,-28.2593,-29.203302,-29.1443,-29.203302
52.699999999999996,-29.602,-29.202738,-29.1748,-29.202738,-28.2593,-29.202738,-29.1748,-29.202738
52.8,-29.5715,-29.202166,-29.2053,-29.202166,-28.2288,-29.202166,-29.1443,-29.202166
52.900000000000006,-29.602,-29.201588,-29.1443,-29.201588,-28.2593,-29.201588,-29.1748,-29.201588
53.0,-29.541,-29.201004,-29.1443,-29.201004,-28.2898,-29.201004,-29.1748,-29.201004
53.1,-29.5715,-29.200415,-29.1748,-29.200415,-28.2898,-29.200415,-29.2053,-29.200415
53.199999999999996,-29.602,-29.199818,-29.1748,-29.199818,-28.2593,-29.199818,-29.1443,-29.199818
53.3,-29.602,-29.199215,-29.1443,-29.199215,-28.2898,-29.199215,-29.2053,-29.199215
53.400000000000006,-29.5715,-29.198606,-29.1443,-29.198606,-28.2288,-29.198606,-29.2053,-29.198606
53.5,-29.5715,-29.197992,-29.1748,-29.197992,-28.2898,-29.197992,-29.2358,-29.197992
53.6,-29.602,-29.197372,-29.2358,-29.197372,-28.2593,-29.197372,-29.2053,-29.197372
53.699999999999996,-29.5715,-29.196747,-29.1748,-29.196747,-28.2593,-29.196747,-29.2053,-29.196747
53.8,-29.602,-29.196114,-29.1748,-29.196114,-28.2288,-29.196114,-29.2053,-29.196114
53.900000000000006,-29.5715,-29.195475,-29.2053,-29.195475,-28.2288,-29.195475,-29.2358,-29.195475
54.0,-29.5715,-29.19483,-29.2053,-29.19483,-28.1982,-29.19483,-29.2358,-29.19483
54.1,-29.5715,-29.19418,-29.2053,-29.19418,-28.1982,-29.19418,-29.1748,-29.19418
54.199999999999996,-29.602,-29.193523,-29.2358,-29.193523,-28.2288,-29.193523,-29.2358,-29.193523
54.300000000000004,-29.6326,-29.192862,-29.2358,-29.192862,-28.2593,-29.192862,-29.1748,-29.192862
54.4,-29.5715,-29.192194,-29.2053,-29.192194,-28.2288,-29.192194,-29.1748,-29.192194
54.5,-29.5715,-29.19152,-29.2053,-29.19152,-28.2288,-29.19152,-29.1748,-29.19152
54.6,-29.602,-29.190842,-29.2358,-29.190842,-28.2288,-29.190842,-29.2053,-29.190842
54.699999999999996,-29.602,-29.190155,-29.2053,-29.190155,-28.2288,-29.190155,-29.2053,-29.190155
54.800000000000004,-29.6326,-29.189463,-29.2358,-29.189463,-28.2288,-29.189463,-29.1748,-29.189463
54.9,-29.602,-29.188765,-29.2053,-29.188765,-28.2593,-29.188765,-29.1748,-29.188765
55.0,-29.5715,-29.18806,-29.2664,-29.18806,-28.2593,-29.18806,-29.1748,-29.18806
55.1,-29.5715,-29.187351,-29.2358,-29.187351,-28.2593,-29.187351,-29.2053,-29.187351
55.199999999999996,-29.541,-29.186636,-29.2053,-29.186636,-28.2593,-29.186636,-29.1748,-29.186636
55.300000000000004,-29.5715,-29.185915,-29.2358,-29.185915,-28.1982,-29.185915,-29.1443,-29.185915
55.4,-29.541,-29.185188,-29.2358,-29.185188,-28.2288,-29.185188,-29.1748,-29.185188
55.5,-29.5715,-29.184456,-29.2053,-29.184456,-28.2593,-29.184456,-29.1748,-29.184456
55.599999999999994,-29.5715,-29.183718,-29.2053,-29.183718,-28.1982,-29.183718,-29.2053,-29.183718
55.7,-29.602,-29.182974,-29.2053,-29.182974,-28.1982,-29.182974,-29.2358,-29.182974
55.800000000000004,-29.541,-29.182224,-29.2053,-29.182224,-28.2593,-29.182224,-29.2053,-29.182224
55.9,-29.5715,-29.181469,-29.2358,-29.181469,-28.2593,-29.181469,-29.1748,-29.181469
56.0,-29.541,-29.180708,-29.2358,-29.180708,-28.2593,-29.180708,-29.1748,-29.180708
56.099999999999994,-29.5105,-29.179941,-29.2358,-29.179941,-28.2593,-29.179941,-29.1748,-29.179941
56.2,-29.48,-29.179169,-29.2053,-29.179169,-28.2288,-29.179169,-29.1748,-29.179169
56.300000000000004,-29.5105,-29.17839,-29.2358,-29.17839,-28.2593,-29.17839,-29.1138,-29.17839
56.4,-29.541,-29.177607,-29.1748,-29.177607,-28.2288,-29.177607,-29.1443,-29.177607
56.5,-29.541,-29.176817,-29.2053,-29.176817,-28.2593,-29.176817,-29.1748,-29.176817
56.599999999999994,-29.5105,-29.176022,-29.2358,-29.176022,-28.2288,-29.176022,-29.2053,-29.176022
56.7,-29.541,-29.175222,-29.2053,-29.175222,-28.2593,-29.175222,-29.1748,-29.175222
56.800000000000004,-29.5715,-29.174417,-29.2053,-29.174417,-28.2898,-29.174417,-29.1443,-29.174417
56.9,-29.541,-29.173607,-29.2053,-29.173607,-28.2593,-29.173607,-29.1748,-29.173607
57.0,-29.5105,-29.17279,-29.2053,-29.17279,-28.3203,-29.17279,-29.2358,-29.17279
57.1,-29.5105,-29.171968,-29.2358,-29.171968,-28.2288,-29.171968,-29.2053,-29.171968
57.2,-29.541,-29.17114,-29.2053,-29.17114,-28.2898,-29.17114,-29.2358,-29.17114
57.3,-29.5715,-29.170307,-29.2053,-29.170307,-28.2593,-29.170307,-29.2358,-29.170307
57.4,-29.5715,-29.169468,-29.2664,-29.169468,-28.2288,-29.169468,-29.2053,-29.169468
57.5,-29.5715,-29.168623,-29.2664,-29.168623,-28.2898,-29.168623,-29.2053,-29.168623
57.6,-29.541,-29.167774,-29.2664,-29.167774,-28.2898,-29.167774,-29.1443,-29.167774
57.7,-29.541,-29.16692,-29.2664,-29.16692,-28.2898,-29.16692,-29.2053,-29.16692
57.8,-29.541,-29.04241,-29.2358,-29.001192,-28.2898,-28.959976,-29.1748,-28.918758
57.9,-29.4495,-28.921627,-29.1443,-28.840443,-28.0762,-28.759264,-29.0222,-28.678085
58.0,-29.1748,-28.804445,-28.7781,-28.684504,-27.6794,-28.564573,-28.5339,-28.444647
58.1,-29.0833,-28.690737,-28.595,-28.533207,-27.4963,-28.375696,-28.3813,-28.218191
58.2,-29.0527,-28.580383,-28.5339,-28.386393,-27.4658,-28.192425,-28.2898,-27.998465
58.3,-28.9612,-28.473269,-28.4729,-28.243902,-27.3743,-28.014559,-28.2288,-27.785215
58.4,-28.8696,-28.36928,-28.3813,-28.105581,-27.3437,-27.841898,-28.1372,-27.578194
58.5,-28.8696,-28.268309,-28.3508,-27.97128,-27.2827,-27.674246,-27.9846,-27.377157
58.6,-28.8086,-28.170248,-28.2593,-27.84085,-27.1912,-27.511415,-27.9541,-27.181866
58.7,-28.7476,-28.074997,-28.2288,-27.714157,-27.0996,-27.353222,-27.8931,-26.99209
58.8,-28.717,-27.982458,-28.1372,-27.591059,-27.0386,-27.199486,-27.7405,-26.807606
58.9,-28.6865,-27.892534,-28.1067,-27.471424,-26.947,-27.050035,-27.6489,-26.628197
59.0,-28.595,-27.805134,-28.0151,-27.355125,-26.886,-26.904705,-27.5269,-26.453657
59.1,-28.5339,-27.720167,-28.0151,-27.242039,-26.7029,-26.763332,-27.4353,-26.283787
59.2,-28.5034,-27.637548,-27.9236,-27.132046,-26.6724,-26.625765,-27.3743,-26.118397
59.3,-28.4729,-27.557194,-27.832,-27.025032,-26.6113,-26.491854,-27.3437,-25.957302
59.4,-28.4424,-27.479023,-27.771,-26.920885,-26.5198,-26.361458,-27.2217,-25.800331
59.5,-28.3508,-27.40296,-27.7405,-26.819502,-26.4893,-26.234442,-27.1301,-25.647316
59.6,-28.2898,-27.32893,-27.6489,-26.720778,-26.4282,-26.110674,-27.0996,-25.498098
59.7,-28.2593,-27.25686,-27.6489,-26.624615,-26.3062,-25.990028,-26.947,-25.352528
59.8,-28.1982,-27.186682,-27.5574,-26.53092,-26.2146,-25.872387,-26.8555,-25.21046
59.9,-28.1677,-27.118328,-27.4658,-26.439602,-26.2146,-25.757635,-26.7944,-25.071758
60.0,-28.1067,-27.051735,-27.4048,-26.350573,-26.0925,-25.645664,-26.7029,-24.936289
60.1,-28.0762,-26.98684,-27.4048,-26.26375,-26.0315,-25.536367,-26.6418,-24.80393
60.199999999999996,-27.9236,-26.923582,-27.2827,-26.179052,-25.9705,-25.429647,-26.5198,-24.67456
60.3,-27.9541,-26.861906,-27.2217,-26.096403,-25.8789,-25.325405,-26.4282,-24.548069
60.400000000000006,-27.8625,-26.801756,-27.1912,-26.01573,-25.8179,-25.22355,-26.3367,-24.424345
60.5,-27.8015,-26.743078,-27.0996,-25.93696,-25.7568,-25.123997,-26.2451,-24.303288
60.6,-27.8015,-26.685822,-27.0691,-25.860027,-25.6653,-25.026659,-26.1536,-24.184795
60.699999999999996,-27.6794,-26.629936,-26.9775,-25.784864,-25.6653,-24.931458,-26.062,-24.068777
60.8,-27.6489,-26.575377,-26.947,-25.711409,-25.5432,-24.838314,-26.001,-23.955141
60.900000000000006,-27.5879,-26.522095,-26.8555,-25.6396,-25.4822,-24.747156,-25.8789,-23.843803
61.0,-27.5574,-26.470047,-26.7944,-25.569382,-25.3906,-24.657913,-25.7874,-23.73468
61.1,-27.4963,-26.419193,-26.7334,-25.500698,-25.2991,-24.570517,-25.7263,-23.627693
61.199999999999996,-27.4658,-26.36949,-26.6724,-25.433495,-25.238,-24.484903,-25.6653,-23.522768
61.3,-27.4353,-26.320898,-26.6113,-25.36772,-25.177,-24.401009,-25.5432,-23.419834
61.400000000000006,-27.3437,-26.27338,-26.5503,-25.303326,-25.116,-24.318775,-25.4822,-23.31882
61.5,-27.3437,-26.226902,-26.4893,-25.240265,-24.9939,-24.238146,-25.3296,-23.219664
61.6,-27.3132,-26.181425,-26.4282,-25.178492,-24.8718,-24.159063,-25.2686,-23.122297
61.699999999999996,-27.2217,-26.136917,-26.3367,-25.11796,-24.8413,-24.081478,-25.177,-23.026663
61.800000000000004,-27.1912,-26.093346,-26.2756,-25.05863,-24.7192,-24.005339,-25.0854,-22.932701
61.9,-27.1606,-26.050678,-26.2451,-25.000462,-24.7192,-23.930595,-25.0244,-22.840359
62.0,-27.0996,-26.008886,-26.1841,-24.943415,-24.6277,-23.857203,-24.9329,-22.74958
62.1,-27.0691,-25.96794,-26.1536,-24.887453,-24.5972,-23.785114,-24.8413,-22.660315
62.199999999999996,-27.0386,-25.92781,-26.062,-24.832539,-24.4751,-23.714289,-24.7498,-22.572514
62.300000000000004,-26.9775,-25.888472,-26.0315,-24.778639,-24.4446,-23.644684,-24.6887,-22.486128
62.4,-26.886,-25.849895,-25.9705,-24.72572,-24.3835,-23.576262,-24.5972,-22.401114
62.5,-26.8555,-25.81206,-25.9094,-24.673748,-24.292,-23.508982,-24.5056,-22.317427
62.6,-26.7334,-25.774937,-25.8484,-24.622694,-24.231,-23.442808,-24.4141,-22.235023
62.7,-26.7639,-25.738506,-25.7874,-24.572527,-24.1394,-23.377705,-24.3225,-22.153866
62.8,-26.6418,-25.702744,-25.7263,-24.523218,-24.0784,-23.313637,-24.2615,-22.073912
62.9,-26.6418,-25.667627,-25.6653,-24.47474,-23.9868,-23.250572,-24.231,-21.995125
63.0,-26.6113,-25.633137,-25.5737,-24.427065,-23.9563,-23.188478,-24.1394,-21.917469
63.1,-26.5503,-25.59925,-25.5127,-24.380169,-23.8647,-23.127327,-24.0784,-21.84091
63.2,-26.5503,-25.565952,-25.4822,-24.334026,-23.8037,-23.067087,-23.9563,-21.765413
63.3,-26.4587,-25.53322,-25.4517,-24.288612,-23.7122,-23.00773,-23.8647,-21.690947
63.4,-26.4587,-25.501036,-25.3601,-24.243904,-23.6511,-22.949228,-23.7732,-21.61748
63.5,-26.3977,-25.469381,-25.3296,-24.199879,-23.6206,-22.891556,-23.6816,-21.54498
63.6,-26.3367,-25.438242,-25.238,-24.156517,-23.4985,-22.834686,-23.6206,-21.47342
63.70000000000001,-26.3062,-25.4076,-25.177,-24.113796,-23.468,-22.778595,-23.5596,-21.40277
63.8,-26.2451,-25.37744,-25.0854,-24.071695,-23.4375,-22.723259,-23.4985,-21.333002
63.9,-26.2451,-25.347744,-25.0854,-24.030197,-23.3765,-22.668655,-23.407,-21.264093
64.0,-26.1536,-25.3185,-24.9939,-23.98928,-23.3154,-22.614761,-23.3459,-21.196016
64.10000000000001,-26.123,-25.289694,-24.9634,-23.94893,-23.2239,-22.561556,-23.2239,-21.128746
64.19999999999999,-26.0315,-25.261309,-24.9329,-23.909126,-23.1018,-22.509018,-23.1323,-21.062258
64.3,-26.0315,-25.233334,-24.9023,-23.869852,-23.0103,-22.457127,-23.0713,-20.99653
64.4,-26.001,-25.205755,-24.8108,-23.831093,-22.9797,-22.405863,-22.9797,-20.931541
64.5,-25.9094,-25.17856,-24.7803,-23.792831,-22.8882,-22.35521,-22.9187,-20.867268
64.60000000000001,-25.8789,-25.151737,-24.6887,-23.755053,-22.8577,-22.305147,-22.8271,-20.80369
64.69999999999999,-25.8484,-25.125275,-24.6277,-23.717741,-22.7661,-22.255657,-22.7356,-20.740788
64.8,-25.8484,-25.099161,-24.5666,-23.680883,-22.6746,-22.206724,-22.6746,-20.67854
64.9,-25.7874,-25.073385,-24.5361,-23.644466,-22.644,-22.15833,-22.644,-20.616928
65.0,-25.7568,-25.047937,-24.4446,-23.608475,-22.583,-22.110462,-22.583,-20.555935
65.10000000000001,-25.6958,-25.022806,-24.3835,-23.572897,-22.5525,-22.063103,-22.4915,-20.495543
65.19999999999999,-25.6958,-24.997982,-24.292,-23.53772,-22.4915,-22.016237,-22.3999,-20.435734
65.3,-25.6348,-24.973455,-24.2615,-23.502932,-22.3694,-21.96985,-22.3389,-20.376492
65.4,-25.6042,-24.949217,-24.2004,-23.46852,-22.3389,-21.92393,-22.2168,-20.317799
65.5,-25.5432,-24.925257,-24.1699,-23.434473,-22.2168,-21.87846,-22.1863,-20.259642
65.60000000000001,-25.4517,-24.901567,-24.1089,-23.400782,-22.1558,-21.83343,-22.0947,-20.202003
65.69999999999999,-25.4517,-24.87814,-24.0478,-23.367434,-22.0947,-21.788824,-22.0032,-20.144869
65.8,-25.3601,-24.854965,-24.0173,-23.33442,-22.0642,-21.744633,-21.8811,-20.088224
65.9,-25.3296,-24.832037,-23.9258,-23.301727,-21.9727,-21.700842,-21.8506,-20.032057
66.0,-25.3296,-24.809347,-23.8953,-23.269348,-21.8811,-21.65744,-21.759,-19.97635
66.10000000000001,-25.238,-24.786886,-23.8647,-23.237274,-21.7895,-21.614418,-21.698,-19.921095
66.19999999999999,-25.2075,-24.76465,-23.7732,-23.205494,-21.7895,-21.571762,-21.5759,-19.866274
66.3,-25.238,-24.74263,-23.7122,-23.174,-21.698,-21.529463,-21.5454,-19.811878
66.4,-25.1465,-24.72082,-23.6816,-23.142784,-21.637,-21.48751,-21.3928,-19.757895
66.5,-25.0854,-24.699211,-23.6206,-23.111835,-21.5759,-21.445894,-21.3318,-19.70431
66.60000000000001,-25.0854,-24.6778,-23.5596,-23.081148,-21.4844,-21.404606,-21.2708,-19.651114
66.69999999999999,-25.0244,-24.656578,-23.4985,-23.050714,-21.4233,-21.363634,-21.1792,-19.598295
66.8,-24.9939,-24.635542,-23.4375,-23.020525,-21.3623,-21.32297,-21.1487,-19.545845
66.9,-24.9329,-24.614683,-23.407,-22.990574,-21.3013,-21.282604,-21.0571,-19.49375
67.0,-24.9023,-24.593998,-23.3765,-22.960854,-21.2402,-21.242529,-20.9351,-19.442001
67.10000000000001,-24.8413,-24.57348,-23.3154,-22.931356,-21.1792,-21.202736,-20.874,-19.390589
67.2,-24.8718,-24.553125,-23.2849,-22.902077,-21.1182,-21.163218,-20.813,-19.339502
67.3,-24.8108,-24.532927,-23.2544,-22.873007,-21.0571,-21.123964,-20.6909,-19.288733
67.4,-24.7192,-24.51288,-23.1934,-22.844141,-21.0266,-21.08497,-20.5994,-19.238272
67.5,-24.7192,-24.492981,-23.1323,-22.815474,-20.9045,-21.046227,-20.5688,-19.18811
67.6,-24.6887,-24.473225,-23.0713,-22.786999,-20.813,-21.007727,-20.4163,-19.138239
67.7,-24.5972,-24.453608,-22.9187,-22.758709,-20.7825,-20.969461,-20.3247,-19.088648
67.8,-24.5972,-24.434124,-22.9187,-22.730598,-20.6909,-20.931427,-20.2637,-19.039331
67.9,-24.5361,-24.414768,-22.8882,-22.702663,-20.6299,-20.893614,-20.2026,-18.99028
68.0,-24.5056,-24.395538,-22.8271,-22.674898,-20.5994,-20.856018,-20.0806,-18.941486
68.1,-24.4751,-24.376429,-22.7661,-22.647297,-20.4773,-20.818632,-20.05,-18.892942
68.2,-24.4141,-24.357437,-22.7356,-22.619854,-20.4163,-20.781448,-19.9585,-18.84464
68.3,-24.353,-24.338558,-22.644,-22.592566,-20.3857,-20.744463,-19.8975,-18.796576
68.4,-24.3225,-24.31979,-22.5525,-22.565426,-20.2942,-20.707668,-19.8059,-18.748737
68.5,-24.3225,-24.301126,-22.522,-22.538431,-20.2026,-20.67106,-19.7449,-18.70112
68.6,-24.292,-24.282566,-22.4915,-22.511576,-20.1416,-20.634632,-19.6533,-18.653719
68.7,-24.2615,-24.264105,-22.4609,-22.484858,-20.05,-20.59838,-19.5923,-18.606525
68.8,-24.1699,-24.245739,-22.3389,-22.458271,-20.0195,-20.562296,-19.5312,-18.559532
68.9,-24.1699,-24.227467,-22.3083,-22.43181,-19.8975,-20.526377,-19.4092,-18.512735
69.0,-24.1089,-24.209284,-22.3389,-22.405474,-19.8364,-20.490618,-19.3787,-18.466127
69.1,-24.0784,-24.191187,-22.2168,-22.379255,-19.7754,-20.455013,-19.2566,-18.419703
69.2,-24.0173,-24.173174,-22.2168,-22.353153,-19.6838,-20.419558,-19.1956,-18.373455
69.3,-23.9868,-24.155241,-22.1863,-22.327162,-19.7144,-20.384247,-19.1345,-18.327377
69.4,-23.9868,-24.137386,-22.1252,-22.30128,-19.5923,-20.349077,-19.0735,-18.281466
69.5,-23.8953,-24.119606,-22.0642,-22.275501,-19.5007,-20.314043,-18.9209,-18.235714
69.6,-23.8342,-24.101898,-22.0337,-22.249825,-19.4397,-20.279142,-18.8904,-18.190119
69.7,-23.8342,-24.08426,-21.9421,-22.224245,-19.3176,-20.24437,-18.7988,-18.144672
69.8,-23.7427,-24.06669,-21.8811,-22.19876,-19.2871,-20.209719,-18.7378,-18.099371
69.9,-23.7122,-24.049185,-21.8506,-22.173365,-19.1956,-20.175188,-18.6157,-18.054209
70.0,-23.6816,-24.031742,-21.759,-22.148058,-19.165,-20.140774,-18.6157,-18.009182
70.1,-23.6206,-24.01436,-21.7285,-22.122837,-19.0735,-20.10647,-18.4631,-17.964285
70.2,-23.5901,-23.997038,-21.6064,-22.097698,-19.0124,-20.072275,-18.4021,-17.919514
70.3,-23.5901,-23.97977,-21.6064,-22.072638,-18.9209,-20.038185,-18.28,-17.874863
70.4,-23.4985,-23.962557,-21.5759,-22.047655,-18.8904,-20.004196,-18.1885,-17.830328
70.5,-23.4375,-23.945395,-21.4844,-22.022745,-18.8293,-19.970304,-18.0969,-17.785906
70.6,-23.468,-23.928284,-21.4233,-21.997906,-18.7988,-19.936508,-18.0054,-17.74159
70.7,-23.3765,-23.91122,-21.3623,-21.973135,-18.7073,-19.902802,-17.9443,-17.697378
70.8,-23.3459,-23.894203,-21.2708,-21.948431,-18.6157,-19.869184,-17.8833,-17.653265
70.9,-23.2849,-23.87723,-21.3318,-21.92379,-18.5242,-19.835651,-17.7917,-17.609247
71.0,-23.2239,-23.860298,-21.2708,-21.89921,-18.4631,-19.8022,-17.6697,-17.565321
71.1,-23.2849,-23.843409,-21.2097,-21.87469,-18.4021,-19.768827,-17.6086,-17.52148
71.2,-23.2239,-23.826557,-21.1182,-21.850225,-18.3105,-19.73553,-17.5476,-17.477724
71.3,-23.1628,-23.809744,-21.0876,-21.825815,-18.1885,-19.702307,-17.4255,-17.434048
71.4,-23.1323,-23.792965,-21.0571,-21.801458,-18.1274,-19.669153,-17.334,-17.390446
71.5,-23.0408,-23.77622,-21.0266,-21.777151,-18.0969,-19.636066,-17.2729,-17.346916
71.6,-23.0103,-23.759508,-20.9351,-21.752892,-18.0054,-19.603045,-17.1204,-17.303455
71.7,-22.9187,-23.742828,-20.9045,-21.728678,-17.9749,-19.570084,-17.0593,-17.26006
71.8,-22.9492,-23.726177,-20.813,-21.704508,-17.8833,-19.537182,-16.9983,-17.216726
71.9,-22.8577,-23.709555,-20.7825,-21.68038,-17.8223,-19.504337,-16.9067,-17.17345
72.0,-22.8271,-23.692959,-20.6909,-21.656294,-17.7612,-19.471548,-16.8762,-17.13023
72.1,-22.7661,-23.676388,-20.6909,-21.632246,-17.6697,-19.43881,-16.7541,-17.08706
72.2,-22.7356,-23.659842,-20.5994,-21.608234,-17.6086,-19.406122,-16.6931,-17.04394
72.3,-22.7051,-23.643318,-20.5688,-21.584257,-17.5171,-19.373482,-16.5405,-17.000864
72.4,-22.6746,-23.626818,-20.4773,-21.560314,-17.4866,-19.340887,-16.4795,-16.95783
72.5,-22.583,-23.610336,-20.4163,-21.536402,-17.4255,-19.308334,-16.3879,-16.914837
72.6,-22.5525,-23.593876,-20.3552,-21.51252,-17.3035,-19.275824,-16.3269,-16.871878
72.7,-22.522,-23.577433,-20.3247,-21.488667,-17.2424,-19.243351,-16.2353,-16.828953
72.8,-22.522,-23.561007,-20.2637,-21.46484,-17.1509,-19.210917,-16.1438,-16.786057
72.9,-22.4915,-23.544596,-20.2637,-21.441038,-17.1204,-19.178516,-16.0217,-16.743189
73.0,-22.4304,-23.5282,-20.2026,-21.417261,-17.0288,-19.146149,-15.9302,-16.700344
73.1,-22.3389,-23.51182,-20.1416,-21.393505,-16.9373,-19.113811,-15.8081,-16.657522
73.2,-22.3389,-23.495451,-20.0806,-21.36977,-16.8762,-19.081503,-15.7776,-16.614717
73.3,-22.2473,-23.479094,-20.0195,-21.346056,-16.8152,-19.049221,-15.686,-16.57193
73.4,-22.2473,-23.462748,-19.9585,-21.32236,-16.7541,-19.016964,-15.564,-16.529156
73.5,-22.1558,-23.446411,-19.928,-21.29868,-16.6626,-18.984732,-15.4419,-16.486391
73.6,-22.1558,-23.430084,-19.8059,-21.275017,-16.6016,-18.95252,-15.3809,-16.443634
73.7,-22.1558,-23.413765,-19.7449,-21.251368,-16.571,-18.920328,-15.2588,-16.400883
73.80000000000001,-22.0947,-23.397453,-19.7144,-21.227732,-16.449,-18.888155,-15.1978,-16.358133
73.89999999999999,-22.0947,-23.38115,-19.6838,-21.20411,-16.3574,-18.855999,-15.0757,-16.315384
74.0,-22.0642,-23.364851,-19.6838,-21.180496,-16.2659,-18.823856,-14.9231,-16.272633
74.1,-22.0032,-23.348557,-19.6228,-21.156893,-16.1743,-18.791727,-14.8315,-16.229876
74.2,-21.9727,-23.332266,-19.5618,-21.133299,-16.1438,-18.75961,-14.7095,-16.18711
74.30000000000001,-21.8811,-23.315979,-19.4702,-21.109713,-16.0828,-18.727503,-14.679,-16.144337
74.39999999999999,-21.8811,-23.299694,-19.4702,-21.086132,-15.9607,-18.695404,-14.5569,-16.101551
74.5,-21.8506,-23.283411,-19.3787,-21.062557,-15.9607,-18.663313,-14.4653,-16.05875
74.6,-21.759,-23.267128,-19.3176,-21.038986,-15.8997,-18.631227,-14.3127,-16.015932
74.7,-21.759,-23.250847,-19.2566,-21.015419,-15.7471,-18.599146,-14.2822,-15.973094
74.80000000000001,-21.6675,-23.234564,-19.2261,-20.991854,-15.7166,-18.567068,-14.1296,-15.930233
74.89999999999999,-21.6064,-23.21828,-19.104,-20.96829,-15.6555,-18.53499,-14.0381,-15.887348
75.0,-21.698,-23.201996,-19.104,-20.944727,-15.4724,-18.502913,-13.9465,-15.844437
75.1,-21.6064,-23.185709,-19.043,-20.921164,-15.4114,-18.470835,-13.8245,-15.801496
75.2,-21.5759,-23.169418,-18.8904,-20.8976,-15.2588,-18.438753,-13.7329,-15.758523
75.30000000000001,-21.4844,-23.153124,-18.9209,-20.874033,-15.2893,-18.406668,-13.5803,-15.715517
75.39999999999999,-21.4539,-23.136826,-18.8293,-20.850464,-15.1062,-18.374577,-13.4888,-15.672475
75.5,-21.3928,-23.120522,-18.7683,-20.82689,-15.0757,-18.34248,-13.3667,-15.629395
75.6,-21.3623,-23.104214,-18.6462,-20.803312,-15.0146,-18.310375,-13.2141,-15.586273
75.7,-21.3013,-23.087898,-18.5852,-20.779728,-14.9231,-18.278261,-13.1531,-15.543109
75.80000000000001,-21.2708,-23.071577,-18.5852,-20.756138,-14.7705,-18.246136,-13.092,-15.4999
75.89999999999999,-21.2402,-23.055248,-18.5242,-20.73254,-14.6179,-18.213999,-13.0005,-15.456643
76.0,-21.1792,-23.038912,-18.4937,-20.708935,-14.5874,-18.18185,-12.8784,-15.413338
76.1,-21.1792,-23.022568,-18.4326,-20.685322,-14.4958,-18.149687,-12.7563,-15.36998
76.2,-21.1182,-23.006216,-18.3716,-20.6617,-14.4043,-18.117508,-12.6953,-15.326569
76.30000000000001,-21.0571,-22.989855,-18.3105,-20.638065,-14.4043,-18.085314,-12.5427,-15.2831
76.39999999999999,-21.0571,-22.973484,-18.1885,-20.614422,-14.2822,-18.053102,-12.4207,-15.2395735
76.5,-20.9961,-22.957104,-18.219,-20.590767,-14.1907,-18.020872,-12.3291,-15.195986
76.6,-20.9961,-22.940712,-18.1274,-20.567099,-14.0991,-17.988623,-12.207,-15.152335
76.7,-20.9045,-22.924309,-18.0359,-20.543417,-13.977,-17.956352,-12.085,-15.10862
76.8,-20.874,-22.907894,-18.0359,-20.519722,-13.855,-17.92406,-11.9934,-15.0648365
76.89999999999999,-20.8435,-22.891468,-17.9138,-20.496014,-13.8245,-17.891747,-11.8713,-15.020984
77.0,-20.752,-22.87503,-17.9138,-20.47229,-13.7024,-17.859407,-11.7798,-14.977059
77.10000000000001,-20.7214,-22.85858,-17.8528,-20.448551,-13.6414,-17.827044,-11.6272,-14.933061
77.2,-20.6604,-22.842115,-17.8223,-20.424797,-13.4888,-17.794655,-11.5356,-14.888986
77.3,-20.6299,-22.825638,-17.6697,-20.401026,-13.3972,-17.762238,-11.3831,-14.844831
77.39999999999999,-20.5383,-22.809147,-17.6086,-20.377237,-13.3057,-17.729794,-11.261,-14.800596
77.5,-20.5688,-22.792643,-17.6086,-20.35343,-13.1531,-17.69732,-11.0779,-14.756278
77.60000000000001,-20.5078,-22.776123,-17.4866,-20.329605,-13.092,-17.664818,-10.9558,-14.711875
77.7,-20.4773,-22.759588,-17.4561,-20.305761,-12.97,-17.632284,-10.8337,-14.667383
77.8,-20.4163,-22.743038,-17.4255,-20.281897,-12.9089,-17.599718,-10.7117,-14.622802
77.89999999999999,-20.3247,-22.726473,-17.334,-20.258013,-12.8174,-17.56712,-10.5591,-14.578128
78.0,-20.3857,-22.709892,-17.334,-20.234108,-12.7258,-17.534487,-10.4675,-14.53336
78.10000000000001,-20.2942,-22.693295,-17.3035,-20.210182,-12.6343,-17.50182,-10.3149,-14.488494
78.2,-20.2332,-22.67668,-17.2424,-20.186235,-12.5427,-17.469116,-10.1624,-14.443529
78.3,-20.2942,-22.660048,-17.1204,-20.162266,-12.4512,-17.436377,-10.0403,-14.398462
78.39999999999999,-20.1721,-22.643398,-17.1204,-20.138273,-12.2681,-17.403599,-9.94873,-14.3532915
78.5,-20.1416,-22.626732,-16.9678,-20.114258,-12.146,-17.370783,-9.73511,-14.308014
78.60000000000001,-20.1111,-22.610048,-16.9678,-20.09022,-11.9934,-17.337927,-9.61304,-14.262628
78.7,-20.05,-22.593346,-16.8762,-20.066156,-11.9324,-17.30503,-9.42993,-14.21713
78.8,-19.989,-22.576624,-16.7847,-20.042068,-11.8408,-17.272093,-9.30786,-14.171517
78.89999999999999,-19.989,-22.559883,-16.6931,-20.017956,-11.7493,-17.239113,-9.21631,-14.125789
79.0,-19.928,-22.543123,-16.6321,-19.993816,-11.5967,-17.20609,-9.00268,-14.079942
79.10000000000001,-19.8975,-22.526344,-16.571,-19.969652,-11.5051,-17.173025,-8.88061,-14.033973
79.2,-19.8669,-22.509546,-16.51,-19.945461,-11.3525,-17.139914,-8.69751,-13.98788
79.3,-19.8059,-22.49273,-16.449,-19.921244,-11.2305,-17.106756,-8.5144,-13.94166
79.39999999999999,-19.7754,-22.475891,-16.3574,-19.896997,-11.1084,-17.073553,-8.36182,-13.895311
79.5,-19.6838,-22.459032,-16.2964,-19.872725,-10.9558,-17.040302,-8.17871,-13.848831
79.60000000000001,-19.6228,-22.442152,-16.2353,-19.848423,-10.8643,-17.007002,-8.05664,-13.802217
79.69999999999999,-19.6228,-22.425251,-16.1743,-19.824093,-10.7422,-16.973652,-7.84302,-13.755465
79.8,-19.5618,-22.408329,-16.1438,-19.799734,-10.6506,-16.940252,-7.62939,-13.708572
79.9,-19.5312,-22.391386,-15.9912,-19.775347,-10.498,-16.906801,-7.44629,-13.661537
80.0,-19.4702,-22.374422,-15.9302,-19.750929,-10.4065,-16.873299,-7.23267,-13.614356
80.10000000000001,-19.4702,-22.357435,-15.8691,-19.72648,-10.2539,-16.839743,-7.01904,-13.567027
80.19999999999999,-19.3787,-22.340427,-15.8081,-19.702002,-10.1013,-16.806133,-6.83594,-13.5195465
80.3,-19.3176,-22.323397,-15.7166,-19.677492,-10.0403,-16.772469,-6.62231,-13.471912
80.4,-19.2871,-22.306343,-15.625,-19.65295,-9.88769,-16.738749,-6.43921,-13.424121
80.5,-19.2261,-22.289267,-15.5945,-19.628378,-9.73511,-16.704973,-6.16455,-13.376169
80.60000000000001,-19.165,-22.272167,-15.4724,-19.603773,-9.58252,-16.67114,-5.98144,-13.328053
80.69999999999999,-19.1345,-22.255045,-15.4419,-19.579136,-9.46045,-16.637249,-5.82886,-13.279772
80.8,-19.104,-22.2379,-15.3503,-19.554466,-9.33838,-16.603298,-5.58472,-13.23132
80.9,-19.0735,-22.22073,-15.2588,-19.529762,-9.21631,-16.569288,-5.40161,-13.182696
81.0,-19.0124,-22.203537,-15.1978,-19.505026,-9.0332,-16.535217,-5.15747,-13.133897
81.10000000000001,-18.9819,-22.18632,-15.1062,-19.480255,-8.88061,-16.501085,-4.94385,-13.084918
81.19999999999999,-18.9209,-22.169077,-15.0452,-19.45545,-8.81958,-16.46689,-4.69971,-13.035756
81.3,-18.8599,-22.151812,-14.9536,-19.43061,-8.63647,-16.432632,-4.42505,-12.986408
81.4,-18.8599,-22.134521,-14.9231,-19.405735,-8.48389,-16.39831,-4.21143,-12.936872
81.5,-18.7988,-22.117207,-14.801,-19.380825,-8.3313,-16.363922,-4.05884,-12.887141
81.60000000000001,-18.7683,-22.099867,-14.74,-19.355879,-8.17871,-16.329468,-3.78418,-12.837214
81.69999999999999,-18.7073,-22.0825,-14.7095,-19.330896,-8.02612,-16.294947,-3.54004,-12.787088
81.8,-18.6462,-22.06511,-14.5874,-19.305878,-7.8125,-16.260359,-3.35693,-12.736758
81.9,-18.6157,-22.047693,-14.4958,-19.280823,-7.62939,-16.225702,-3.05176,-12.68622
82.0,-18.5852,-22.03025,-14.4043,-19.25573,-7.47681,-16.190975,-2.83813,-12.63547
82.10000000000001,-18.5547,-22.012783,-14.2822,-19.2306,-7.32422,-16.156178,-2.65503,-12.584505
82.19999999999999,-18.5242,-21.995289,-14.2212,-19.205433,-7.20215,-16.121307,-2.34985,-12.53332
82.3,-18.4326,-21.977768,-14.1296,-19.180227,-6.98852,-16.086365,-2.0752,-12.481913
82.4,-18.3411,-21.960222,-14.0686,-19.154984,-6.80542,-16.05135,-1.7395,-12.430277
82.5,-18.3105,-21.94265,-14.0381,-19.129702,-6.62231,-16.01626,-1.49536,-12.378409
82.60000000000001,-18.28,-21.92505,-13.9465,-19.10438,-6.40869,-15.981095,-1.19019,-12.326305
82.69999999999999,-18.219,-21.907425,-13.8855,-19.07902,-6.2561,-15.945854,-0.88501,-12.273961
82.8,-18.1885,-21.889772,-13.8855,-19.05362,-6.073,-15.910536,-0.579834,-12.221372
82.9,-18.1274,-21.872091,-13.7634,-19.02818,-5.85937,-15.875139,-0.305176,-12.168532
83.0,-18.0664,-21.854383,-13.6719,-19.002699,-5.64575,-15.8396635,0.0305176,-12.115438
83.1,-18.0664,-21.836649,-13.6414,-18.977179,-5.46265,-15.804108,0.335693,-12.062085
83.2,-18.0359,-21.818886,-13.5193,-18.951616,-5.24902,-15.768471,0.671387,-12.008468
83.3,-17.9749,-21.801096,-13.3972,-18.926014,-5.09644,-15.732752,1.00708,-11.954581
83.4,-17.9138,-21.783278,-13.3667,-18.90037,-4.85229,-15.69695,1.34277,-11.90042
83.5,-17.8528,-21.76543,-13.3057,-18.874683,-4.66919,-15.661064,1.70898,-11.845981
83.6,-17.7917,-21.747557,-13.2141,-18.848955,-4.45557,-15.625093,2.10571,-11.791256
83.7,-17.7612,-21.729654,-13.1531,-18.823185,-4.27246,-15.589036,2.47192,-11.73624
83.8,-17.7307,-21.711723,-13.092,-18.79737,-4.05884,-15.552892,2.83813,-11.680929
83.9,-17.6697,-21.693764,-12.97,-18.771515,-3.84521,-15.516659,3.26538,-11.625317
84.0,-17.6392,-21.675776,-12.9395,-18.745615,-3.66211,-15.480337,3.66211,-11.569397
84.1,-17.6086,-21.657759,-12.8174,-18.719671,-3.41797,-15.443925,4.05884,-11.513164
84.2,-17.5781,-21.639713,-12.6953,-18.693684,-3.17383,-15.407421,4.54712,-11.456611
84.3,-17.5171,-21.621637,-12.6953,-18.667652,-2.89917,-15.370825,4.97436,-11.399732
84.4,-17.4255,-21.603533,-12.6038,-18.641577,-2.62451,-15.334135,5.37109,-11.342521
84.5,-17.3645,-21.5854,-12.5122,-18.615456,-2.41089,-15.297351,5.92041,-11.28497
84.6,-17.3035,-21.567236,-12.4512,-18.589289,-2.19727,-15.26047,6.37817,-11.227075
84.7,-17.2424,-21.549044,-12.3291,-18.563078,-1.89209,-15.223493,6.92749,-11.168826
84.8,-17.2119,-21.53082,-12.207,-18.536821,-1.58691,-15.186417,7.41577,-11.110218
84.9,-17.1814,-21.51257,-12.1155,-18.510517,-1.37329,-15.149241,7.93457,-11.051243
85.0,-17.0898,-21.494287,-12.0239,-18.484167,-1.06812,-15.111966,8.42285,-10.991893
85.1,-17.0288,-21.475975,-11.9629,-18.457771,-0.732422,-15.074589,8.88061,-10.93216
85.2,-16.9983,-21.457632,-11.8713,-18.431328,-0.427246,-15.037108,9.49097,-10.872038
85.3,-16.9678,-21.439259,-11.8103,-18.404837,-0.12207,-14.999524,10.0098,-10.811518
85.4,-16.8762,-21.420855,-11.6882,-18.378298,0.183105,-14.961834,10.6201,-10.75059
85.5,-16.8152,-21.40242,-11.5967,-18.351711,0.518799,-14.924037,11.1694,-10.689248
85.6,-16.7541,-21.383955,-11.4746,-18.325077,0.88501,-14.886132,11.7798,-10.627482
85.7,-16.7541,-21.36546,-11.3831,-18.298393,1.19019,-14.848119,12.3901,-10.565284
85.8,-16.6321,-21.346933,-11.261,-18.271662,1.5564,-14.809995,13.031,-10.502643
85.9,-16.6016,-21.328377,-11.1389,-18.24488,1.89209,-14.771758,13.6108,-10.439549
86.0,-16.51,-21.309788,-11.0168,-18.21805,2.31934,-14.733409,14.2517,-10.375995
86.1,-16.51,-21.291168,-10.9253,-18.19117,2.65503,-14.694945,14.8621,-10.311969
86.2,-16.449,-21.272518,-10.8032,-18.16424,3.05176,-14.656365,15.5334,-10.247461
86.3,-16.3879,-21.253836,-10.7727,-18.137259,3.41797,-14.617668,16.1438,-10.182461
86.4,-16.2964,-21.235123,-10.6201,-18.110228,3.78418,-14.578852,16.8152,-10.116957
86.5,-16.2964,-21.216377,-10.5591,-18.083145,4.21143,-14.539915,17.4255,-10.050938
86.6,-16.2048,-21.1976,-10.4675,-18.056011,4.69971,-14.500857,18.0054,-9.984392
86.7,-16.1743,-21.178791,-10.3149,-18.028826,5.15747,-14.461676,18.5852,-9.917308
86.8,-16.1133,-21.15995,-10.2234,-18.001589,5.5542,-14.42237,19.1956,-9.849672
86.9,-16.0828,-21.141077,-10.1013,-17.974298,6.10352,-14.382937,19.7144,-9.781473
87.0,-16.0217,-21.122171,-10.0098,-17.946957,6.56128,-14.343377,20.2332,-9.712697
87.1,-15.9912,-21.103233,-9.94873,-17.919561,7.08008,-14.303688,20.7825,-9.643331
87.2,-15.9607,-21.084263,-9.85718,-17.892113,7.53784,-14.263867,21.3013,-9.5733595
87.3,-15.8691,-21.06526,-9.70459,-17.86461,8.08716,-14.223914,21.7895,-9.502769
87.4,-15.7776,-21.046225,-9.64355,-17.837053,8.60596,-14.183826,22.2473,-9.431545
87.5,-15.7471,-21.027157,-9.42993,-17.809443,9.15527,-14.143603,22.6135,-9.359672
87.6,-15.686,-21.008057,-9.33838,-17.781776,9.64355,-14.103242,22.9187,-9.287132
87.7,-15.625,-20.988924,-9.24683,-17.754055,10.1929,-14.062741,23.1323,-9.213912
87.8,-15.5945,-20.969757,-9.15527,-17.726278,10.8032,-14.0220995,23.3765,-9.139993
87.9,-15.564,-20.950558,-9.00268,-17.698446,11.3831,-13.981315,23.5901,-9.065357
88.0,-15.564,-20.931326,-8.8501,-17.670559,11.9934,-13.940385,23.7122,-8.989987
88.1,-15.4419,-20.91206,-8.72803,-17.642614,12.5732,-13.899309,23.7732,-8.913864
88.2,-15.3809,-20.892761,-8.63647,-17.614613,13.2141,-13.858085,23.8342,-8.836968
88.3,-15.3503,-20.873428,-8.48389,-17.586555,13.8245,-13.8167095,23.8342,-8.75928
88.4,-15.1978,-20.854061,-8.36182,-17.55844,14.4043,-13.775182,23.8342,-8.6807785
88.5,-15.1978,-20.834661,-8.23975,-17.530266,15.0452,-13.7335,23.7122,-8.601441
88.6,-15.1062,-20.815228,-8.11767,-17.502035,15.6555,-13.691661,23.5596,-8.521247
88.7,-15.1062,-20.79576,-7.9956,-17.473745,16.2048,-13.649664,23.3765,-8.440172
88.8,-15.0146,-20.776257,-7.87353,-17.445396,16.8152,-13.607506,23.0408,-8.358193
88.9,-14.9841,-20.75672,-7.72095,-17.416988,17.4255,-13.565186,22.7356,-8.275285
89.0,-14.8621,-20.73715,-7.56836,-17.388521,18.0054,-13.5227,22.3389,-8.191421
89.1,-14.8315,-20.717546,-7.44629,-17.359993,18.5852,-13.480047,21.9727,-8.106575
89.2,-14.7705,-20.697908,-7.2937,-17.331404,19.1956,-13.437225,21.5759,-8.02072
89.30000000000001,-14.74,-20.678234,-7.17163,-17.302755,19.7754,-13.394232,21.2402,-7.9338255
89.39999999999999,-14.6484,-20.658525,-6.98852,-17.274046,20.3247,-13.351064,20.813,-7.8458633
89.5,-14.5874,-20.638783,-6.89697,-17.245274,20.8435,-13.307719,20.3552,-7.7568016
89.6,-14.4958,-20.619005,-6.65283,-17.21644,21.3318,-13.264195,19.8669,-7.666608
89.7,-14.4653,-20.599194,-6.46973,-17.187544,21.9116,-13.22049,19.3787,-7.5752487
89.80000000000001,-14.3738,-20.579346,-6.31714,-17.158585,22.3389,-13.176601,18.8293,-7.482689
89.89999999999999,-14.3127,-20.559464,-6.13403,-17.129562,22.7966,-13.132525,18.28,-7.388892
90.0,-14.2212,-20.539545,-5.98144,-17.100475,23.1323,-13.088261,17.6697,-7.293821
90.1,-14.1602,-20.519592,-5.79834,-17.071325,23.4375,-13.043804,16.9983,-7.1974354
90.2,-14.0991,-20.499603,-5.58472,-17.04211,23.7122,-12.999153,16.3269,-7.099695
90.30000000000001,-14.0381,-20.47958,-5.49316,-17.01283,23.9258,-12.954305,15.7166,-7.000557
90.39999999999999,-13.977,-20.45952,-5.24902,-16.983486,24.1699,-12.909255,15.1062,-6.8999763
90.5,-13.855,-20.439425,-5.06592,-16.954075,24.292,-12.864002,14.4043,-6.797907
90.6,-13.7939,-20.419294,-4.85229,-16.924599,24.4141,-12.818543,13.7024,-6.6942997
90.7,-13.7634,-20.399128,-4.63867,-16.895056,24.4446,-12.772876,12.9395,-6.5891047
90.80000000000001,-13.7024,-20.378925,-4.48608,-16.865444,24.4141,-12.726995,12.2681,-6.4822693
90.89999999999999,-13.6719,-20.358686,-4.21143,-16.835766,24.3835,-12.6809,11.5051,-6.373738
91.0,-13.5498,-20.338411,-3.96728,-16.806019,24.2004,-12.634584,10.8032,-6.263453
91.1,-13.5193,-20.3181,-3.69263,-16.776203,23.9258,-12.588048,9.97925,-6.151355
91.2,-13.4583,-20.297752,-3.50952,-16.746319,23.6816,-12.5412855,9.21631,-6.03738
91.30000000000001,-13.3667,-20.277369,-3.23486,-16.716366,23.3459,-12.494294,8.39233,-5.9214635
91.39999999999999,-13.2446,-20.256948,-3.05176,-16.686342,23.0713,-12.44707,7.53784,-5.803536
91.5,-13.1836,-20.23649,-2.7771,-16.656248,22.7966,-12.3996105,6.65283,-5.6835256
91.6,-13.1226,-20.215996,-2.56348,-16.626083,22.3999,-12.351911,5.85937,-5.561357
91.7,-13.031,-20.195465,-2.31934,-16.595848,21.9727,-12.303967,4.94385,-5.436951
91.80000000000001,-12.9089,-20.174896,-2.04468,-16.56554,21.4539,-12.255777,4.05884,-5.3102255
91.89999999999999,-12.8479,-20.154291,-1.7395,-16.53516,20.9656,-12.207335,3.08228,-5.1810937
92.0,-12.6953,-20.133648,-1.49536,-16.504707,20.4468,-12.158638,2.13623,-5.0494647
92.1,-12.6648,-20.112968,-1.28174,-16.47418,19.8975,-12.109681,1.15967,-4.9152436
92.2,-12.5732,-20.09225,-0.946045,-16.443579,19.2871,-12.060461,0.183105,-4.7783303
92.3,-12.5122,-20.071497,-0.671387,-16.412903,18.7073,-12.010973,-0.823975,-4.6386204
92.39999999999999,-12.4817,-20.050705,-0.396728,-16.382153,18.0969,-11.961212,-1.77002,-4.4960036
92.5,-12.3901,-20.029875,-0.0915527,-16.351326,17.4561,-11.911175,-2.74658,-4.3503647
92.60000000000001,-12.2681,-20.009007,0.213623,-16.320423,16.8457,-11.860855,-3.72314,-4.2015824
92.7,-12.207,-19.988102,0.427246,-16.289444,16.1743,-11.810249,-4.66919,-4.0495296
92.8,-12.1155,-19.96716,0.762939,-16.258387,15.4724,-11.759353,-5.61523,-3.8940728
92.89999999999999,-12.0544,-19.946178,1.09863,-16.227251,14.7705,-11.708159,-6.53076,-3.7350714
93.0,-11.9629,-19.92516,1.43433,-16.196037,14.0381,-11.656665,-7.47681,-3.5723782
93.10000000000001,-11.8408,-19.9041,1.7395,-16.164745,13.3057,-11.604864,-8.39233,-3.4058378
93.2,-11.7798,-19.883003,2.01416,-16.133373,12.4817,-11.552752,-9.18579,-3.2352874
93.3,-11.6882,-19.861868,2.31934,-16.101921,11.5967,-11.500321,-10.0708,-3.060556
93.39999999999999,-11.5662,-19.840694,2.68555,-16.070387,10.8337,-11.447569,-10.8643,-2.8814638
93.5,-11.5051,-19.81948,3.02124,-16.03877,10.0403,-11.394487,-11.6577,-2.6978219
93.60000000000001,-11.4136,-19.79823,3.41797,-16.007072,9.15527,-11.341071,-12.3901,-2.5094316
93.7,-11.2915,-19.77694,3.75366,-15.975292,8.30078,-11.287314,-13.1531,-2.3160849
93.8,-11.2,-19.75561,4.11987,-15.943428,7.41577,-11.233211,-13.855,-2.1175628
93.89999999999999,-11.0779,-19.734241,4.54712,-15.91148,6.56128,-11.178754,-14.5264,-1.9136357
94.0,-11.0474,-19.712833,4.94385,-15.879447,5.61523,-11.123937,-15.1672,-1.7040629
94.10000000000001,-10.9253,-19.691385,5.27954,-15.847328,4.60815,-11.068753,-15.7471,-1.4885918
94.2,-10.8337,-19.669899,5.7373,-15.815123,3.69263,-11.013196,-16.3574,-1.2669578
94.3,-10.6812,-19.648373,6.16455,-15.78283,2.62451,-10.957258,-16.8457,-1.0388837
94.39999999999999,-10.6506,-19.626806,6.5918,-15.75045,1.64795,-10.900932,-17.395,-0.8040798
94.5,-10.498,-19.6052,7.1106,-15.717981,0.579834,-10.844212,-17.8223,-0.56224304
94.60000000000001,-10.437,-19.583553,7.62939,-15.685424,-0.366211,-10.787087,-18.3411,-0.31305665
94.7,-10.3149,-19.561867,8.05664,-15.652777,-1.37329,-10.729552,-18.7378,-0.056190103
94.8,-10.1929,-19.54014,8.57544,-15.620039,-2.38037,-10.671598,-19.1956,0.20870122
94.89999999999999,-10.1013,-19.518373,9.0332,-15.58721,-3.38745,-10.613217,-19.5312,0.48197618
95.0,-10.0403,-19.496565,9.552,-15.554288,-4.36401,-10.5544,-19.8975,0.76400816
95.10000000000001,-9.94873,-19.474716,10.0708,-15.521273,-5.37109,-10.495138,-20.1416,1.0551853
95.2,-9.76562,-19.452827,10.5896,-15.488164,-6.34766,-10.435422,-20.4773,1.3559105
95.3,-9.70459,-19.430897,11.1694,-15.454961,-7.32422,-10.375242,-20.752,1.6666011
95.4,-9.52148,-19.408926,11.7187,-15.421662,-8.27026,-10.3145895,-20.9961,1.987689
95.5,-9.42993,-19.386913,12.3291,-15.3882675,-9.18579,-10.253454,-21.2402,2.3196197
95.60000000000001,-9.30786,-19.36486,12.9089,-15.354775,-10.0708,-10.191826,-21.4539,2.662852
95.69999999999999,-9.18579,-19.342766,13.5193,-15.321185,-10.9863,-10.129694,-21.698,3.0178566
95.8,-9.09424,-19.32063,14.1296,-15.287496,-11.7798,-10.067048,-21.8811,3.3851142
95.9,-8.94165,-19.29845,14.74,-15.253707,-12.6038,-10.003877,-22.0337,3.7651129
96.0,-8.81958,-19.276232,15.3503,-15.219817,-13.3057,-9.940167,-22.2168,4.1583457
96.10000000000001,-8.66699,-19.253971,15.9302,-15.185826,-14.0686,-9.87591,-22.3694,4.565305
96.19999999999999,-8.54492,-19.231668,16.5405,-15.151732,-14.74,-9.81109,-22.522,4.9864793
96.3,-8.42285,-19.209324,17.1509,-15.117536,-15.4419,-9.745698,-22.644,5.4223423
96.4,-8.36182,-19.186935,17.8528,-15.083234,-16.0828,-9.679719,-22.7051,5.8733487
96.5,-8.23975,-19.164505,18.4631,-15.048827,-16.6626,-9.613139,-22.8271,6.339922
96.60000000000001,-8.14819,-19.142033,19.043,-15.014314,-17.3035,-9.545946,-22.8882,6.822443
96.69999999999999,-8.02612,-19.119516,19.6533,-14.979692,-17.7612,-9.478125,-23.0408,7.321235
96.8,-7.8125,-19.096958,20.2942,-14.944963,-18.28,-9.409659,-23.1628,7.836549
96.9,-7.69043,-19.074356,20.874,-14.910125,-18.7683,-9.340536,-23.1934,8.368544
97.0,-7.50732,-19.051712,21.4539,-14.875175,-19.165,-9.270739,-23.2849,8.917265
97.10000000000001,-7.35474,-19.029024,21.9421,-14.840115,-19.5618,-9.200251,-23.2849,9.482626
97.19999999999999,-7.20215,-19.006292,22.4304,-14.804941,-19.928,-9.129056,-23.407,10.064379
97.3,-7.08008,-18.983519,22.8882,-14.769653,-20.3247,-9.057137,-23.4375,10.662088
97.4,-6.86645,-18.960701,23.2849,-14.734251,-20.6299,-8.984474,-23.468,11.275109
97.5,-6.74438,-18.93784,23.6206,-14.698732,-20.9961,-8.911051,-23.4985,11.9025545
97.60000000000001,-6.5918,-18.914934,23.9258,-14.663096,-21.2708,-8.836847,-23.5291,12.54327
97.69999999999999,-6.40869,-18.891985,24.2615,-14.627342,-21.5454,-8.761844,-23.4985,13.19581
97.8,-6.2561,-18.86899,24.5056,-14.591468,-21.7285,-8.686019,-23.5291,13.858417
97.9,-6.073,-18.845951,24.6277,-14.555472,-22.0032,-8.609351,-23.5901,14.529001
98.0,-5.88989,-18.822868,24.8108,-14.519355,-22.2473,-8.531818,-23.5901,15.20514
98.10000000000001,-5.67627,-18.79974,24.8413,-14.483114,-22.4304,-8.453399,-23.5291,15.884069
98.19999999999999,-5.49316,-18.776567,24.8413,-14.446749,-22.644,-8.374067,-23.4985,16.562696
98.3,-5.27954,-18.75335,24.8108,-14.410257,-22.7966,-8.293799,-23.4985,17.23762
98.4,-5.12695,-18.730085,24.6582,-14.373638,-22.9797,-8.212569,-23.5291,17.905163
98.5,-4.91333,-18.706778,24.5361,-14.33689,-23.1018,-8.130351,-23.5596,18.561417
98.6,-4.73022,-18.683424,24.353,-14.300013,-23.2239,-8.047116,-23.4985,19.202301
98.7,-4.5166,-18.660025,24.0173,-14.263003,-23.407,-7.962837,-23.4985,19.823624
98.8,-4.3335,-18.63658,23.7122,-14.225861,-23.5291,-7.8774834,-23.468,20.421164
98.9,-4.15039,-18.613089,23.407,-14.188583,-23.6511,-7.7910237,-23.407,20.990742
99.0,-3.93677,-18.58955,22.9797,-14.151171,-23.7122,-7.7034264,-23.4375,21.528313
99.1,-3.72314,-18.565966,22.6746,-14.113621,-23.8342,-7.6146574,-23.3765,22.030037
99.2,-3.479,-18.542336,22.2168,-14.075932,-23.9563,-7.5246825,-23.3459,22.492365
99.3,-3.26538,-18.518658,21.759,-14.038102,-24.0478,-7.433465,-23.3459,22.912102
99.4,-3.08228,-18.494932,21.2402,-14.000131,-24.0478,-7.340967,-23.3459,23.286467
99.5,-2.7771,-18.47116,20.6909,-13.962015,-24.1394,-7.24715,-23.2849,23.613148
99.6,-2.53296,-18.447342,20.1416,-13.923755,-24.1394,-7.1519723,-23.3154,23.890331
99.7,-2.31934,-18.423475,19.5923,-13.885346,-24.1699,-7.055392,-23.2544,24.116724
99.8,-2.10571,-18.39956,19.043,-13.846789,-24.231,-6.9573636,-23.1934,24.291565
99.9,-1.89209,-18.375599,18.3716,-13.808082,-24.231,-6.857842,-23.1934,24.414618
100.0,-1.61743,-18.35159,17.7612,-13.769222,-24.292,-6.756778,-23.1628,24.486156
100.1,-1.28174,-18.327532,17.1204,-13.730208,-24.2615,-6.654121,-23.1628,24.506935
100.2,-1.0376,-18.303425,16.3879,-13.691038,-24.3225,-6.549819,-23.1018,24.478153
100.3,-0.762939,-18.27927,15.7166,-13.6517105,-24.3225,-6.443816,-23.0103,24.401405
100.4,-0.488281,-18.255066,15.0146,-13.612223,-24.353,-6.3360558,-23.0408,24.278637
100.5,-0.183105,-18.230814,14.2822,-13.572574,-24.3835,-6.226477,-22.9492,24.112085
100.6,0.12207,-18.206512,13.5193,-13.532761,-24.3835,-6.115018,-22.8271,23.904222
100.7,0.488281,-18.182161,12.7258,-13.492782,-24.3835,-6.0016117,-22.8577,23.6577
100.8,0.793457,-18.15776,11.9324,-13.452635,-24.353,-5.8861904,-22.7966,23.375286
100.9,1.09863,-18.13331,11.1389,-13.412318,-24.3835,-5.7686815,-22.7356,23.05982
101.0,1.49536,-18.10881,10.2234,-13.371829,-24.3835,-5.64901,-22.6746,22.714155
101.1,1.7395,-18.084259,9.3689,-13.331166,-24.3835,-5.5270967,-22.6135,22.341116
101.2,2.0752,-18.059658,8.48389,-13.290326,-24.3835,-5.4028587,-22.6135,21.943453
101.3,2.44141,-18.035006,7.59888,-13.249308,-24.353,-5.27621,-22.522,21.523815
101.4,2.83813,-18.010303,6.68335,-13.208108,-24.3225,-5.1470585,-22.4609,21.084717
101.5,3.23486,-17.98555,5.67627,-13.166724,-24.292,-5.0153093,-22.4915,20.628515
101.6,3.54004,-17.960745,4.79126,-13.1251545,-24.2004,-4.880862,-22.4304,20.157394
101.7,3.93677,-17.935888,3.8147,-13.083397,-24.1699,-4.7436123,-22.3389,19.673353
101.8,4.39453,-17.91098,2.7771,-13.041448,-24.1089,-4.603449,-22.2778,19.1782
101.9,4.82178,-17.88602,1.80054,-12.999305,-24.0784,-4.4602566,-22.2168,18.673548
102.0,5.21851,-17.861008,0.762939,-12.956966,-24.0784,-4.313913,-22.1863,18.160818
102.1,5.61523,-17.835943,-0.335693,-12.914429,-24.0173,-4.1642904,-22.0947,17.641245
102.2,6.10352,-17.810825,-1.31226,-12.87169,-23.9258,-4.0112543,-22.0947,17.11588
102.3,6.53076,-17.785654,-2.34985,-12.828746,-23.9258,-3.854663,-22.0642,16.585602
102.4,6.98852,-17.76043,-3.44849,-12.785595,-23.8342,-3.694368,-22.0337,16.051134
102.5,7.47681,-17.735151,-4.45557,-12.742233,-23.8647,-3.5302126,-21.9116,15.513044
102.6,7.9956,-17.70982,-5.49316,-12.698659,-23.7732,-3.362033,-21.8811,14.971764
102.7,8.54492,-17.684435,-6.56128,-12.654868,-23.7427,-3.1896555,-21.8201,14.427597
102.8,9.00268,-17.658995,-7.56836,-12.610858,-23.6816,-3.0128987,-21.759,13.880736
102.9,9.552,-17.633501,-8.54492,-12.566625,-23.6511,-2.8315709,-21.698,13.331271
103.0,10.0708,-17.607952,-9.552,-12.522165,-23.6511,-2.645471,-21.6675,12.779201
103.1,10.6201,-17.582348,-10.437,-12.477477,-23.5901,-2.4543877,-21.6064,12.224444
103.2,11.1694,-17.556688,-11.3831,-12.432556,-23.5596,-2.2580981,-21.6064,11.666855
103.3,11.7798,-17.530973,-12.146,-12.3874,-23.5291,-2.0563686,-21.5149,11.106225
103.4,12.3291,-17.505203,-13.031,-12.342003,-23.4985,-1.8489537,-21.4539,10.542301
103.5,12.9089,-17.479378,-13.855,-12.296363,-23.468,-1.6355956,-21.3623,9.974793
103.6,13.5193,-17.453495,-14.6484,-12.250476,-23.407,-1.4160234,-21.3623,9.403383
103.7,14.1296,-17.427555,-15.3503,-12.204338,-23.3459,-1.1899533,-21.2708,8.827734
103.8,14.801,-17.40156,-16.0217,-12.157946,-23.2849,-0.95708776,-21.2097,8.247502
103.9,15.3503,-17.375505,-16.6931,-12.111294,-23.2239,-0.7171149,-21.1487,7.662349
104.0,16.0217,-17.349394,-17.2729,-12.06438,-23.1628,-0.4697086,-21.0876,7.071948
104.1,16.6626,-17.323225,-17.8833,-12.017199,-23.1018,-0.21452731,-21.0571,6.4760003
104.2,17.334,-17.296999,-18.4937,-11.969746,-23.1018,0.048785478,-20.9656,5.8742447
104.3,17.9443,-17.270714,-18.9819,-11.922017,-23.0408,0.32060206,-20.9045,5.266472
104.4,18.5242,-17.24437,-19.5312,-11.874008,-22.9797,0.6013106,-20.8435,4.652537
104.5,19.165,-17.217966,-19.989,-11.825715,-22.8577,0.8913157,-20.813,4.0323744
104.6,19.7144,-17.191504,-20.4468,-11.777132,-22.8271,1.191038,-20.7825,3.4060113
104.7,20.3552,-17.164982,-20.813,-11.728255,-22.7966,1.5009147,-20.6299,2.773579
104.80000000000001,20.874,-17.1384,-21.1792,-11.679079,-22.7356,1.8213993,-20.5994,2.135322
104.89999999999999,21.4233,-17.111755,-21.5149,-11.629599,-22.7356,2.1529617,-20.5383,1.4916059
105.0,21.9116,-17.085052,-21.9116,-11.579808,-22.6746,2.4960866,-20.4468,0.8429177
105.1,22.3083,-17.058289,-22.1863,-11.529703,-22.644,2.8512738,-20.3857,0.18986511
105.2,22.7356,-17.031462,-22.4609,-11.479278,-22.583,3.219036,-20.3247,-0.46683025
105.30000000000001,23.1323,-17.004574,-22.7356,-11.428526,-22.5525,3.599897,-20.3247,-1.1263385
105.39999999999999,23.468,-16.977625,-23.0103,-11.377443,-22.522,3.9943879,-20.3552,-1.787726
105.5,23.7732,-16.950613,-23.2239,-11.326023,-22.4304,4.403044,-20.2332,-2.4499602
105.6,24.0173,-16.923538,-23.4985,-11.274259,-22.3694,4.8264003,-20.2026,-3.1119142
105.7,24.1699,-16.8964,-23.7122,-11.222145,-22.3999,5.2649827,-20.0806,-3.772371
105.80000000000001,24.292,-16.869198,-23.8342,-11.169675,-22.3389,5.7193017,-19.989,-4.4300337
105.89999999999999,24.4446,-16.841932,-24.0478,-11.116842,-22.2168,6.1898417,-19.9585,-5.083538
106.0,24.5056,-16.814602,-24.231,-11.06364,-22.2168,6.6770487,-19.8364,-5.731473
106.1,24.5361,-16.787207,-24.3225,-11.010061,-22.1558,7.181316,-19.8059,-6.3724003
106.2,24.4751,-16.759747,-24.4446,-10.9560995,-22.0947,7.7029686,-19.8059,-7.004883
106.30000000000001,24.3225,-16.732222,-24.5972,-10.901747,-22.0032,8.242243,-19.7144,-7.627509
106.39999999999999,24.1394,-16.70463,-24.6887,-10.846996,-21.9727,8.799266,-19.6533,-8.238922
106.5,23.9868,-16.676971,-24.7498,-10.79184,-22.0032,9.374031,-19.6533,-8.837841
106.6,23.6816,-16.649246,-24.9023,-10.73627,-21.9727,9.966372,-19.5618,-9.423087
106.7,23.3765,-16.621454,-24.9634,-10.680278,-21.9116,10.575932,-19.5007,-9.993597
106.80000000000001,22.9797,-16.593596,-24.9939,-10.623856,-21.8811,11.202137,-19.4397,-10.548441
106.89999999999999,22.5525,-16.565668,-25.0549,-10.566995,-21.759,11.844167,-19.4702,-11.086829
107.0,22.1863,-16.537672,-25.116,-10.509686,-21.7285,12.500918,-19.3787,-11.608118
107.1,21.8201,-16.509607,-25.238,-10.451921,-21.698,13.170983,-19.3481,-12.11181
107.2,21.4233,-16.481474,-25.2686,-10.393691,-21.698,13.852621,-19.2566,-12.597548
107.30000000000001,20.9656,-16.45327,-25.3296,-10.334985,-21.5759,14.543737,-19.1956,-13.065111
107.39999999999999,20.4163,-16.424997,-25.3906,-10.275793,-21.5454,15.241873,-19.165,-13.514406
107.5,19.8669,-16.396654,-25.3906,-10.216105,-21.4844,15.944197,-19.0735,-13.945455
107.6,19.3481,-16.368238,-25.3906,-10.155911,-21.4844,16.647514,-19.0124,-14.358382
107.7,18.7988,-16.339752,-25.4822,-10.095201,-21.4844,17.34829,-18.9819,-14.753405
107.80000000000001,18.28,-16.311193,-25.4211,-10.033961,-21.3928,18.042671,-18.9819,-15.130817
107.89999999999999,17.7307,-16.282562,-25.4822,-9.972183,-21.3623,18.726542,-18.8599,-15.49098
108.0,17.1204,-16.253857,-25.5127,-9.909853,-21.2708,19.395575,-18.7988,-15.834309
108.10000000000001,16.51,-16.225079,-25.5127,-9.846959,-21.2402,20.045311,-18.7378,-16.161263
108.2,15.8386,-16.196226,-25.5127,-9.783489,-21.1792,20.671232,-18.7378,-16.472332
108.3,15.1672,-16.1673,-25.4822,-9.71943,-21.1487,21.268852,-18.5852,-16.768036
108.39999999999999,14.4043,-16.138296,-25.4517,-9.654768,-21.1182,21.833805,-18.5547,-17.048908
108.5,13.6719,-16.109219,-25.4517,-9.589489,-21.0876,22.361937,-18.5852,-17.315495
108.60000000000001,12.9089,-16.080065,-25.5127,-9.523579,-21.0571,22.849386,-18.4631,-17.568342
108.7,12.1765,-16.050835,-25.4822,-9.457023,-21.0266,23.292667,-18.3716,-17.808
108.8,11.4136,-16.021526,-25.4517,-9.389806,-20.9045,23.688736,-18.3411,-18.035013
108.89999999999999,10.6201,-15.99214,-25.4517,-9.321913,-20.8435,24.035044,-18.2495,-18.249918
109.0,9.76562,-15.962675,-25.4211,-9.253326,-20.7825,24.329575,-18.219,-18.453238
109.10000000000001,8.94165,-15.933131,-25.4211,-9.18403,-20.7825,24.57088,-18.1885,-18.645487
109.2,8.08716,-15.903508,-25.4211,-9.114006,-20.7214,24.758083,-18.0969,-18.827164
109.3,7.23267,-15.873804,-25.4211,-9.043237,-20.6299,24.890873,-18.0359,-18.998753
109.39999999999999,6.2561,-15.84402,-25.3601,-8.971704,-20.6604,24.969498,-18.0054,-19.160719
109.5,5.37109,-15.814154,-25.3296,-8.899386,-20.5383,24.994726,-17.9138,-19.31351
109.60000000000001,4.42505,-15.784205,-25.2686,-8.826266,-20.5078,24.967812,-17.8833,-19.457563
109.7,3.41797,-15.754174,-25.2686,-8.752322,-20.5078,24.890442,-17.8223,-19.593288
109.8,2.44141,-15.72406,-25.238,-8.677532,-20.3857,24.764685,-17.7917,-19.721087
109.89999999999999,1.49536,-15.693862,-25.2075,-8.601874,-20.3857,24.592932,-17.7612,-19.841335
110.0,0.427246,-15.663579,-25.2075,-8.525326,-20.3247,24.37783,-17.6697,-19.9544
110.10000000000001,-0.549316,-15.633211,-25.2075,-8.447863,-20.2332,24.122223,-17.6392,-20.060625
110.2,-1.58691,-15.6027565,-25.1465,-8.36946,-20.1721,23.82908,-17.5476,-20.160343
110.3,-2.65503,-15.572215,-25.116,-8.290092,-20.1721,23.501451,-17.4866,-20.253868
110.39999999999999,-3.69263,-15.541587,-25.0549,-8.209732,-20.1111,23.1424,-17.4561,-20.3415
110.5,-4.76074,-15.51087,-25.0549,-8.128352,-20.0195,22.754957,-17.395,-20.423525
110.60000000000001,-5.82886,-15.480064,-25.0244,-8.045924,-19.9585,22.342075,-17.395,-20.500214
110.7,-6.89697,-15.449169,-24.9329,-7.9624176,-19.9585,21.906591,-17.3035,-20.571825
110.8,-7.96509,-15.418184,-24.9329,-7.877802,-19.8975,21.451195,-17.2729,-20.638605
110.9,-8.97217,-15.387108,-24.8718,-7.792044,-19.8364,20.978401,-17.1509,-20.700787
111.0,-10.0098,-15.35594,-24.8413,-7.705111,-19.8364,20.49054,-17.1509,-20.758589
111.10000000000001,-10.9863,-15.324679,-24.7803,-7.6169677,-19.7754,19.989733,-17.0898,-20.812223
111.19999999999999,-11.8713,-15.293325,-24.7498,-7.5275774,-19.7144,19.477896,-17.0593,-20.86189
111.3,-12.7869,-15.261877,-24.6887,-7.4369025,-19.6838,18.956734,-16.9678,-20.907778
111.4,-13.7024,-15.230333,-24.6887,-7.344904,-19.6228,18.427738,-16.9373,-20.950066
111.5,-14.5569,-15.198694,-24.6887,-7.25154,-19.6533,17.892202,-16.9067,-20.988924
111.60000000000001,-15.2893,-15.166958,-24.6277,-7.1567683,-19.5923,17.351217,-16.8762,-21.024515
111.69999999999999,-16.0522,-15.135124,-24.5972,-7.0605435,-19.5618,16.805693,-16.7847,-21.056993
111.8,-16.7847,-15.103192,-24.5361,-6.9628196,-19.4397,16.256363,-16.7541,-21.086502
111.9,-17.4561,-15.071161,-24.5666,-6.8635473,-19.4702,15.703804,-16.6626,-21.113182
112.0,-18.0969,-15.039029,-24.5056,-6.7626767,-19.3787,15.148441,-16.6016,-21.137161
112.10000000000001,-18.6768,-15.006796,-24.4751,-6.6601543,-19.3176,14.590566,-16.6016,-21.158566
112.19999999999999,-19.2261,-14.974461,-24.3835,-6.555925,-19.2566,14.030349,-16.5405,-21.177513
112.3,-19.7754,-14.942022,-24.353,-6.4499307,-19.2261,13.467853,-16.4795,-21.194117
112.4,-20.2637,-14.90948,-24.292,-6.3421106,-19.1345,12.903045,-16.4185,-21.20848
112.5,-20.752,-14.876833,-24.2615,-6.232402,-19.1345,12.335808,-16.4185,-21.220707
112.60000000000001,-21.2708,-14.84408,-24.231,-6.1207385,-19.104,11.765955,-16.3574,-21.23089
112.69999999999999,-21.6064,-14.81122,-24.2004,-6.007051,-19.0735,11.193237,-16.2659,-21.239122
112.8,-22.0032,-14.778253,-24.1089,-5.8912663,-18.9819,10.617358,-16.2353,-21.24549
112.9,-22.3389,-14.745176,-24.0784,-5.773309,-18.9209,10.03798,-16.1743,-21.250072
113.0,-22.644,-14.711989,-24.0478,-5.6530995,-18.8904,9.45474,-16.1438,-21.252949
113.10000000000001,-23.0103,-14.678692,-23.9868,-5.530554,-18.8293,8.867253,-16.1133,-21.254194
113.19999999999999,-23.2544,-14.645282,-23.9563,-5.405585,-18.8293,8.27513,-16.0217,-21.253878
113.3,-23.4985,-14.611758,-23.9258,-5.2781,-18.7378,7.6779847,-15.9912,-21.252066
113.4,-23.7122,-14.578121,-23.8342,-5.1480036,-18.6462,7.0754466,-15.9302,-21.24882
113.5,-23.9563,-14.544368,-23.7732,-5.015194,-18.6157,6.467173,-15.9302,-21.244202
113.60000000000001,-24.1394,-14.510498,-23.7427,-4.879565,-18.5852,5.8528624,-15.8691,-21.238268
113.69999999999999,-24.353,-14.47651,-23.6816,-4.741005,-18.5242,5.2322693,-15.8081,-21.231073
113.8,-24.5666,-14.442403,-23.6816,-4.599396,-18.4631,4.605216,-15.7166,-21.22267
113.9,-24.7498,-14.408175,-23.6206,-4.4546156,-18.4326,3.971611,-15.686,-21.213104
114.0,-24.9023,-14.373827,-23.5901,-4.3065333,-18.4021,3.3314617,-15.625,-21.202425
114.1,-24.9939,-14.339355,-23.5291,-4.1550126,-18.3411,2.6848862,-15.5945,-21.190676
114.2,-25.1465,-14.30476,-23.468,-3.99991,-18.28,2.032125,-15.5334,-21.1779
114.3,-25.2686,-14.270039,-23.4375,-3.8410745,-18.2495,1.373548,-15.4419,-21.164137
114.4,-25.3296,-14.23519,-23.407,-3.6783466,-18.1885,0.7096555,-15.3809,-21.149424
114.5,-25.4211,-14.200214,-23.3154,-3.511559,-18.1274,0.041074395,-15.3198,-21.133797
114.6,-25.5127,-14.165109,-23.2849,-3.3405354,-18.1274,-0.6314446,-15.2893,-21.117292
114.7,-25.6348,-14.129872,-23.2239,-3.1650898,-18.0054,-1.3070356,-15.2283,-21.099941
114.8,-25.6958,-14.094503,-23.1934,-2.9850268,-17.9443,-1.9847206,-15.1672,-21.081776
114.9,-25.7568,-14.059001,-23.1628,-2.8001406,-17.9138,-2.6634138,-15.1978,-21.062826
115.0,-25.7874,-14.023363,-23.1323,-2.6102142,-17.8528,-3.3419244,-15.0757,-21.04312
115.1,-25.8789,-13.987589,-23.0713,-2.4150195,-17.8223,-4.018965,-15.0146,-21.022684
115.2,-25.9094,-13.951676,-22.9797,-2.2143164,-17.7612,-4.693158,-14.9536,-21.001545
115.3,-25.9094,-13.915624,-22.9797,-2.0078518,-17.7612,-5.363058,-14.8926,-20.979727
115.4,-25.9705,-13.87943,-22.8882,-1.7953603,-17.6697,-6.0271673,-14.8621,-20.957253
115.5,-26.001,-13.843092,-22.8577,-1.5765623,-17.6697,-6.6839643,-14.801,-20.934145
115.6,-26.0315,-13.80661,-22.8271,-1.3511639,-17.6086,-7.331932,-14.74,-20.910425
115.7,-26.0315,-13.769981,-22.7356,-1.1188565,-17.5781,-7.9695873,-14.7095,-20.886114
115.8,-26.062,-13.733205,-22.7356,-0.8793167,-17.4561,-8.59551,-14.6484,-20.861229
115.9,-26.0925,-13.696279,-22.644,-0.63220435,-17.4561,-9.208366,-14.6179,-20.83579
116.0,-26.0925,-13.659201,-22.644,-0.37716377,-17.395,-9.806938,-14.5569,-20.809814
116.1,-26.123,-13.621969,-22.6135,-0.11382204,-17.334,-10.390135,-14.5264,-20.78332
116.2,-26.0925,-13.584582,-22.522,0.15821087,-17.2729,-10.957012,-14.4653,-20.756319
116.3,-26.123,-13.547038,-22.522,0.43934262,-17.2119,-11.506777,-14.4348,-20.72883
116.4,-26.0925,-13.509335,-22.4304,0.729999,-17.1509,-12.038793,-14.3433,-20.700869
116.5,-26.1536,-13.47147,-22.3389,1.0306242,-17.1509,-12.552579,-14.2517,-20.672445
116.6,-26.123,-13.433442,-22.3389,1.3416804,-17.0898,-13.047803,-14.2212,-20.643576
116.7,-26.123,-13.395249,-22.2778,1.6636493,-17.1204,-13.524277,-14.1602,-20.614273
116.8,-26.0925,-13.35689,-22.3083,1.9970307,-16.9983,-13.98194,-14.1296,-20.584547
116.9,-26.0925,-13.31836,-22.2473,2.3423429,-16.9678,-14.420854,-14.0991,-20.55441
117.0,-26.0925,-13.279659,-22.1558,2.700121,-16.9067,-14.841182,-14.0076,-20.523876
117.1,-26.0925,-13.240785,-22.1252,3.0709167,-16.9067,-15.243182,-13.916,-20.492952
117.2,-26.123,-13.201735,-22.0642,3.4552965,-16.8152,-15.627188,-13.916,-20.461649
117.3,-26.0925,-13.162506,-22.0337,3.8538382,-16.7541,-15.993599,-13.855,-20.429977
117.4,-26.0315,-13.123096,-22.0032,4.2671275,-16.7236,-16.342867,-13.8245,-20.397945
117.5,-26.0315,-13.083505,-21.9421,4.695753,-16.6626,-16.675486,-13.7939,-20.365562
117.6,-26.0315,-13.043727,-21.9116,5.1403003,-16.571,-16.991978,-13.7329,-20.332836
117.7,-26.001,-13.003761,-21.8506,5.601342,-16.571,-17.292892,-13.6719,-20.299776
117.8,-25.9705,-12.963606,-21.8506,6.0794306,-16.449,-17.578789,-13.6108,-20.266388
117.9,-25.9094,-12.923257,-21.8201,6.5750833,-16.449,-17.850237,-13.5193,-20.232681
118.0,-25.9094,-12.882712,-21.698,7.088768,-16.3879,-18.107807,-13.4888,-20.198662
118.1,-25.9094,-12.8419695,-21.698,7.620887,-16.2964,-18.352066,-13.4583,-20.164337
118.2,-25.8789,-12.801026,-21.5759,8.171755,-16.2353,-18.583576,-13.3667,-20.129713
118.3,-25.9094,-12.759879,-21.5454,8.741578,-16.2659,-18.802889,-13.3362,-20.094797
118.4,-25.8484,-12.718525,-21.4844,9.330426,-16.2048,-19.010544,-13.3057,-20.059593
118.5,-25.7568,-12.676961,-21.4844,9.938206,-16.1438,-19.207066,-13.2446,-20.024109
118.6,-25.7568,-12.635184,-21.4539,10.564626,-16.1133,-19.392962,-13.1531,-19.988348
118.7,-25.7568,-12.593192,-21.3623,11.2091675,-16.0828,-19.568726,-13.1226,-19.952318
118.8,-25.7568,-12.550981,-21.3623,11.871049,-16.0828,-19.73483,-13.0615,-19.916021
118.9,-25.6653,-12.508548,-21.2708,12.549191,-16.0217,-19.891733,-13.0005,-19.879465
119.0,-25.6653,-12.465889,-21.2708,13.242187,-15.9302,-20.039871,-12.9395,-19.842651
119.1,-25.6042,-12.423002,-21.2097,13.948264,-15.9302,-20.179663,-12.8784,-19.805586
119.2,-25.5737,-12.379883,-21.1792,14.66527,-15.8997,-20.311512,-12.8479,-19.768272
119.3,-25.5432,-12.336528,-21.1182,15.390649,-15.8386,-20.435802,-12.7869,-19.730717
119.4,-25.4822,-12.292934,-21.0876,16.121437,-15.7471,-20.552898,-12.7258,-19.69292
119.5,-25.5127,-12.249098,-21.0571,16.854263,-15.7166,-20.66315,-12.6038,-19.654888
119.6,-25.4822,-12.205015,-21.0266,17.585375,-15.6555,-20.766893,-12.5732,-19.616623
119.7,-25.4517,-12.160682,-20.9961,18.310665,-15.625,-20.86444,-12.5122,-19.578129
119.8,-25.4211,-12.116095,-20.9961,19.025724,-15.5945,-20.956097,-12.4817,-19.53941
119.9,-25.3601,-12.071249,-20.874,19.725904,-15.564,-21.042149,-12.3596,-19.500467
120.0,-25.3601,-12.026141,-20.8435,20.406397,-15.5334,-21.122868,-12.2986,-19.461306
120.1,-25.3601,-11.980766,-20.7825,21.06232,-15.4114,-21.198513,-12.207,-19.421926
120.2,-25.2686,-11.935121,-20.752,21.688822,-15.4114,-21.269331,-12.1765,-19.382334
120.3,-25.2075,-11.8892,-20.7214,22.281172,-15.3503,-21.335556,-12.1155,-19.34253
120.39999999999999,-25.2686,-11.842999,-20.6604,22.834866,-15.3503,-21.397408,-12.0544,-19.302515
120.5,-25.1465,-11.7965145,-20.5994,23.34572,-15.2893,-21.4551,-11.9934,-19.262295
120.6,-25.0854,-11.749741,-20.5994,23.809958,-15.2893,-21.50883,-11.9324,-19.22187
120.7,-25.0854,-11.702673,-20.5688,24.224283,-15.1367,-21.558788,-11.8713,-19.181244
120.80000000000001,-25.0244,-11.655307,-20.5383,24.585943,-15.0757,-21.605154,-11.8103,-19.140417
120.89999999999999,-24.9939,-11.607636,-20.5078,24.89277,-15.0757,-21.6481,-11.7493,-19.099392
121.0,-24.9329,-11.559657,-20.4468,25.143217,-15.0452,-21.687786,-11.7187,-19.05817
121.1,-24.9329,-11.511363,-20.3857,25.336355,-14.9536,-21.724367,-11.6577,-19.016754
121.2,-24.9329,-11.4627495,-20.3552,25.471888,-14.9231,-21.757988,-11.6272,-18.975145
121.30000000000001,-24.9023,-11.41381,-20.2942,25.550116,-14.8926,-21.788788,-11.5356,-18.933346
121.39999999999999,-24.8413,-11.364539,-20.2332,25.571913,-14.8315,-21.816898,-11.4746,-18.891357
121.5,-24.7803,-11.314932,-20.2637,25.53868,-14.7705,-21.842443,-11.4136,-18.849182
121.6,-24.7803,-11.264981,-20.2026,25.452288,-14.7095,-21.86554,-11.2915,-18.80682
121.7,-24.7498,-11.214681,-20.1721,25.315023,-14.6484,-21.886301,-11.261,-18.764273
121.80000000000001,-24.6887,-11.164024,-20.1111,25.129515,-14.5874,-21.904833,-11.2305,-18.721542
121.89999999999999,-24.6887,-11.113006,-20.0806,24.898664,-14.5264,-21.921236,-11.1389,-18.67863
122.0,-24.6277,-11.061618,-20.05,24.625582,-14.5264,-21.935606,-11.0779,-18.635538
122.1,-24.5972,-11.009854,-20.0195,24.31351,-14.4043,-21.948034,-10.9863,-18.592264
122.2,-24.5361,-10.957707,-19.989,23.965767,-14.3433,-21.958609,-10.8948,-18.548813
122.30000000000001,-24.5361,-10.90517,-19.928,23.585674,-14.3433,-21.96741,-10.8643,-18.505184
122.39999999999999,-24.4751,-10.852235,-19.8975,23.17651,-14.2822,-21.974514,-10.8032,-18.461378
122.5,-24.4141,-10.798894,-19.8059,22.741457,-14.1907,-21.979996,-10.7117,-18.417397
122.6,-24.353,-10.74514,-19.8059,22.283562,-14.1602,-21.983927,-10.6506,-18.37324
122.7,-24.353,-10.690964,-19.7754,21.805702,-14.0686,-21.986372,-10.5896,-18.328909
122.80000000000001,-24.3225,-10.636357,-19.7449,21.310562,-14.0381,-21.987396,-10.4675,-18.284405
122.89999999999999,-24.292,-10.581313,-19.7144,20.80061,-13.977,-21.987059,-10.437,-18.239727
123.0,-24.1699,-10.525821,-19.6533,20.278086,-13.916,-21.985416,-10.2844,-18.194878
123.1,-24.2004,-10.469872,-19.6533,19.744999,-13.8855,-21.982525,-10.2539,-18.149857
123.2,-24.1394,-10.413458,-19.5312,19.203127,-13.8245,-21.978434,-10.1929,-18.104666
123.30000000000001,-24.1394,-10.356567,-19.5007,18.654016,-13.7634,-21.973194,-10.0403,-18.059305
123.39999999999999,-24.1394,-10.299191,-19.4092,18.098988,-13.7024,-21.966852,-9.97925,-18.013775
123.5,-24.0784,-10.24132,-19.3787,17.539154,-13.6414,-21.959452,-9.91821,-17.968075
123.60000000000001,-23.9868,-10.182942,-19.3787,16.975424,-13.6414,-21.951036,-9.88769,-17.922207
123.7,-23.9563,-10.124047,-19.3176,16.408524,-13.5498,-21.941645,-9.79614,-17.87617
123.8,-23.9563,-10.064624,-19.2261,15.839004,-13.4888,-21.931316,-9.73511,-17.829964
123.89999999999999,-23.8647,-10.004661,-19.1956,15.26726,-13.4583,-21.920086,-9.64355,-17.78359
124.0,-23.8647,-9.944146,-19.165,14.693545,-13.3972,-21.90799,-9.61304,-17.737051
124.10000000000001,-23.8342,-9.883067,-19.165,14.117986,-13.3362,-21.89506,-9.49097,-17.690344
124.2,-23.8037,-9.821411,-19.104,13.540594,-13.2751,-21.881329,-9.42993,-17.643469
124.3,-23.7732,-9.759166,-19.0735,12.961286,-13.2141,-21.866825,-9.3689,-17.596428
124.39999999999999,-23.7427,-9.696318,-19.0124,12.379887,-13.1226,-21.851578,-9.27734,-17.549221
124.5,-23.6816,-9.632853,-18.9819,11.796153,-13.1226,-21.835613,-9.21631,-17.501846
124.60000000000001,-23.6816,-9.568755,-18.9514,11.209779,-13.0615,-21.818958,-9.15527,-17.454306
124.7,-23.6206,-9.504012,-18.9209,10.620406,-13.0005,-21.801638,-9.06372,-17.406599
124.8,-23.5901,-9.438607,-18.8599,10.027641,-12.97,-21.783674,-8.94165,-17.358725
124.89999999999999,-23.5596,-9.372525,-18.8293,9.43106,-12.9089,-21.76509,-8.81958,-17.310684
125.0,-23.5291,-9.305749,-18.7683,8.830224,-12.8784,-21.745909,-8.78906,-17.262478
125.1,-23.5291,-9.238262,-18.7073,8.2246895,-12.8174,-21.726149,-8.63647,-17.214104
125.2,-23.4375,-9.170047,-18.6768,7.6140175,-12.7563,-21.70583,-8.5144,-17.165564
125.3,-23.468,-9.101086,-18.6768,6.99779,-12.6648,-21.68497,-8.45337,-17.116856
125.4,-23.3765,-9.03136,-18.5852,6.3756204,-12.6038,-21.66359,-8.36182,-17.067982
125.5,-23.3154,-8.960849,-18.5547,5.7471685,-12.5122,-21.641703,-8.20923,-17.01894
125.6,-23.2849,-8.889533,-18.5547,5.1121564,-12.5122,-21.619326,-8.11767,-16.96973
125.7,-23.2239,-8.817392,-18.4937,4.4703817,-12.3901,-21.596474,-7.96509,-16.920353
125.8,-23.1323,-8.744405,-18.4631,3.821737,-12.3596,-21.573162,-7.87353,-16.870806
125.9,-23.1628,-8.670548,-18.4021,3.1662214,-12.3291,-21.549406,-7.78198,-16.82109
126.0,-23.1934,-8.595799,-18.3716,2.5039563,-12.207,-21.525217,-7.62939,-16.771206
126.1,-23.1018,-8.520134,-18.28,1.8351963,-12.146,-21.500608,-7.53784,-16.721153
126.2,-23.0713,-8.443528,-18.2495,1.1603334,-12.085,-21.475594,-7.44629,-16.670929
126.3,-22.9797,-8.365955,-18.1885,0.4798993,-12.0239,-21.450184,-7.38525,-16.620535
126.4,-22.9797,-8.287388,-18.1885,-0.20543844,-11.9629,-21.424389,-7.32422,-16.56997
126.5,-22.9797,-8.207799,-18.0969,-0.89488274,-11.9324,-21.39822,-7.20215,-16.519232
126.6,-22.9492,-8.12716,-18.0969,-1.5875118,-11.8103,-21.371689,-7.08008,-16.468323
126.7,-22.8882,-8.045441,-18.0664,-2.2822824,-11.7798,-21.344803,-6.98852,-16.41724
126.8,-22.8271,-7.9626093,-18.0359,-2.9780338,-11.7187,-21.317574,-6.89697,-16.365984
126.9,-22.7966,-7.8786335,-17.9749,-3.6734924,-11.5967,-21.290009,-6.74438,-16.314554
127.0,-22.7661,-7.7934794,-17.9443,-4.367278,-11.5356,-21.262115,-6.62231,-16.262949
127.1,-22.7356,-7.7071123,-17.9443,-5.057919,-11.5356,-21.233904,-6.53076,-16.211168
127.2,-22.7356,-7.6194954,-17.8833,-5.7438707,-11.4746,-21.205381,-6.40869,-16.159212
127.3,-22.7051,-7.530591,-17.8528,-6.423541,-11.3831,-21.176556,-6.28662,-16.107079
127.40000000000002,-22.6135,-7.440359,-17.8528,-7.09532,-11.2915,-21.147434,-6.16455,-16.054766
127.5,-22.583,-7.348758,-17.7917,-7.7576137,-11.2,-21.118023,-6.04248,-16.002274
127.6,-22.4915,-7.2557454,-17.7307,-8.408872,-11.1694,-21.08833,-5.95093,-15.949602
127.7,-22.4915,-7.161276,-17.7002,-9.047624,-11.1084,-21.05836,-5.79834,-15.8967495
127.8,-22.4609,-7.065303,-17.6392,-9.672503,-11.0779,-21.028118,-5.67627,-15.843715
127.90000000000002,-22.4304,-6.9677773,-17.5781,-10.282273,-10.9863,-20.997614,-5.52368,-15.790497
128.0,-22.3389,-6.868648,-17.6086,-10.875842,-10.8948,-20.96685,-5.40161,-15.737094
128.1,-22.3389,-6.767862,-17.5476,-11.452277,-10.8337,-20.935833,-5.21851,-15.683506
128.20000000000002,-22.3083,-6.665363,-17.4561,-12.010812,-10.7727,-20.904566,-5.09644,-15.629731
128.3,-22.2473,-6.561093,-17.4561,-12.550846,-10.6506,-20.873056,-4.94385,-15.575768
128.39999999999998,-22.2168,-6.454991,-17.4255,-13.071943,-10.6201,-20.841307,-4.79126,-15.521617
128.5,-22.2473,-6.3469934,-17.3645,-13.573824,-10.5896,-20.809322,-4.76074,-15.467275
128.6,-22.1863,-6.237034,-17.3035,-14.0563545,-10.498,-20.777107,-4.57764,-15.412741
128.70000000000002,-22.1558,-6.125042,-17.2729,-14.519533,-10.437,-20.744667,-4.39453,-15.358013
128.8,-22.1558,-6.010945,-17.2729,-14.963477,-10.3149,-20.712004,-4.24194,-15.303091
128.89999999999998,-22.0947,-5.8946657,-17.1509,-15.38841,-10.1929,-20.679123,-4.11987,-15.2479725
129.0,-22.0337,-5.7761245,-17.1509,-15.7946415,-10.1318,-20.646027,-3.93677,-15.1926565
129.1,-22.0032,-5.6552367,-17.1204,-16.182558,-10.0403,-20.612719,-3.75366,-15.137141
129.20000000000002,-21.9727,-5.5319138,-17.0593,-16.552608,-10.0403,-20.579203,-3.66211,-15.081425
129.3,-21.9727,-5.406063,-17.0593,-16.905289,-9.97925,-20.545483,-3.479,-15.025505
129.39999999999998,-21.9116,-5.2775874,-16.9983,-17.24113,-9.91821,-20.51156,-3.2959,-14.969381
129.5,-21.8811,-5.1463842,-16.9983,-17.560696,-9.85718,-20.47744,-3.08228,-14.913051
129.6,-21.8506,-5.0123463,-16.9373,-17.864561,-9.76562,-20.443125,-2.89917,-14.856512
129.70000000000002,-21.8506,-4.8753605,-16.8762,-18.153316,-9.67407,-20.408615,-2.74658,-14.799764
129.8,-21.7895,-4.7353077,-16.8152,-18.427555,-9.58252,-20.373917,-2.53296,-14.742803
129.89999999999998,-21.759,-4.592063,-16.7847,-18.68787,-9.552,-20.33903,-2.34985,-14.685628
130.0,-21.7285,-4.445495,-16.7541,-18.934847,-9.49097,-20.303957,-2.13623,-14.628237
130.1,-21.6675,-4.2954655,-16.7541,-19.169062,-9.39941,-20.268702,-1.95312,-14.570627
130.20000000000002,-21.6675,-4.141828,-16.6931,-19.391079,-9.24683,-20.233265,-1.70898,-14.512797
130.3,-21.6675,-3.9844296,-16.6321,-19.601448,-9.18579,-20.197649,-1.52588,-14.454744
130.39999999999998,-21.5759,-3.8231082,-16.6016,-19.800703,-9.15527,-20.161858,-1.31226,-14.396466
130.5,-21.5454,-3.6576934,-16.51,-19.989359,-9.0332,-20.12589,-1.09863,-14.33796
130.6,-21.5149,-3.4880056,-16.4795,-20.167913,-8.94165,-20.08975,-0.88501,-14.279224
130.70000000000002,-21.4844,-3.3138556,-16.4185,-20.336847,-8.91113,-20.05344,-0.640869,-14.220256
130.8,-21.4233,-3.1350439,-16.4185,-20.496618,-8.81958,-20.01696,-0.366211,-14.161052
130.89999999999998,-21.3623,-2.9513597,-16.3574,-20.647667,-8.72803,-19.980312,-0.12207,-14.101609
131.0,-21.3623,-2.7625816,-16.3574,-20.790417,-8.63647,-19.943499,0.152588,-14.041926
131.1,-21.3318,-2.5684757,-16.2964,-20.925268,-8.5144,-19.90652,0.366211,-13.982
131.20000000000002,-21.3013,-2.3687959,-16.2353,-21.052608,-8.39233,-19.869379,0.640869,-13.921827
131.3,-21.3013,-2.1632822,-16.2048,-21.172802,-8.3313,-19.832077,0.88501,-13.861404
131.39999999999998,-21.2402,-1.9516613,-16.1743,-21.286198,-8.23975,-19.794615,1.15967,-13.80073
131.5,-21.2097,-1.7336453,-16.1743,-21.39313,-8.14819,-19.756994,1.43433,-13.739799
131.6,-21.1792,-1.508931,-16.1133,-21.493914,-8.05664,-19.719215,1.70898,-13.678609
131.70000000000002,-21.1182,-1.2771993,-16.0522,-21.588852,-7.96509,-19.68128,2.01416,-13.617156
131.8,-21.1182,-1.0381149,-16.0522,-21.678228,-7.90405,-19.64319,2.38037,-13.555438
131.89999999999998,-21.0571,-0.7913252,-15.9607,-21.762316,-7.75146,-19.604946,2.62451,-13.49345
132.0,-21.0266,-0.53646,-15.9607,-21.841372,-7.65991,-19.56655,2.9602,-13.43119
132.1,-20.9656,-0.2731308,-15.8997,-21.91564,-7.56836,-19.528,3.2959,-13.368651
132.20000000000002,-20.9351,-0.0009303093,-15.8081,-21.985353,-7.44629,-19.4893,3.63159,-13.305833
132.3,-20.9961,0.28056812,-15.8386,-22.050734,-7.32422,-19.450449,3.96728,-13.24273
132.39999999999998,-20.9045,0.5718111,-15.7471,-22.11199,-7.23267,-19.41145,4.3335,-13.179338
132.5,-20.8435,0.87326545,-15.7471,-22.169321,-7.14111,-19.372301,4.76074,-13.115654
132.6,-20.7825,1.1854187,-15.686,-22.222916,-7.01904,-19.333006,5.09644,-13.051672
132.70000000000002,-20.7825,1.5087795,-15.6555,-22.272951,-6.89697,-19.293564,5.46265,-12.987389
132.8,-20.752,1.8438776,-15.5945,-22.3196,-6.7749,-19.253975,5.88989,-12.922799
132.89999999999998,-20.752,2.1912632,-15.5029,-22.36302,-6.71387,-19.214241,6.31714,-12.857899
133.0,-20.6909,2.5515075,-15.5029,-22.403364,-6.5918,-19.174362,6.7749,-12.792683
133.1,-20.6604,2.9252007,-15.4419,-22.440779,-6.50024,-19.13434,7.1106,-12.727146
133.20000000000002,-20.6604,3.3129513,-15.4419,-22.475399,-6.37817,-19.094175,7.59888,-12.6612835
133.3,-20.5994,3.715383,-15.3809,-22.507357,-6.28662,-19.053867,8.02612,-12.59509
133.39999999999998,-20.5994,4.133132,-15.3503,-22.536776,-6.13403,-19.013416,8.48389,-12.528561
133.5,-20.5383,4.566841,-15.2893,-22.563772,-6.01196,-18.972824,9.00268,-12.461689
133.6,-20.5078,5.017154,-15.2893,-22.588459,-5.92041,-18.93209,9.49097,-12.39447
133.70000000000002,-20.4468,5.4847083,-15.2283,-22.61094,-5.76782,-18.891216,9.97925,-12.326898
133.8,-20.4773,5.9701233,-15.1978,-22.631317,-5.64575,-18.850203,10.5591,-12.258966
133.89999999999998,-20.4163,6.4739885,-15.1978,-22.649683,-5.58472,-18.809048,11.0474,-12.190669
134.0,-20.3857,6.996848,-15.1672,-22.66613,-5.40161,-18.767754,11.6272,-12.122
134.1,-20.3552,7.539183,-15.1367,-22.680744,-5.27954,-18.72632,12.207,-12.052953
134.20000000000002,-20.2942,8.10139,-15.1062,-22.693605,-5.15747,-18.684748,12.7258,-11.9835205
134.3,-20.2637,8.683756,-14.9841,-22.704792,-4.97436,-18.643038,13.3667,-11.913696
134.4,-20.2332,9.28643,-14.9841,-22.714376,-4.79126,-18.601189,13.916,-11.8434725
134.5,-20.2332,9.909396,-14.8926,-22.72243,-4.69971,-18.559202,14.4958,-11.772841
134.6,-20.2332,10.552433,-14.9231,-22.729017,-4.5166,-18.517078,15.0452,-11.701797
134.7,-20.2026,11.215082,-14.8621,-22.734201,-4.36401,-18.474817,15.625,-11.63033
134.8,-20.1416,11.896607,-14.8315,-22.738043,-4.24194,-18.432419,16.2353,-11.558434
134.9,-20.1111,12.595956,-14.7705,-22.740599,-4.05884,-18.389883,16.8762,-11.486098
135.0,-20.05,13.311722,-14.7095,-22.741922,-3.87573,-18.34721,17.5476,-11.413316
135.1,-20.05,14.042112,-14.679,-22.742065,-3.69263,-18.3044,18.158,-11.340078
135.2,-20.0806,14.784915,-14.6179,-22.741077,-3.54004,-18.261452,18.7683,-11.266376
135.3,-19.989,15.53748,-14.6179,-22.739004,-3.35693,-18.218369,19.3176,-11.192199
135.4,-19.9585,16.29671,-14.5569,-22.735891,-3.17383,-18.175148,19.8364,-11.117538
135.5,-19.8975,17.059053,-14.4653,-22.73178,-2.9602,-18.13179,20.4468,-11.042384
135.6,-19.928,17.820538,-14.4653,-22.726707,-2.80762,-18.088297,20.9961,-10.966726
135.7,-19.928,18.576792,-14.4043,-22.720716,-2.62451,-18.044666,21.5454,-10.890554
135.8,-19.8975,19.323105,-14.3433,-22.71384,-2.44141,-18.000898,22.0337,-10.813857
135.9,-19.8059,20.054495,-14.2822,-22.706114,-2.19727,-17.956995,22.4304,-10.736623
136.0,-19.8364,20.76579,-14.2212,-22.69757,-2.01416,-17.912954,22.8271,-10.65884
136.1,-19.8059,21.45174,-14.2212,-22.688242,-1.77002,-17.868776,23.2239,-10.580498
136.2,-19.7754,22.107105,-14.2212,-22.678158,-1.5564,-17.824461,23.5901,-10.501583
136.3,-19.7754,22.72678,-14.1907,-22.667347,-1.40381,-17.780008,23.9258,-10.422083
136.4,-19.7449,23.3059,-14.1296,-22.655836,-1.15967,-17.735418,24.1089,-10.341985
136.5,-19.6533,23.839949,-14.0686,-22.64365,-1.00708,-17.690691,24.353,-10.261274
136.6,-19.7144,24.32485,-14.0381,-22.630814,-0.732422,-17.645826,24.5666,-10.179937
136.7,-19.6533,24.757053,-14.0076,-22.617352,-0.488281,-17.600824,24.6277,-10.0979595
136.8,-19.6228,25.133598,-13.916,-22.603285,-0.244141,-17.555683,24.6582,-10.0153265
136.9,-19.6228,25.452168,-13.8855,-22.588636,0.0,-17.510405,24.5666,-9.932022
137.0,-19.5312,25.71111,-13.916,-22.573425,0.274658,-17.464987,24.5056,-9.84803
137.1,-19.5618,25.90946,-13.8245,-22.55767,0.457764,-17.41943,24.3835,-9.763334
137.2,-19.5618,26.046934,-13.7939,-22.541391,0.732422,-17.373734,24.1699,-9.6779175
137.3,-19.5618,26.123901,-13.7329,-22.524607,0.946045,-17.327898,23.9563,-9.591762
137.4,-19.4702,26.14135,-13.6414,-22.507332,1.25122,-17.281923,23.6816,-9.5048485
137.5,-19.4092,26.100842,-13.6414,-22.489584,1.52588,-17.235807,23.3459,-9.417158
137.6,-19.3787,26.004448,-13.5498,-22.471376,1.83105,-17.189552,22.9187,-9.328672
137.7,-19.3481,25.854681,-13.5803,-22.452726,2.10571,-17.143154,22.5525,-9.239369
137.8,-19.3176,25.654427,-13.4888,-22.433647,2.44141,-17.096615,22.1558,-9.149228
137.9,-19.2871,25.406857,-13.4583,-22.414152,2.71606,-17.049934,21.6675,-9.058228
138.0,-19.2261,25.115362,-13.3972,-22.394253,3.05176,-17.00311,21.1792,-8.966344
138.1,-19.2261,24.78347,-13.3972,-22.373962,3.35693,-16.956144,20.6909,-8.873554
138.2,-19.2261,24.414776,-13.3057,-22.353292,3.63159,-16.909035,20.0806,-8.779833
138.3,-19.165,24.01287,-13.2751,-22.332254,3.9978,-16.86178,19.5312,-8.685155
138.4,-19.1345,23.58129,-13.2141,-22.31086,4.39453,-16.81438,18.9209,-8.589495
138.5,-19.1345,23.123453,-13.1531,-22.289118,4.73022,-16.766836,18.219,-8.492825
138.6,-19.0735,22.642622,-13.092,-22.267038,5.12695,-16.719145,17.5476,-8.395115
138.7,-19.043,22.141863,-13.031,-22.24463,5.49316,-16.671309,16.8152,-8.296337
138.8,-18.9819,21.624025,-13.0005,-22.221905,5.88989,-16.623323,16.1438,-8.19646
138.9,-18.9514,21.091717,-12.9395,-22.198868,6.2561,-16.575191,15.4419,-8.095451
139.0,-18.8904,20.547295,-12.9395,-22.175528,6.62231,-16.52691,14.6484,-7.993279
139.1,-18.8599,19.992857,-12.9395,-22.151894,7.08008,-16.47848,13.855,-7.8899074
139.2,-18.8599,19.430246,-12.8784,-22.127974,7.53784,-16.4299,13.031,-7.7853007
139.3,-18.8293,18.861055,-12.7869,-22.103773,7.90405,-16.381166,12.2375,-7.6794214
139.4,-18.7988,18.286634,-12.7258,-22.0793,8.39233,-16.332283,11.5356,-7.572231
139.5,-18.7683,17.708103,-12.6343,-22.05456,8.88061,-16.283247,10.7422,-7.463688
139.6,-18.7988,17.126368,-12.6648,-22.02956,9.33838,-16.234056,9.97925,-7.3537507
139.7,-18.7073,16.542133,-12.5732,-22.004307,9.88769,-16.184711,9.09424,-7.242375
139.8,-18.6768,15.955923,-12.5732,-21.978806,10.4065,-16.13521,8.20923,-7.1295147
139.9,-18.6462,15.368095,-12.5122,-21.953062,10.9253,-16.085552,7.2937,-7.015122
140.0,-18.6462,14.778859,-12.4817,-21.927082,11.4441,-16.035738,6.40869,-6.8991466
140.1,-18.5852,14.18829,-12.4207,-21.900871,12.0544,-15.9857645,5.49316,-6.7815366
140.2,-18.4937,13.596345,-12.3291,-21.874434,12.6343,-15.935632,4.54712,-6.662237
140.3,-18.4326,13.002883,-12.2681,-21.847773,13.2446,-15.885338,3.57056,-6.5411916
140.4,-18.4631,12.407671,-12.2375,-21.820894,13.855,-15.834882,2.65503,-6.41834
140.5,-18.4631,11.810403,-12.146,-21.793804,14.4653,-15.784263,1.67847,-6.293621
140.6,-18.4326,11.210711,-12.1155,-21.766504,15.0452,-15.7334795,0.640869,-6.1669693
140.7,-18.3411,10.608176,-12.0544,-21.738998,15.5945,-15.682531,-0.366211,-6.0383167
140.8,-18.3411,10.002343,-12.0239,-21.711292,16.2353,-15.631416,-1.37329,-5.907593
140.9,-18.3105,9.392731,-11.9934,-21.683388,16.8457,-15.580133,-2.34985,-5.7747226
141.0,-18.3411,8.77884,-11.9629,-21.65529,17.4561,-15.528681,-3.2959,-5.639629
141.1,-18.28,8.160172,-11.8408,-21.627003,18.0969,-15.477057,-4.24194,-5.5022297
141.2,-18.1885,7.5362377,-11.8103,-21.598528,18.6157,-15.4252615,-5.21851,-5.36244
141.3,-18.219,6.9065695,-11.7798,-21.569868,19.165,-15.373292,-6.16455,-5.220171
141.4,-18.158,6.270737,-11.7187,-21.541027,19.7754,-15.321148,-7.04956,-5.0753284
141.5,-18.1274,5.6283646,-11.6577,-21.512009,20.2942,-15.2688265,-7.96509,-4.927814
141.6,-18.0664,4.979141,-11.6272,-21.482815,20.874,-15.216327,-8.8501,-4.777526
141.7,-18.0054,4.322843,-11.5356,-21.45345,21.3013,-15.163648,-9.67407,-4.624356
141.8,-18.0054,3.659348,-11.4441,-21.423912,21.759,-15.110786,-10.5286,-4.4681907
141.9,-17.9749,2.9886527,-11.4441,-21.394209,22.1863,-15.057742,-11.2915,-4.308912
142.0,-17.9749,2.3108852,-11.4136,-21.36434,22.522,-15.004513,-12.085,-4.146395
142.1,-17.9138,1.6263168,-11.322,-21.334309,22.8882,-14.951097,-12.8479,-3.9805102
142.2,-17.8223,0.9353665,-11.2915,-21.304115,23.1323,-14.897491,-13.5193,-3.8111205
142.3,-17.8528,0.23860204,-11.261,-21.273764,23.4375,-14.843697,-14.1907,-3.638082
142.4,-17.7612,-0.46326554,-11.1389,-21.243256,23.6511,-14.789709,-14.8926,-3.4612448
142.5,-17.7307,-1.1693871,-11.0779,-21.212593,23.8953,-14.735527,-15.5334,-3.2804508
142.6,-17.6392,-1.8787806,-11.0168,-21.181778,24.0173,-14.681149,-16.0828,-3.0955348
142.7,-17.6697,-2.590333,-10.9253,-21.150812,24.0478,-14.626571,-16.6626,-2.9063232
142.8,-17.6392,-3.3028038,-10.9253,-21.119698,24.1394,-14.571793,-17.1509,-2.712634
142.9,-17.6086,-4.0148296,-10.8643,-21.088436,24.1394,-14.516811,-17.6697,-2.514277
143.0,-17.6086,-4.7249336,-10.8032,-21.05703,23.9868,-14.461624,-18.0969,-2.3110523
143.1,-17.5476,-5.4315443,-10.7727,-21.025478,23.8953,-14.40623,-18.5242,-2.1027515
143.2,-17.5171,-6.1330175,-10.6812,-20.993784,23.7122,-14.350626,-18.9209,-1.8891559
143.3,-17.4561,-6.8276677,-10.6201,-20.961948,23.4375,-14.294809,-19.2566,-1.6700374
143.4,-17.4255,-7.513799,-10.5591,-20.929974,23.0713,-14.238777,-19.6533,-1.4451575
143.5,-17.395,-8.189744,-10.4675,-20.89786,22.6746,-14.182528,-19.989,-1.2142674
143.6,-17.334,-8.853895,-10.4065,-20.86561,22.3389,-14.126058,-20.2637,-0.9771077
143.7,-17.3645,-9.504739,-10.3149,-20.833223,21.8811,-14.069365,-20.5688,-0.7334082
143.8,-17.3035,-10.140884,-10.2844,-20.800703,21.4233,-14.012446,-20.7825,-0.482888
143.9,-17.2729,-10.761086,-10.1929,-20.76805,20.9961,-13.955299,-21.0266,-0.22525516
144.0,-17.2729,-11.364263,-10.1318,-20.735262,20.5078,-13.897921,-21.2708,0.039793342
144.1,-17.2424,-11.949503,-10.1318,-20.702345,19.989,-13.840307,-21.5149,0.31257144
144.2,-17.2119,-12.516076,-10.0098,-20.669296,19.4702,-13.782456,-21.698,0.5934044
144.3,-17.2119,-13.063427,-9.91821,-20.63612,18.9209,-13.724365,-21.9116,0.88262784
144.4,-17.1204,-13.591171,-9.88769,-20.602814,18.3716,-13.66603,-22.0337,1.1805882
144.5,-17.1204,-14.099087,-9.76562,-20.569382,17.7307,-13.607447,-22.2473,1.4876425
144.6,-17.0898,-14.587099,-9.70459,-20.535822,17.0593,-13.548613,-22.3389,1.8041571
144.7,-17.0288,-15.055267,-9.64355,-20.502138,16.3879,-13.489525,-22.4915,2.1305082
144.8,-17.0288,-15.50377,-9.552,-20.468328,15.7471,-13.430179,-22.5525,2.46708
144.9,-16.9373,-15.932886,-9.42993,-20.434395,14.9841,-13.370571,-22.7661,2.814264
145.0,-16.9678,-16.342981,-9.3689,-20.40034,14.2212,-13.310698,-22.8577,3.1724567
145.1,-16.9373,-16.734493,-9.33838,-20.366161,13.3972,-13.250555,-22.9797,3.542058
145.2,-16.9373,-17.107914,-9.24683,-20.331861,12.6038,-13.190139,-23.0408,3.9234676
145.3,-16.9067,-17.463783,-9.12475,-20.29744,11.7798,-13.129445,-23.1628,4.317082
145.4,-16.8762,-17.802671,-9.06372,-20.262897,10.9558,-13.06847,-23.2239,4.7232885
145.5,-16.8457,-18.125172,-9.00268,-20.228235,10.1318,-13.007209,-23.2544,5.1424613
145.6,-16.8457,-18.431892,-8.91113,-20.193455,9.30786,-12.945658,-23.3154,5.5749516
145.7,-16.8152,-18.723446,-8.88061,-20.158556,8.39233,-12.883811,-23.3765,6.0210814
145.8,-16.8152,-19.000448,-8.72803,-20.123539,7.44629,-12.821665,-23.4375,6.481133
145.9,-16.6931,-19.26351,-8.57544,-20.088406,6.46973,-12.759214,-23.4375,6.9553366
146.0,-16.6626,-19.513231,-8.45337,-20.053154,5.49316,-12.696454,-23.4985,7.4438577
146.1,-16.6321,-19.750204,-8.39233,-20.017786,4.57764,-12.633379,-23.5291,7.946782
146.2,-16.6321,-19.975,-8.36182,-19.982304,3.66211,-12.569984,-23.5596,8.464101
146.3,-16.5405,-20.188179,-8.23975,-19.946705,2.71606,-12.506265,-23.5291,8.995689
146.4,-16.571,-20.390282,-8.11767,-19.910992,1.77002,-12.442215,-23.5901,9.54129
146.5,-16.51,-20.581827,-8.05664,-19.875164,0.762939,-12.377829,-23.5901,10.100492
146.6,-16.51,-20.763319,-7.93457,-19.839222,-0.183105,-12.3131,-23.6206,10.672705
146.7,-16.449,-20.935238,-7.84302,-19.803165,-1.15967,-12.248023,-23.6206,11.257147
146.8,-16.449,-21.098047,-7.72095,-19.766996,-2.16675,-12.182592,-23.5901,11.852815
146.9,-16.4185,-21.252188,-7.62939,-19.730715,-3.20435,-12.116801,-23.5596,12.458469
147.0,-16.4185,-21.39808,-7.56836,-19.694319,-4.18091,-12.050643,-23.5596,13.072618
147.10000000000002,-16.3269,-21.536129,-7.44629,-19.657812,-5.15747,-11.984111,-23.5596,13.693498
147.2,-16.3269,-21.66672,-7.35474,-19.621193,-6.10352,-11.917198,-23.5596,14.319073
147.29999999999998,-16.2659,-21.790215,-7.20215,-19.584461,-7.08008,-11.849897,-23.5291,14.94703
147.4,-16.2353,-21.906965,-7.1106,-19.547619,-7.93457,-11.782202,-23.5291,15.574782
147.5,-16.1743,-22.017302,-6.98852,-19.510664,-8.88061,-11.714104,-23.4985,16.199486
147.60000000000002,-16.1743,-22.12154,-6.89697,-19.473598,-9.70459,-11.645596,-23.4985,16.818058
147.7,-16.1133,-22.219978,-6.83594,-19.436422,-10.5896,-11.57667,-23.5291,17.427214
147.79999999999998,-16.1133,-22.312902,-6.65283,-19.399136,-11.4441,-11.507318,-23.468,18.023506
147.9,-16.0217,-22.400581,-6.56128,-19.361738,-12.207,-11.4375305,-23.407,18.603376
148.0,-16.0217,-22.483273,-6.40869,-19.32423,-12.9395,-11.3673,-23.407,19.163206
148.10000000000002,-15.9912,-22.561218,-6.28662,-19.286613,-13.6719,-11.2966175,-23.3765,19.699387
148.2,-16.0217,-22.63465,-6.22559,-19.248886,-14.4043,-11.225473,-23.3765,20.208382
148.29999999999998,-15.9302,-22.703785,-6.04248,-19.21105,-15.0146,-11.153858,-23.3154,20.686792
148.4,-15.9302,-22.768833,-5.92041,-19.173103,-15.625,-11.081762,-23.2849,21.131426
148.5,-15.8691,-22.829992,-5.82886,-19.135048,-16.2353,-11.009176,-23.2849,21.53935
148.60000000000002,-15.8081,-22.887447,-5.67627,-19.096884,-16.7541,-10.936089,-23.1934,21.907955
148.7,-15.8386,-22.941378,-5.5542,-19.058609,-17.334,-10.862489,-23.1628,22.234997
148.79999999999998,-15.7471,-22.991951,-5.37109,-19.020226,-17.8223,-10.788366,-23.1934,22.518631
148.9,-15.7471,-23.039326,-5.24902,-18.981733,-18.3105,-10.71371,-23.0713,22.757442
149.0,-15.686,-23.083654,-5.09644,-18.943132,-18.7683,-10.638508,-23.1323,22.950459
149.10000000000002,-15.5945,-23.12508,-4.91333,-18.904423,-19.1956,-10.562748,-23.0103,23.097157
149.2,-15.6555,-23.16374,-4.82178,-18.865602,-19.5923,-10.486418,-22.9797,23.19745
149.29999999999998,-15.5334,-23.199762,-4.66919,-18.826674,-19.989,-10.409504,-22.8882,23.251678
149.4,-15.5334,-23.233269,-4.5166,-18.787636,-20.3552,-10.331993,-22.8882,23.26058
149.5,-15.5334,-23.264378,-4.30298,-18.74849,-20.5994,-10.253872,-22.8271,23.225258
149.60000000000002,-15.5029,-23.2932,-4.18091,-18.709234,-20.9351,-10.175126,-22.8271,23.147142
149.7,-15.4114,-23.319838,-4.05884,-18.66987,-21.2402,-10.095741,-22.7661,23.02795
149.79999999999998,-15.4114,-23.344393,-3.87573,-18.630398,-21.4539,-10.015701,-22.7051,22.869635
149.9,-15.2893,-23.366959,-3.66211,-18.590816,-21.759,-9.934992,-22.644,22.674337
150.0,-15.2283,-23.387625,-3.54004,-18.551125,-21.9727,-9.853596,-22.6135,22.444345
150.10000000000002,-15.1978,-23.406477,-3.35693,-18.511324,-22.1558,-9.771496,-22.5525,22.182041
150.2,-15.1672,-23.423595,-3.20435,-18.471415,-22.3083,-9.688676,-22.4915,21.889856
150.29999999999998,-15.1672,-23.439058,-3.05176,-18.431396,-22.522,-9.605117,-22.4609,21.570238
150.4,-15.1367,-23.452936,-2.86865,-18.391268,-22.6746,-9.520802,-22.3694,21.225605
150.5,-15.0757,-23.465302,-2.71606,-18.35103,-22.8577,-9.43571,-22.3999,20.858316
150.60000000000002,-15.1062,-23.476217,-2.53296,-18.310682,-23.0103,-9.349822,-22.2778,20.470644
150.7,-15.0146,-23.485748,-2.34985,-18.270226,-23.1018,-9.263117,-22.2168,20.064749
150.79999999999998,-14.9841,-23.493952,-2.13623,-18.229658,-23.2239,-9.175573,-22.1863,19.642666
150.9,-14.9231,-23.500887,-1.98364,-18.18898,-23.3765,-9.08717,-22.1252,19.206285
151.0,-14.9536,-23.506605,-1.80054,-18.148191,-23.4375,-8.997882,-22.0642,18.757345
151.10000000000002,-14.9231,-23.51116,-1.58691,-18.107292,-23.4985,-8.907687,-22.0337,18.297428
151.2,-14.8621,-23.514599,-1.37329,-18.066282,-23.6206,-8.816561,-22.0032,17.827953
151.29999999999998,-14.801,-23.516968,-1.19019,-18.025162,-23.6206,-8.724477,-21.9421,17.350183
151.4,-14.7705,-23.51831,-0.946045,-17.98393,-23.7122,-8.631409,-21.8506,16.865225
151.5,-14.74,-23.51867,-0.732422,-17.942587,-23.7732,-8.537329,-21.8201,16.374031
151.60000000000002,-14.7095,-23.518085,-0.488281,-17.901133,-23.8037,-8.442207,-21.7895,15.877414
151.7,-14.6484,-23.516596,-0.274658,-17.859566,-23.8647,-8.346016,-21.7285,15.376048
151.79999999999998,-14.6179,-23.514236,0.0305176,-17.817886,-23.9258,-8.248723,-21.698,14.870483
151.9,-14.6179,-23.511042,0.213623,-17.776094,-23.9563,-8.150296,-21.637,14.36115
152.0,-14.4958,-23.507044,0.396728,-17.73419,-23.9868,-8.050702,-21.5759,13.848373
152.10000000000002,-14.4958,-23.502275,0.701904,-17.692173,-23.9868,-7.949906,-21.5759,13.332379
152.2,-14.4043,-23.496765,0.976562,-17.650042,-24.0173,-7.8478713,-21.5149,12.813309
152.29999999999998,-14.4043,-23.490543,1.19019,-17.607796,-23.9868,-7.7445602,-21.4233,12.291222
152.4,-14.3127,-23.483635,1.49536,-17.565437,-24.0173,-7.639934,-21.3623,11.76611
152.5,-14.3127,-23.476067,1.77002,-17.522964,-24.0784,-7.5339513,-21.3318,11.237909
152.60000000000002,-14.2517,-23.467863,2.04468,-17.480375,-24.0478,-7.426569,-21.2402,10.706504
152.7,-14.2212,-23.459047,2.38037,-17.437672,-24.0173,-7.3177433,-21.2097,10.171735
152.79999999999998,-14.1602,-23.449642,2.71606,-17.394852,-23.9868,-7.2074275,-21.1182,9.633413
152.9,-14.0991,-23.439669,3.02124,-17.351915,-23.9868,-7.095573,-21.0571,9.091327
153.0,-14.0686,-23.429148,3.35693,-17.308863,-24.0173,-6.982129,-20.9961,8.545246
153.10000000000002,-14.0991,-23.418098,3.66211,-17.265692,-23.9563,-6.8670435,-20.9351,7.9949393
153.2,-13.977,-23.40654,4.05884,-17.222404,-23.9868,-6.7502613,-20.9045,7.4401765
153.29999999999998,-14.0076,-23.39449,4.45557,-17.178999,-23.9868,-6.6317244,-20.9351,6.88074
153.4,-14.0076,-23.381964,4.85229,-17.135473,-24.0173,-6.511373,-20.813,6.316436
153.5,-13.916,-23.368979,5.27954,-17.09183,-23.9563,-6.3891444,-20.7825,5.747104
153.6,-13.855,-23.35555,5.67627,-17.048065,-23.9868,-6.2649727,-20.6604,5.1726284
153.70000000000002,-13.855,-23.341694,6.10352,-17.00418,-23.9563,-6.138789,-20.6604,4.5929484
153.79999999999998,-13.8245,-23.327421,6.53076,-16.960176,-23.9563,-6.010522,-20.5994,4.008069
153.9,-13.7939,-23.312748,6.92749,-16.91605,-23.8953,-5.8800955,-20.5078,3.4180715
154.0,-13.7634,-23.297686,7.38525,-16.871801,-23.8647,-5.7474313,-20.5078,2.8231227
154.1,-13.7024,-23.282248,7.84302,-16.827429,-23.8342,-5.6124463,-20.4773,2.2234826
154.20000000000002,-13.6414,-23.266445,8.30078,-16.782934,-23.8037,-5.4750547,-20.4163,1.6195066
154.29999999999998,-13.5803,-23.25029,8.75854,-16.738316,-23.7427,-5.3351655,-20.3552,1.0116491
154.4,-13.5498,-23.233793,9.21631,-16.693571,-23.7427,-5.192683,-20.2637,0.40045774
154.5,-13.4888,-23.216965,9.76562,-16.6487,-23.7122,-5.0475087,-20.2026,-0.21342808
154.6,-13.4277,-23.199814,10.2844,-16.603704,-23.6816,-4.899537,-20.1416,-0.82928663
154.70000000000002,-13.3972,-23.18235,10.8032,-16.558582,-23.7122,-4.7486587,-20.1111,-1.4463178
154.79999999999998,-13.3362,-23.164583,11.322,-16.513332,-23.6206,-4.594758,-19.989,-2.0636473
154.9,-13.2751,-23.14652,11.8408,-16.467953,-23.5901,-4.4377146,-19.9585,-2.6803322
155.0,-13.2446,-23.128172,12.4207,-16.422443,-23.4985,-4.2774014,-19.928,-3.2953641
155.1,-13.1836,-23.109545,12.9395,-16.376804,-23.468,-4.113685,-19.8669,-3.9076757
155.20000000000002,-13.1836,-23.090645,13.5193,-16.331034,-23.468,-3.9464257,-19.8364,-4.51615
155.29999999999998,-13.1226,-23.071482,14.0686,-16.285131,-23.407,-3.7754762,-19.7754,-5.119632
155.4,-13.031,-23.052061,14.679,-16.239096,-23.3459,-3.6006823,-19.7449,-5.716943
155.5,-13.0005,-23.03239,15.1672,-16.192926,-23.3459,-3.4218817,-19.6838,-6.3069005
155.6,-12.97,-23.012476,15.7776,-16.146622,-23.2849,-3.2389042,-19.6228,-6.888335
155.70000000000002,-12.8784,-22.992325,16.3879,-16.100182,-23.2239,-3.0515711,-19.5618,-7.4601116
155.79999999999998,-12.8479,-22.971941,16.9678,-16.053606,-23.1934,-2.8596945,-19.5007,-8.021145
155.9,-12.7563,-22.951332,17.5781,-16.006891,-23.1323,-2.6630776,-19.4092,-8.57042
156.0,-12.7258,-22.930502,18.0969,-15.960038,-23.1323,-2.4615138,-19.4397,-9.107008
156.1,-12.6038,-22.909456,18.6462,-15.913045,-23.0408,-2.2547863,-19.2871,-9.6300745
156.20000000000002,-12.6038,-22.8882,19.1956,-15.865911,-23.0103,-2.0426676,-19.2871,-10.138891
156.29999999999998,-12.5732,-22.86674,19.7754,-15.818634,-22.9492,-1.82492,-19.1956,-10.632843
156.4,-12.5427,-22.845076,20.2332,-15.7712145,-22.8882,-1.6012943,-19.1345,-11.111427
156.5,-12.4817,-22.823215,20.6909,-15.72365,-22.8882,-1.3715295,-19.1345,-11.574257
156.6,-12.3596,-22.801163,21.1792,-15.6759405,-22.7966,-1.1353532,-19.104,-12.021056
156.70000000000002,-12.3291,-22.778921,21.6064,-15.628083,-22.7356,-0.89248097,-19.0124,-12.4516535
156.79999999999998,-12.2986,-22.756496,21.9727,-15.580078,-22.7051,-0.64261585,-18.9209,-12.865979
156.9,-12.2986,-22.73389,22.3389,-15.531923,-22.7051,-0.38544828,-18.8599,-13.264054
157.0,-12.2681,-22.711107,22.6746,-15.483618,-22.644,-0.12065643,-18.7683,-13.645982
157.1,-12.2681,-22.68815,22.8882,-15.43516,-22.583,0.15209472,-18.7378,-14.011937
157.20000000000002,-12.146,-22.665024,23.1628,-15.386548,-22.522,0.4331529,-18.7378,-14.362162
157.29999999999998,-12.0544,-22.64173,23.3154,-15.337781,-22.4915,0.7228787,-18.6768,-14.696951
157.4,-12.0239,-22.61827,23.4375,-15.2888565,-22.3999,1.0216455,-18.6157,-15.0166445
157.5,-11.9629,-22.594652,23.4985,-15.239774,-22.3389,1.3298393,-18.5242,-15.32162
157.6,-11.9324,-22.570875,23.5291,-15.190532,-22.3083,1.6478584,-18.5547,-15.612284
157.70000000000002,-11.8713,-22.546942,23.4985,-15.141129,-22.3083,1.9761131,-18.4631,-15.889067
157.79999999999998,-11.8713,-22.522856,23.468,-15.091562,-22.1863,2.3150246,-18.4326,-16.152414
157.9,-11.8103,-22.49862,23.3765,-15.041831,-22.1558,2.6650245,-18.3411,-16.402782
158.0,-11.7493,-22.474236,23.1934,-14.991934,-22.1558,3.0265527,-18.3411,-16.640635
158.1,-11.6577,-22.449707,23.0103,-14.941868,-22.1252,3.4000556,-18.2495,-16.866436
158.20000000000002,-11.6577,-22.425034,22.8271,-14.891632,-22.0337,3.7859838,-18.2495,-17.080648
158.29999999999998,-11.5967,-22.400219,22.583,-14.841225,-21.9727,4.1847873,-18.1885,-17.283731
158.4,-11.5662,-22.375267,22.3083,-14.790644,-21.9116,4.596912,-18.158,-17.476135
158.5,-11.5051,-22.350178,22.0032,-14.739887,-21.8506,5.022793,-18.0969,-17.658302
158.6,-11.4136,-22.324953,21.637,-14.688953,-21.8201,5.4628477,-18.0359,-17.830666
158.70000000000002,-11.322,-22.299595,21.2708,-14.637839,-21.8201,5.9174676,-17.9443,-17.993643
158.79999999999998,-11.322,-22.274105,20.874,-14.586544,-21.759,6.3870063,-17.8833,-18.147644
158.9,-11.2305,-22.248487,20.4468,-14.535065,-21.637,6.8717694,-17.8528,-18.293062
159.0,-11.1694,-22.22274,19.989,-14.483399,-21.6675,7.371999,-17.7612,-18.430277
159.1,-11.2,-22.196867,19.4397,-14.431546,-21.5454,7.8878574,-17.7002,-18.559656
159.20000000000002,-11.0779,-22.17087,18.8904,-14.379502,-21.4844,8.419411,-17.7002,-18.681551
159.3,-10.9253,-22.144749,18.219,-14.327266,-21.5149,8.966607,-17.6392,-18.7963
159.39999999999998,-10.8948,-22.118507,17.6086,-14.274835,-21.3928,9.529255,-17.5781,-18.904228
159.5,-10.8337,-22.092146,16.8457,-14.222206,-21.3623,10.107001,-17.5476,-19.005646
159.6,-10.7727,-22.065664,16.1438,-14.169377,-21.3318,10.6993065,-17.4866,-19.10085
159.70000000000002,-10.6812,-22.039064,15.4114,-14.116345,-21.2708,11.305418,-17.4255,-19.190123
159.8,-10.6201,-22.01235,14.74,-14.063108,-21.2402,11.924346,-17.3645,-19.273737
159.89999999999998,-10.5286,-21.98552,13.916,-14.009664,-21.1792,12.554843,-17.334,-19.35195
160.0,-10.498,-21.958574,13.1836,-13.956008,-21.1487,13.19538,-17.2424,-19.42501
160.1,-10.4065,-21.931517,12.3291,-13.90214,-21.0571,13.84413,-17.1814,-19.493153
160.20000000000002,-10.3455,-21.904348,11.4746,-13.848055,-21.0571,14.498956,-17.1509,-19.5566
160.3,-10.2539,-21.87707,10.7727,-13.793751,-20.9656,15.157408,-17.0593,-19.615568
160.39999999999998,-10.2234,-21.84968,9.94873,-13.739224,-20.9351,15.816724,-17.0593,-19.670258
160.5,-10.1624,-21.822182,9.09424,-13.684472,-20.9045,16.473845,-17.0288,-19.720863
160.6,-10.0708,-21.794577,8.27026,-13.629492,-20.874,17.125439,-16.9067,-19.76757
160.70000000000002,-10.0098,-21.766865,7.38525,-13.574279,-20.813,17.767935,-16.8457,-19.810553
160.8,-9.91821,-21.739046,6.46973,-13.518831,-20.752,18.397568,-16.7541,-19.849977
160.89999999999998,-9.85718,-21.711123,5.5542,-13.463145,-20.752,19.010435,-16.7541,-19.886003
161.0,-9.82666,-21.683096,4.57764,-13.407217,-20.6909,19.602562,-16.6931,-19.918783
161.1,-9.79614,-21.654964,3.60107,-13.351043,-20.6299,20.169973,-16.6931,-19.948458
161.20000000000002,-9.64355,-21.626732,2.68555,-13.29462,-20.6299,20.708765,-16.6321,-19.975164
161.3,-9.58252,-21.598396,1.70898,-13.237943,-20.5383,21.215187,-16.5405,-19.999033
161.39999999999998,-9.552,-21.56996,0.732422,-13.181009,-20.5078,21.685709,-16.4795,-20.020187
161.5,-9.39941,-21.541424,-0.244141,-13.123815,-20.4468,22.117094,-16.4795,-20.038744
161.6,-9.3689,-21.512787,-1.28174,-13.066355,-20.4468,22.506466,-16.4185,-20.054813
161.70000000000002,-9.27734,-21.484053,-2.28882,-13.008626,-20.3552,22.851355,-16.3879,-20.068504
161.8,-9.15527,-21.45522,-3.26538,-12.9506235,-20.3247,23.149738,-16.2964,-20.079916
161.89999999999998,-9.09424,-21.426289,-4.27246,-12.8923435,-20.2637,23.40008,-16.2048,-20.089146
162.0,-9.00268,-21.39726,-5.24902,-12.833781,-20.2026,23.601334,-16.2048,-20.096283
162.1,-8.88061,-21.368135,-6.2561,-12.774932,-20.1721,23.752954,-16.1438,-20.101416
162.20000000000002,-8.81958,-21.338915,-7.17163,-12.715791,-20.1721,23.854893,-16.0828,-20.104628
162.3,-8.72803,-21.309599,-8.11767,-12.656353,-20.0806,23.907564,-16.0217,-20.105997
162.39999999999998,-8.60596,-21.280188,-9.0332,-12.596614,-20.05,23.911833,-15.9912,-20.105597
162.5,-8.48389,-21.25068,-9.94873,-12.536568,-19.989,23.868965,-15.8997,-20.1035
162.6,-8.48389,-21.22108,-10.8337,-12.47621,-19.9585,23.780588,-15.8691,-20.099775
162.70000000000002,-8.3313,-21.191387,-11.7187,-12.415534,-19.928,23.648642,-15.8386,-20.094484
162.8,-8.23975,-21.1616,-12.5122,-12.354536,-19.8364,23.475319,-15.7471,-20.08769
162.89999999999998,-8.14819,-21.131721,-13.2446,-12.293209,-19.7754,23.26302,-15.7166,-20.079453
163.0,-8.02612,-21.101751,-14.0381,-12.231547,-19.7449,23.014296,-15.625,-20.069826
163.1,-7.96509,-21.07169,-14.7095,-12.169545,-19.6533,22.731792,-15.5945,-20.058863
163.20000000000002,-7.84302,-21.041536,-15.3809,-12.107197,-19.6228,22.418203,-15.564,-20.046614
163.3,-7.75146,-21.011292,-16.0217,-12.044496,-19.5923,22.076225,-15.5029,-20.033129
163.39999999999998,-7.65991,-20.980957,-16.6321,-11.981435,-19.5618,21.708513,-15.4114,-20.018452
163.5,-7.50732,-20.950533,-17.2119,-11.918008,-19.4702,21.317646,-15.3809,-20.002628
163.6,-7.41577,-20.920017,-17.7612,-11.854208,-19.4702,20.9061,-15.3198,-19.985699
163.70000000000002,-7.2937,-20.889414,-18.1885,-11.790028,-19.4702,20.476213,-15.2893,-19.967703
163.8,-7.14111,-20.85872,-18.6768,-11.72546,-19.3787,20.03018,-15.2893,-19.948679
163.89999999999998,-7.01904,-20.827938,-19.1345,-11.660498,-19.2871,19.570026,-15.1978,-19.928663
164.0,-6.92749,-20.797068,-19.5312,-11.595133,-19.1956,19.097603,-15.1672,-19.90769
164.1,-6.7749,-20.76611,-19.989,-11.529358,-19.165,18.614582,-15.1367,-19.885792
164.20000000000002,-6.68335,-20.735064,-20.2942,-11.463164,-19.104,18.122456,-15.0146,-19.862999
164.3,-6.56128,-20.70393,-20.6299,-11.3965435,-19.0735,17.622538,-14.9536,-19.839342
164.39999999999998,-6.43921,-20.672709,-20.9351,-11.329488,-19.0124,17.115967,-14.8926,-19.814852
164.5,-6.31714,-20.641401,-21.2402,-11.261988,-18.9514,16.603714,-14.8315,-19.789553
164.6,-6.22559,-20.610006,-21.5759,-11.194034,-18.8904,16.086596,-14.8315,-19.763472
164.70000000000002,-6.10352,-20.578526,-21.7895,-11.125616,-18.9209,15.565277,-14.7705,-19.736633
164.8,-5.95093,-20.546957,-22.0032,-11.056726,-18.8293,15.040288,-14.7095,-19.709063
164.89999999999998,-5.88989,-20.515303,-22.2473,-10.987354,-18.7988,14.512031,-14.6179,-19.68078
165.0,-5.70679,-20.483562,-22.4304,-10.917489,-18.7378,13.980792,-14.5874,-19.65181
165.1,-5.58472,-20.451738,-22.644,-10.84712,-18.7073,13.446755,-14.5264,-19.622171
165.20000000000002,-5.40161,-20.419828,-22.7966,-10.776237,-18.6462,12.91001,-14.4653,-19.591883
165.3,-5.31006,-20.387833,-22.9797,-10.704827,-18.6462,12.370565,-14.4348,-19.560965
165.39999999999998,-5.15747,-20.355753,-23.1628,-10.63288,-18.5242,11.828357,-14.3433,-19.529434
165.5,-5.06592,-20.323587,-23.3154,-10.560384,-18.4937,11.28326,-14.3127,-19.49731
165.6,-4.91333,-20.291338,-23.4375,-10.487326,-18.4326,10.735099,-14.2822,-19.46461
165.7,-4.76074,-20.259003,-23.5901,-10.413692,-18.4021,10.183655,-14.1907,-19.431345
165.8,-4.60815,-20.226583,-23.7122,-10.339472,-18.3716,9.628678,-14.2212,-19.397533
165.9,-4.48608,-20.19408,-23.8647,-10.264649,-18.28,9.069895,-14.0686,-19.363188
166.0,-4.30298,-20.161493,-23.9258,-10.189212,-18.2495,8.507017,-14.0381,-19.328323
166.1,-4.18091,-20.128822,-23.9868,-10.113145,-18.1885,7.939756,-14.0076,-19.292952
166.2,-4.02832,-20.096067,-24.1089,-10.036432,-18.0969,7.3678265,-13.9465,-19.257088
166.3,-3.84521,-20.063229,-24.1699,-9.95906,-18.0969,6.790961,-13.916,-19.220741
166.4,-3.66211,-20.030308,-24.231,-9.88101,-18.0054,6.2089195,-13.8245,-19.183926
166.5,-3.50952,-19.997303,-24.3225,-9.802268,-18.0054,5.6215024,-13.7329,-19.14665
166.6,-3.35693,-19.964214,-24.3835,-9.7228155,-17.9749,5.0285606,-13.7329,-19.108927
166.7,-3.20435,-19.931044,-24.4446,-9.642635,-17.9138,4.430007,-13.6719,-19.070765
166.8,-3.02124,-19.897789,-24.4751,-9.561708,-17.8833,3.825832,-13.6719,-19.032173
166.9,-2.83813,-19.86445,-24.5666,-9.480017,-17.8223,3.2161117,-13.5803,-18.993162
167.0,-2.65503,-19.83103,-24.5972,-9.39754,-17.8223,2.601018,-13.4888,-18.953741
167.1,-2.47192,-19.797527,-24.6277,-9.314258,-17.7612,1.9808269,-13.4888,-18.913918
167.2,-2.2583,-19.76394,-24.6582,-9.230149,-17.6697,1.3559223,-13.3972,-18.873701
167.3,-2.0752,-19.730272,-24.7192,-9.145192,-17.6697,0.72679615,-13.3362,-18.833097
167.4,-1.86157,-19.69652,-24.7192,-9.059364,-17.6086,0.09404397,-13.3057,-18.792114
167.5,-1.67847,-19.662685,-24.7498,-8.972642,-17.5476,-0.54164135,-13.2446,-18.75076
167.6,-1.46484,-19.628769,-24.7192,-8.885001,-17.5476,-1.1794736,-13.1836,-18.70904
167.7,-1.25122,-19.594769,-24.7498,-8.796416,-17.4561,-1.8185792,-13.092,-18.666962
167.8,-1.09863,-19.560686,-24.7803,-8.706861,-17.395,-2.4580016,-13.031,-18.62453
167.9,-0.854492,-19.526522,-24.7192,-8.616307,-17.3645,-3.096706,-13.0005,-18.581753
168.0,-0.610352,-19.492275,-24.7498,-8.524729,-17.3035,-3.7335825,-12.9089,-18.538635
168.1,-0.305176,-19.457945,-24.7803,-8.432095,-17.3035,-4.3674555,-12.8479,-18.495182
168.2,-0.0610352,-19.423532,-24.7803,-8.338375,-17.2729,-4.9970946,-12.8174,-18.451399
168.3,0.183105,-19.389038,-24.7498,-8.243538,-17.1814,-5.6212316,-12.7258,-18.407291
168.4,0.396728,-19.354462,-24.7498,-8.147551,-17.1509,-6.238579,-12.6953,-18.362864
168.5,0.701904,-19.319803,-24.7498,-8.050378,-17.1204,-6.8478518,-12.6038,-18.31812
168.6,0.946045,-19.28506,-24.7192,-7.951985,-17.0593,-7.447789,-12.5427,-18.273064
168.7,1.28174,-19.250237,-24.7192,-7.8523345,-17.0593,-8.037177,-12.4817,-18.227701
168.8,1.58691,-19.21533,-24.7498,-7.7513876,-16.9983,-8.614869,-12.4817,-18.182035
168.9,1.86157,-19.18034,-24.6887,-7.649104,-16.9067,-9.179806,-12.3596,-18.13607
169.0,2.13623,-19.145267,-24.6582,-7.545442,-16.8762,-9.731029,-12.3291,-18.08981
169.1,2.53296,-19.110113,-24.6887,-7.4403577,-16.8762,-10.2676935,-12.2986,-18.043255
169.2,2.7771,-19.074875,-24.5972,-7.333805,-16.8762,-10.789078,-12.2681,-17.996412
169.3,3.11279,-19.039555,-24.5972,-7.2257366,-16.7847,-11.294585,-12.2375,-17.949284
169.4,3.44849,-19.00415,-24.5666,-7.1161027,-16.7847,-11.783747,-12.146,-17.901873
169.5,3.72314,-18.968664,-24.5361,-7.004852,-16.6626,-12.256218,-12.085,-17.854181
169.6,4.11987,-18.933094,-24.4751,-6.891929,-16.6321,-12.711775,-12.0239,-17.806213
169.7,4.48608,-18.897442,-24.4141,-6.7772784,-16.6321,-13.150306,-11.9324,-17.757969
169.8,4.82178,-18.861706,-24.4141,-6.6608405,-16.571,-13.571802,-11.8408,-17.709454
169.9,5.24902,-18.825888,-24.3835,-6.5425534,-16.571,-13.976349,-11.8408,-17.660667
170.0,5.61523,-18.789986,-24.3225,-6.422353,-16.5405,-14.364116,-11.7493,-17.611614
170.1,5.98144,-18.754,-24.3835,-6.300171,-16.4795,-14.735343,-11.6882,-17.562296
170.2,6.43921,-18.71793,-24.353,-6.1759367,-16.449,-15.090334,-11.5967,-17.512712
170.3,6.86645,-18.681776,-24.292,-6.0495763,-16.449,-15.429443,-11.5967,-17.462868
170.4,7.26318,-18.645538,-24.2615,-5.921012,-16.3269,-15.753068,-11.5051,-17.412764
170.5,7.75146,-18.609217,-24.231,-5.790162,-16.3269,-16.061638,-11.4136,-17.3624
170.6,8.14819,-18.572811,-24.2004,-5.656942,-16.2964,-16.35561,-11.4136,-17.31178
170.7,8.69751,-18.536322,-24.1699,-5.521261,-16.2964,-16.635458,-11.322,-17.260906
170.8,9.12475,-18.499746,-24.1699,-5.383027,-16.2048,-16.90167,-11.2915,-17.209778
170.9,9.67407,-18.463087,-24.1394,-5.242141,-16.1438,-17.154737,-11.2305,-17.158396
171.0,10.2234,-18.426342,-24.0478,-5.098499,-16.1133,-17.395157,-11.1084,-17.106762
171.1,10.6812,-18.389513,-24.0173,-4.951993,-16.0522,-17.62342,-11.0779,-17.054878
171.2,11.261,-18.352598,-23.9868,-4.80251,-16.0217,-17.84002,-11.0168,-17.002745
171.3,11.7493,-18.315598,-23.9563,-4.649929,-15.9302,-18.045433,-10.9558,-16.950361
171.4,12.2986,-18.278511,-23.8953,-4.4941254,-15.9607,-18.240131,-10.8948,-16.897732
171.5,12.9395,-18.241339,-23.8647,-4.3349667,-15.9302,-18.424576,-10.8337,-16.844854
171.6,13.5193,-18.20408,-23.8342,-4.172314,-15.8997,-18.599213,-10.8337,-16.79173
171.7,14.0991,-18.166737,-23.8037,-4.006022,-15.8081,-18.764475,-10.7117,-16.738361
171.8,14.7095,-18.129305,-23.7427,-3.8359368,-15.7471,-18.92078,-10.6506,-16.684746
171.9,15.2893,-18.091787,-23.6511,-3.6618972,-15.7471,-19.068533,-10.5896,-16.630886
172.0,15.8691,-18.054182,-23.5901,-3.4837337,-15.6555,-19.20812,-10.5591,-16.576782
172.1,16.449,-18.016489,-23.6206,-3.3012676,-15.625,-19.339916,-10.5286,-16.522434
172.2,16.9983,-17.978708,-23.6206,-3.1143115,-15.564,-19.46428,-10.4065,-16.467842
172.3,17.6086,-17.94084,-23.6511,-2.922668,-15.5334,-19.58155,-10.376,-16.413006
172.4,18.1885,-17.902884,-23.5596,-2.72613,-15.5029,-19.692059,-10.2844,-16.357925
172.5,18.8293,-17.864838,-23.5596,-2.5244796,-15.4419,-19.796116,-10.2844,-16.3026
172.6,19.3787,-17.826704,-23.4375,-2.3174882,-15.4114,-19.894022,-10.1624,-16.247032
172.7,19.989,-17.78848,-23.407,-2.1049151,-15.4114,-19.986061,-10.0403,-16.19122
172.8,20.5994,-17.750168,-23.3765,-1.8865082,-15.3198,-20.072508,-9.94873,-16.135162
172.9,21.1487,-17.711765,-23.3154,-1.6620028,-15.2588,-20.153622,-9.88769,-16.07886
173.0,21.637,-17.673271,-23.2544,-1.4311215,-15.2893,-20.229649,-9.79614,-16.022312
173.1,22.0947,-17.634687,-23.2239,-1.1935737,-15.1978,-20.300823,-9.73511,-15.965519
173.2,22.522,-17.596012,-23.1934,-0.9490552,-15.1672,-20.36737,-9.67407,-15.90848
173.3,22.9187,-17.557245,-23.1323,-0.697248,-15.1062,-20.429504,-9.64355,-15.851193
173.4,23.2544,-17.518387,-23.1018,-0.43781978,-15.0452,-20.487427,-9.58252,-15.79366
173.5,23.5291,-17.479435,-23.1018,-0.1704238,-15.0452,-20.541332,-9.49097,-15.735879
173.6,23.7732,-17.440392,-22.9797,0.10530126,-14.9536,-20.591402,-9.39941,-15.677849
173.7,23.9258,-17.401255,-22.9187,0.38973185,-14.9231,-20.637812,-9.24683,-15.619569
173.8,23.9868,-17.362024,-22.9187,0.6832591,-14.8926,-20.680727,-9.18579,-15.561038
173.9,24.0784,-17.3227,-22.8577,0.9862898,-14.8926,-20.720306,-9.15527,-15.502255
174.0,24.1089,-17.283281,-22.7966,1.2992451,-14.8315,-20.756699,-9.06372,-15.44322
174.1,24.0784,-17.243769,-22.7966,1.6225613,-14.74,-20.790045,-9.00268,-15.383931
174.2,24.0478,-17.20416,-22.7966,1.9566891,-14.74,-20.820482,-8.88061,-15.324388
174.3,23.9258,-17.164455,-22.7356,2.3020928,-14.6484,-20.848139,-8.8501,-15.264587
174.4,23.7732,-17.124655,-22.6746,2.65925,-14.6484,-20.873138,-8.81958,-15.204529
174.5,23.4985,-17.084757,-22.6135,3.0286496,-14.6484,-20.895596,-8.78906,-15.144212
174.6,23.2544,-17.044762,-22.522,3.4107893,-14.6484,-20.915623,-8.63647,-15.083633
174.7,22.9187,-17.004667,-22.522,3.8061733,-14.5264,-20.933323,-8.60596,-15.022793
174.8,22.583,-16.964476,-22.4915,4.215309,-14.4653,-20.948797,-8.5144,-14.961688
174.9,22.1863,-16.924185,-22.4304,4.638701,-14.4043,-20.962141,-8.39233,-14.900318
175.0,21.7285,-16.883793,-22.3999,5.0768447,-14.3738,-20.973444,-8.30078,-14.83868
175.1,21.2402,-16.843302,-22.3694,5.5302196,-14.4043,-20.982792,-8.20923,-14.7767725
175.2,20.6909,-16.80271,-22.3083,5.9992785,-14.3433,-20.990267,-8.11767,-14.714594
175.3,20.1721,-16.762014,-22.2168,6.4844365,-14.3127,-20.995947,-8.02612,-14.652142
175.4,19.5923,-16.721218,-22.2168,6.986057,-14.2517,-20.999905,-7.9956,-14.589414
175.5,18.9819,-16.680319,-22.1558,7.504436,-14.2212,-21.002213,-7.93457,-14.526407
175.6,18.3716,-16.639315,-22.1252,8.039784,-14.1907,-21.002937,-7.84302,-14.46312
175.7,17.7612,-16.598207,-22.0947,8.592206,-14.0991,-21.002142,-7.75146,-14.39955
175.8,17.1204,-16.556995,-22.0642,9.161677,-14.0686,-20.999887,-7.62939,-14.335695
175.9,16.51,-16.515676,-22.0032,9.748018,-13.977,-20.996231,-7.56836,-14.271552
176.0,15.7776,-16.47425,-21.9421,10.35087,-13.9465,-20.991228,-7.47681,-14.207118
176.1,15.1062,-16.432718,-21.8811,10.969664,-13.916,-20.984932,-7.41577,-14.14239
176.2,14.3127,-16.391077,-21.8506,11.603591,-13.855,-20.97739,-7.26318,-14.077366
176.3,13.5498,-16.349327,-21.8506,12.251577,-13.8245,-20.968653,-7.23267,-14.012042
176.4,12.8479,-16.307468,-21.7895,12.912255,-13.7939,-20.958765,-7.1106,-13.946416
176.5,12.0544,-16.2655,-21.7895,13.583938,-13.7329,-20.94777,-6.98852,-13.880484
176.6,11.2305,-16.223417,-21.698,14.264601,-13.6719,-20.935705,-6.86645,-13.814242
176.7,10.437,-16.181225,-21.7285,14.951869,-13.6414,-20.922615,-6.7749,-13.747688
176.8,9.552,-16.138918,-21.637,15.643013,-13.5498,-20.908533,-6.74438,-13.680818
176.9,8.72803,-16.096497,-21.6064,16.334953,-13.4888,-20.893497,-6.65283,-13.6136265
177.0,7.84302,-16.05396,-21.5759,17.024279,-13.4277,-20.87754,-6.53076,-13.546112
177.1,6.98852,-16.011309,-21.5454,17.707275,-13.3667,-20.860697,-6.37817,-13.47827
177.2,6.10352,-15.96854,-21.5149,18.379969,-13.3667,-20.842997,-6.22559,-13.410095
177.3,5.18799,-15.925654,-21.4539,19.03818,-13.3057,-20.824469,-6.13403,-13.341584
177.4,4.21143,-15.882649,-21.3928,19.677593,-13.2446,-20.805141,-6.01196,-13.272733
177.5,3.2959,-15.839524,-21.3928,20.293833,-13.1836,-20.785042,-5.92041,-13.203536
177.6,2.28882,-15.796278,-21.3013,20.882542,-13.1531,-20.764194,-5.82886,-13.133989
177.7,1.31226,-15.75291,-21.2402,21.439474,-13.1531,-20.742624,-5.7373,-13.064089
177.8,0.305176,-15.709418,-21.2708,21.960579,-13.0615,-20.720356,-5.64575,-12.993829
177.9,-0.732422,-15.665802,-21.1487,22.442085,-13.0005,-20.69741,-5.49316,-12.923203
178.0,-1.70898,-15.622061,-21.1487,22.880577,-12.9395,-20.673811,-5.34058,-12.852208
178.1,-2.68555,-15.578193,-21.1487,23.273058,-12.8784,-20.649576,-5.21851,-12.780838
178.2,-3.75366,-15.534197,-21.1182,23.617008,-12.8479,-20.624727,-5.12695,-12.709086
178.29999999999998,-4.73022,-15.490071,-21.0571,23.910429,-12.8174,-20.599281,-4.97436,-12.636949
178.4,-5.70679,-15.445816,-21.0266,24.151867,-12.6953,-20.573257,-4.85229,-12.564418
178.5,-6.71387,-15.401429,-20.9961,24.340422,-12.6648,-20.54667,-4.69971,-12.4914875
178.60000000000002,-7.65991,-15.356909,-20.9656,24.47575,-12.5732,-20.519539,-4.57764,-12.418153
178.7,-8.57544,-15.312254,-20.9045,24.55805,-12.5122,-20.491877,-4.45557,-12.344406
178.79999999999998,-9.46045,-15.267464,-20.9045,24.58803,-12.4817,-20.463701,-4.3335,-12.270241
178.9,-10.376,-15.222536,-20.874,24.566874,-12.3901,-20.435024,-4.15039,-12.195649
179.0,-11.2915,-15.17747,-20.813,24.496191,-12.3596,-20.40586,-4.02832,-12.120625
179.10000000000002,-12.085,-15.132264,-20.813,24.377968,-12.2986,-20.376223,-3.87573,-12.045159
179.2,-12.9089,-15.086917,-20.752,24.214506,-12.2986,-20.346123,-3.75366,-11.969247
179.29999999999998,-13.7634,-15.041427,-20.7825,24.00836,-12.2375,-20.315575,-3.63159,-11.892878
179.4,-14.4958,-14.995791,-20.6604,23.76228,-12.1155,-20.284588,-3.44849,-11.816045
179.5,-15.1978,-14.95001,-20.6604,23.479147,-12.085,-20.253174,-3.26538,-11.738739
179.60000000000002,-15.8691,-14.904081,-20.5994,23.16192,-11.9629,-20.221344,-3.11279,-11.660952
179.7,-16.51,-14.858003,-20.5688,22.813578,-11.9934,-20.189108,-2.92969,-11.582674
179.79999999999998,-17.0898,-14.811772,-20.5078,22.437067,-11.9324,-20.156475,-2.83813,-11.503897
179.9,-17.6392,-14.765389,-20.4773,22.035267,-11.8713,-20.123453,-2.65503,-11.42461
180.0,-18.1885,-14.718851,-20.4163,21.610947,-11.8408,-20.090054,-2.44141,-11.344804
180.10000000000002,-18.6768,-14.672156,-20.4163,21.166737,-11.7798,-20.056282,-2.2583,-11.264468
180.2,-19.2261,-14.625303,-20.3247,20.7051,-11.7187,-20.02215,-2.04468,-11.183592
180.29999999999998,-19.6533,-14.57829,-20.3247,20.228317,-11.6577,-19.987663,-1.89209,-11.102164
180.4,-20.1416,-14.531115,-20.2942,19.738482,-11.5967,-19.95283,-1.7395,-11.020174
180.5,-20.5078,-14.483775,-20.2637,19.237476,-11.5967,-19.917656,-1.52588,-10.93761
180.60000000000002,-20.9351,-14.436269,-20.2332,18.726986,-11.4746,-19.882149,-1.34277,-10.85446
180.7,-21.2097,-14.388595,-20.2026,18.208492,-11.4441,-19.846315,-1.09863,-10.770711
180.79999999999998,-21.5454,-14.34075,-20.1416,17.68328,-11.3525,-19.810162,-0.88501,-10.68635
180.9,-21.8201,-14.292732,-20.0806,17.152445,-11.261,-19.773693,-0.701904,-10.601364
181.0,-22.1558,-14.24454,-20.05,16.616901,-11.2305,-19.736917,-0.488281,-10.515739
181.10000000000002,-22.3694,-14.196171,-20.0195,16.077396,-11.2,-19.699839,-0.274658,-10.4294615
181.2,-22.6746,-14.147622,-20.0195,15.534519,-11.1084,-19.662462,-0.0610352,-10.342516
181.29999999999998,-22.8882,-14.098892,-19.9585,14.988718,-11.0168,-19.624794,0.213623,-10.254887
181.4,-23.0713,-14.049977,-19.928,14.440308,-10.9863,-19.586838,0.427246,-10.166558
181.5,-23.2544,-14.000876,-19.8669,13.889486,-10.9253,-19.5486,0.701904,-10.077515
181.60000000000002,-23.4985,-13.951586,-19.8364,13.336347,-10.8948,-19.510082,0.915527,-9.987739
181.7,-23.6206,-13.902103,-19.8059,12.780887,-10.7727,-19.47129,1.12915,-9.897212
181.79999999999998,-23.7732,-13.852427,-19.7754,12.223024,-10.7422,-19.43223,1.40381,-9.805918
181.9,-23.9258,-13.802553,-19.7754,11.662608,-10.6812,-19.392904,1.67847,-9.713836
182.0,-24.0173,-13.75248,-19.7754,11.099426,-10.5591,-19.353315,1.95312,-9.620947
182.10000000000002,-24.2004,-13.702204,-19.6838,10.533218,-10.5591,-19.313469,2.22778,-9.527231
182.2,-24.3225,-13.651722,-19.6228,9.963687,-10.437,-19.273367,2.47192,-9.432668
182.29999999999998,-24.4446,-13.601031,-19.5923,9.390505,-10.437,-19.233013,2.74658,-9.337234
182.4,-24.5056,-13.55013,-19.5618,8.813327,-10.3149,-19.192411,3.02124,-9.240908
182.5,-24.6582,-13.499013,-19.5312,8.231801,-10.2234,-19.151566,3.2959,-9.143665
182.60000000000002,-24.6582,-13.447679,-19.4702,7.6455784,-10.1929,-19.110477,3.60107,-9.045483
182.7,-24.8108,-13.396123,-19.5007,7.054323,-10.1013,-19.06915,3.93677,-8.946334
182.79999999999998,-24.8718,-13.344343,-19.4397,6.457727,-10.0403,-19.027588,4.27246,-8.846193
182.9,-24.9634,-13.2923355,-19.3787,5.855518,-10.0708,-18.98579,4.57764,-8.745033
183.0,-24.9939,-13.240096,-19.3481,5.247475,-10.0098,-18.94376,4.91333,-8.642826
183.10000000000002,-25.0244,-13.187622,-19.3481,4.633442,-9.94873,-18.9015,5.24902,-8.539541
183.2,-25.116,-13.13491,-19.2261,4.01334,-9.88769,-18.859015,5.64575,-8.435149
183.29999999999998,-25.2075,-13.081955,-19.1956,3.3871803,-9.82666,-18.816305,5.92041,-8.3296175
183.4,-25.238,-13.028754,-19.1956,2.7550783,-9.67407,-18.773373,6.28662,-8.222913
183.5,-25.2686,-12.975304,-19.165,2.117259,-9.552,-18.730219,6.71387,-8.115001
183.60000000000002,-25.238,-12.921598,-19.1345,1.4740665,-9.46045,-18.686848,7.08008,-8.005845
183.7,-25.2686,-12.867636,-19.104,0.82596326,-9.42993,-18.64326,7.50732,-7.895409
183.79999999999998,-25.3296,-12.813411,-19.0735,0.17352873,-9.30786,-18.599457,7.90405,-7.7836537
183.9,-25.3296,-12.758919,-18.9819,-0.4825458,-9.27734,-18.55544,8.3313,-7.6705384
184.0,-25.3601,-12.704156,-18.9819,-1.1414647,-9.21631,-18.511213,8.75854,-7.5560207
184.10000000000002,-25.3601,-12.649117,-19.0124,-1.8023312,-9.09424,-18.466774,9.15527,-7.440057
184.2,-25.4211,-12.593799,-18.9209,-2.4641519,-9.06372,-18.422127,9.64355,-7.3226004
184.29999999999998,-25.3906,-12.538195,-18.9209,-3.125842,-9.00268,-18.377272,10.1624,-7.2036037
184.4,-25.3601,-12.482301,-18.8904,-3.7862275,-8.88061,-18.33221,10.6201,-7.083017
184.5,-25.3906,-12.426111,-18.8293,-4.4440546,-8.8501,-18.286945,11.1694,-6.960788
184.6,-25.4211,-12.369622,-18.7988,-5.0980034,-8.78906,-18.241476,11.6272,-6.8368616
184.70000000000002,-25.4211,-12.312827,-18.7988,-5.7467046,-8.69751,-18.195803,12.2375,-6.7111816
184.79999999999998,-25.3906,-12.255721,-18.7073,-6.3887615,-8.63647,-18.14993,12.7869,-6.5836883
184.9,-25.4211,-12.198299,-18.7073,-7.0227737,-8.63647,-18.103855,13.3362,-6.4543195
185.0,-25.4517,-12.140555,-18.7073,-7.6473637,-8.48389,-18.05758,13.916,-6.3230104
185.1,-25.4211,-12.082483,-18.6462,-8.261203,-8.42285,-18.011108,14.4958,-6.189693
185.20000000000002,-25.3906,-12.024077,-18.6462,-8.863035,-8.36182,-17.964437,15.0757,-6.054296
185.29999999999998,-25.3296,-11.965331,-18.5852,-9.451699,-8.30078,-17.917568,15.5945,-5.916745
185.4,-25.2991,-11.906239,-18.5242,-10.026144,-8.20923,-17.870502,16.1743,-5.7769628
185.5,-25.3296,-11.846792,-18.4937,-10.585445,-8.08716,-17.82324,16.7541,-5.634867
185.6,-25.2991,-11.786986,-18.4631,-11.128814,-7.9956,-17.775784,17.334,-5.490373
185.70000000000002,-25.2991,-11.726814,-18.4326,-11.655601,-7.96509,-17.728132,17.8528,-5.3433914
185.79999999999998,-25.2686,-11.666268,-18.4326,-12.1652975,-7.87353,-17.680286,18.3716,-5.193828
185.9,-25.238,-11.605342,-18.3716,-12.657533,-7.8125,-17.632246,18.9514,-5.0415854
186.0,-25.2075,-11.544026,-18.3411,-13.132069,-7.72095,-17.584013,19.4702,-4.88656
186.1,-25.2075,-11.482315,-18.28,-13.58879,-7.59888,-17.535585,19.9585,-4.7286444
186.20000000000002,-25.238,-11.4202,-18.219,-14.027694,-7.44629,-17.486965,20.4468,-4.5677257
186.29999999999998,-25.177,-11.357674,-18.1885,-14.44888,-7.35474,-17.438152,20.874,-4.403685
186.4,-25.1465,-11.294726,-18.1885,-14.852539,-7.23267,-17.389147,21.3318,-4.236398
186.5,-25.2075,-11.23135,-18.158,-15.238937,-7.14111,-17.339949,21.7285,-4.065735
186.6,-25.116,-11.167536,-18.0969,-15.608408,-7.08008,-17.29056,22.2168,-3.891558
186.70000000000002,-25.0549,-11.103274,-18.0664,-15.961338,-6.89697,-17.240978,22.522,-3.7137244
186.79999999999998,-25.0854,-11.038557,-18.0664,-16.29816,-6.89697,-17.191204,22.8882,-3.5320837
186.9,-25.0854,-10.973374,-18.0054,-16.619339,-6.74438,-17.14124,23.2239,-3.3464785
187.0,-25.0854,-10.907716,-18.0054,-16.925365,-6.65283,-17.091082,23.4985,-3.1567433
187.1,-25.0549,-10.841571,-17.9138,-17.216751,-6.53076,-17.040731,23.7427,-2.9627051
187.20000000000002,-24.9939,-10.774929,-17.8528,-17.494015,-6.43921,-16.990189,23.8953,-2.7641823
187.29999999999998,-24.9634,-10.70778,-17.8223,-17.757683,-6.28662,-16.939453,24.0478,-2.560985
187.4,-24.9023,-10.640113,-17.8223,-18.008284,-6.19507,-16.888525,24.1089,-2.3529148
187.5,-24.8413,-10.571916,-17.8223,-18.246342,-6.073,-16.837404,24.1394,-2.1397634
187.6,-24.8718,-10.503177,-17.7612,-18.472372,-5.98144,-16.78609,24.1394,-1.9213135
187.70000000000002,-24.8108,-10.433883,-17.7307,-18.686884,-5.82886,-16.734583,24.0173,-1.6973386
187.79999999999998,-24.8413,-10.364022,-17.6392,-18.890375,-5.70679,-16.68288,23.8953,-1.4676014
187.9,-24.7803,-10.293582,-17.6392,-19.083326,-5.61523,-16.630983,23.7427,-1.2318556
188.0,-24.7498,-10.2225485,-17.5781,-19.266207,-5.49316,-16.578892,23.468,-0.98984396
188.1,-24.7192,-10.1509075,-17.5476,-19.43947,-5.43213,-16.526606,23.2544,-0.7412993
188.20000000000002,-24.6582,-10.078645,-17.5171,-19.603556,-5.24902,-16.474123,23.0103,-0.48594397
188.29999999999998,-24.6582,-10.005745,-17.4561,-19.758883,-5.12695,-16.421444,22.6746,-0.22349015
188.4,-24.5972,-9.932194,-17.4561,-19.905855,-4.97436,-16.368567,22.2778,0.046360493
188.5,-24.6277,-9.857975,-17.4561,-20.044863,-4.85229,-16.315493,21.9116,0.32391644
188.6,-24.5666,-9.783072,-17.395,-20.176275,-4.73022,-16.262218,21.4539,0.6094965
188.70000000000002,-24.5361,-9.707468,-17.334,-20.30045,-4.54712,-16.208746,21.0876,0.90342927
188.79999999999998,-24.5056,-9.6311455,-17.334,-20.417725,-4.39453,-16.155073,20.5994,1.2060528
188.9,-24.4446,-9.554087,-17.334,-20.528425,-4.30298,-16.101198,20.1111,1.5177145
189.0,-24.4141,-9.476273,-17.2729,-20.63286,-4.18091,-16.047121,19.5312,1.8387704
189.1,-24.353,-9.397683,-17.2119,-20.731325,-4.02832,-15.992842,19.0124,2.1695843
189.20000000000002,-24.353,-9.318299,-17.1509,-20.8241,-3.87573,-15.938358,18.3411,2.510527
189.29999999999998,-24.3225,-9.2381,-17.0898,-20.911455,-3.72314,-15.88367,17.7917,2.8619742
189.4,-24.2615,-9.1570635,-17.0898,-20.993643,-3.54004,-15.828775,17.0898,3.224306
189.5,-24.231,-9.075167,-17.0593,-21.070906,-3.41797,-15.773673,16.449,3.597903
189.6,-24.231,-8.992388,-17.0288,-21.143475,-3.26538,-15.718362,15.6555,3.9831433
189.70000000000002,-24.1394,-8.908702,-16.9678,-21.211567,-3.14331,-15.662841,15.0146,4.380399
189.79999999999998,-24.1394,-8.824084,-16.9678,-21.275393,-3.02124,-15.607109,14.2822,4.7900324
189.9,-24.1394,-8.738509,-16.9373,-21.33515,-2.86865,-15.551165,13.4888,5.212386
190.0,-24.0478,-8.65195,-16.8457,-21.391027,-2.65503,-15.495007,12.6953,5.6477795
190.1,-24.0478,-8.564378,-16.8457,-21.443203,-2.50244,-15.438633,11.8408,6.096498
190.20000000000002,-23.9563,-8.475765,-16.7541,-21.491846,-2.34985,-15.382043,10.9863,6.558784
190.29999999999998,-23.9868,-8.386082,-16.6931,-21.537119,-2.10571,-15.325234,10.1929,7.0348244
190.4,-23.8953,-8.295296,-16.6931,-21.579174,-1.89209,-15.268206,9.27734,7.5247383
190.5,-23.8342,-8.203375,-16.6321,-21.618158,-1.7395,-15.210956,8.39233,8.028561
190.6,-23.8037,-8.110285,-16.6321,-21.65421,-1.5564,-15.1534815,7.50732,8.546227
190.70000000000002,-23.7427,-8.015991,-16.6016,-21.68746,-1.34277,-15.095782,6.53076,9.077558
190.8,-23.7732,-7.920457,-16.571,-21.718033,-1.09863,-15.037856,5.61523,9.622233
190.89999999999998,-23.7122,-7.823644,-16.51,-21.74605,-0.88501,-14.979701,4.66919,10.179782
191.0,-23.7122,-7.7255135,-16.4795,-21.771622,-0.732422,-14.921315,3.69263,10.749553
191.1,-23.6816,-7.6260233,-16.4185,-21.794857,-0.457764,-14.862696,2.68555,11.3307
191.20000000000002,-23.6206,-7.5251307,-16.3574,-21.815857,-0.244141,-14.803842,1.7395,11.922163
191.3,-23.5901,-7.4227905,-16.3574,-21.834719,-0.0610352,-14.74475,0.762939,12.522646
191.39999999999998,-23.6206,-7.3189564,-16.3269,-21.851534,0.152588,-14.685419,-0.274658,13.130606
191.5,-23.5291,-7.2135787,-16.2964,-21.86639,0.427246,-14.625846,-1.19019,13.744241
191.6,-23.468,-7.106607,-16.2659,-21.879372,0.671387,-14.566029,-2.19727,14.361485
191.70000000000002,-23.468,-6.9979877,-16.2048,-21.890558,0.915527,-14.505964,-3.14331,14.980005
191.8,-23.3765,-6.8876657,-16.1438,-21.900024,1.15967,-14.445651,-4.05884,15.597216
191.89999999999998,-23.3765,-6.7755823,-16.1133,-21.907843,1.52588,-14.385086,-5.00488,16.210287
192.0,-23.3459,-6.661677,-16.1133,-21.91408,1.77002,-14.324266,-5.95093,16.816175
192.1,-23.2849,-6.5458856,-16.1133,-21.918802,1.98364,-14.263189,-6.83594,17.41165
192.20000000000002,-23.2849,-6.428142,-16.0522,-21.922071,2.31934,-14.201852,-7.78198,17.993341
192.3,-23.2239,-6.308377,-16.0217,-21.923944,2.59399,-14.140251,-8.69751,18.557789
192.39999999999998,-23.2239,-6.186517,-15.9607,-21.924479,2.89917,-14.078383,-9.52148,19.101494
192.5,-23.1934,-6.062485,-15.9302,-21.923729,3.17383,-14.016247,-10.3149,19.620983
192.6,-23.1323,-5.9362025,-15.8997,-21.921743,3.54004,-13.953837,-11.1084,20.112871
192.70000000000002,-23.0713,-5.8075843,-15.8691,-21.918573,3.84521,-13.891152,-11.8713,20.573923
192.8,-23.0103,-5.6765428,-15.8386,-21.914263,4.15039,-13.828188,-12.6648,21.001118
192.89999999999998,-22.9797,-5.542986,-15.8081,-21.908855,4.5166,-13.76494,-13.3057,21.3917
193.0,-22.9492,-5.406816,-15.7471,-21.902393,4.88281,-13.7014065,-13.977,21.743238
193.1,-22.9492,-5.267932,-15.7166,-21.894918,5.24902,-13.637582,-14.6179,22.053658
193.20000000000002,-22.9187,-5.1262264,-15.625,-21.886467,5.5542,-13.573463,-15.2283,22.32128
193.3,-22.8882,-4.9815874,-15.564,-21.877075,5.95093,-13.509047,-15.8081,22.544842
193.39999999999998,-22.8271,-4.8338966,-15.5334,-21.866777,6.34766,-13.444327,-16.2964,22.72351
193.5,-22.8271,-4.68303,-15.5334,-21.855608,6.7749,-13.379302,-16.7847,22.85688
193.6,-22.7966,-4.528857,-15.5029,-21.843597,7.17163,-13.313967,-17.2729,22.944967
193.70000000000002,-22.7661,-4.3712406,-15.4419,-21.830776,7.62939,-13.248316,-17.7612,22.988192
193.8,-22.7356,-4.2100363,-15.4419,-21.817171,8.08716,-13.182345,-18.2495,22.98735
193.89999999999998,-22.644,-4.0450916,-15.3809,-21.802813,8.48389,-13.116051,-18.5852,22.943586
194.0,-22.6135,-3.8762472,-15.3503,-21.787724,8.88061,-13.049427,-18.9819,22.858347
194.1,-22.583,-3.7033343,-15.3503,-21.77193,9.33838,-12.982469,-19.3176,22.733347
194.20000000000002,-22.583,-3.5261757,-15.3198,-21.755459,9.79614,-12.915171,-19.6533,22.570517
194.3,-22.522,-3.3445847,-15.2588,-21.738329,10.2539,-12.847528,-19.928,22.371964
194.39999999999998,-22.4609,-3.1583648,-15.2588,-21.720564,10.8032,-12.779536,-20.2637,22.139923
194.5,-22.4609,-2.967309,-15.1672,-21.702183,11.2915,-12.711188,-20.5078,21.876713
194.6,-22.3999,-2.7711995,-15.0757,-21.683207,11.7798,-12.642479,-20.7825,21.584696
194.70000000000002,-22.3694,-2.569807,-15.1062,-21.663654,12.3291,-12.573402,-20.9351,21.266237
194.8,-22.3694,-2.3628905,-15.0452,-21.643545,12.8479,-12.503953,-21.1792,20.92367
194.89999999999998,-22.2778,-2.1501958,-15.0452,-21.622894,13.3972,-12.434124,-21.3928,20.559269
195.0,-22.2473,-1.9314566,-14.9841,-21.601719,13.977,-12.363909,-21.5759,20.175217
195.1,-22.2473,-1.706392,-14.9536,-21.580036,14.5569,-12.293301,-21.7285,19.77359
195.20000000000002,-22.2168,-1.4747078,-14.8926,-21.55786,15.1062,-12.222293,-21.9116,19.35634
195.3,-22.1863,-1.2360946,-14.8315,-21.535204,15.7166,-12.150878,-22.0642,18.925282
195.39999999999998,-22.1558,-0.9902282,-14.7705,-21.512085,16.2964,-12.079049,-22.1863,18.482077
195.5,-22.1252,-0.73676884,-14.7705,-21.488514,16.8457,-12.006799,-22.3999,18.028238
195.6,-22.0337,-0.47536066,-14.74,-21.464504,17.4255,-11.934118,-22.522,17.565128
195.70000000000002,-22.0337,-0.20563155,-14.74,-21.440067,18.0054,-11.861001,-22.644,17.093954
195.8,-21.9727,0.07280752,-14.6179,-21.415215,18.5547,-11.787438,-22.7051,16.615776
195.89999999999998,-21.9421,0.3603625,-14.6179,-21.38996,19.0735,-11.713421,-22.7661,16.131508
196.0,-21.9116,0.65745664,-14.5874,-21.364311,19.6533,-11.638941,-22.9492,15.641928
196.1,-21.8811,0.9645308,-14.5569,-21.33828,20.1721,-11.563989,-23.0103,15.147686
196.20000000000002,-21.8811,1.2820431,-14.4958,-21.311874,20.6604,-11.488556,-23.0713,14.649313
196.3,-21.8506,1.6104695,-14.4348,-21.285107,21.2097,-11.412632,-23.1323,14.147226
196.39999999999998,-21.8201,1.9503028,-14.3738,-21.257984,21.5454,-11.336207,-23.1628,13.641742
196.5,-21.8201,2.3020532,-14.3433,-21.230515,21.9421,-11.259272,-23.2544,13.133083
196.6,-21.7285,2.6662462,-14.3127,-21.202707,22.3389,-11.181815,-23.2849,12.621393
196.70000000000002,-21.759,3.0434217,-14.2517,-21.17457,22.7051,-11.1038265,-23.3459,12.106739
196.8,-21.698,3.4341323,-14.2212,-21.14611,22.9492,-11.025294,-23.407,11.589124
196.9,-21.7285,3.83894,-14.1907,-21.117336,23.2239,-10.946207,-23.407,11.068495
197.0,-21.6675,4.258412,-14.2212,-21.088255,23.4985,-10.866552,-23.4375,10.544754
197.1,-21.6064,4.6931148,-14.1296,-21.058872,23.6206,-10.786318,-23.468,10.017765
197.2,-21.5454,5.143609,-14.0991,-21.029196,23.6511,-10.705491,-23.4985,9.487361
197.3,-21.4844,5.6104393,-14.0686,-20.999231,23.8037,-10.624059,-23.4985,8.953354
197.4,-21.4539,6.0941243,-14.0076,-20.968985,23.8037,-10.542007,-23.5596,8.415544
197.5,-21.4539,6.595144,-13.977,-20.93846,23.7732,-10.459323,-23.5596,7.8737254
197.6,-21.4233,7.113923,-13.916,-20.907663,23.7732,-10.375991,-23.5291,7.327699
197.7,-21.3928,7.650816,-13.8855,-20.876602,23.6816,-10.291996,-23.5901,6.7772794
197.8,-21.3623,8.206083,-13.8245,-20.84528,23.4985,-10.207322,-23.5901,6.2223034
197.9,-21.3318,8.77987,-13.7634,-20.813702,23.3459,-10.121954,-23.6206,5.6626415
198.0,-21.3013,9.37218,-13.7329,-20.781872,23.1323,-10.035874,-23.5596,5.098207
198.1,-21.3013,9.982844,-13.6719,-20.749796,22.8271,-9.949066,-23.5291,4.528967
198.2,-21.2097,10.611494,-13.5803,-20.717476,22.522,-9.861511,-23.5291,3.954951
198.3,-21.1792,11.2575245,-13.5498,-20.684917,22.1252,-9.773191,-23.4985,3.3762615
198.4,-21.1487,11.920063,-13.4888,-20.652124,21.7895,-9.684087,-23.4985,2.7930818
198.5,-21.1487,12.597938,-13.4583,-20.619102,21.3013,-9.594178,-23.5596,2.2056808
198.6,-21.1182,13.289642,-13.3972,-20.585854,20.813,-9.503445,-23.468,1.6144184
198.7,-21.0876,13.993314,-13.3972,-20.55238,20.2942,-9.411865,-23.468,1.0197436
198.8,-21.0876,14.706705,-13.3972,-20.518686,19.7449,-9.319417,-23.407,0.4221928
198.9,-20.9961,15.4271755,-13.3362,-20.484776,19.165,-9.226078,-23.3765,-0.1776166
199.0,-20.9656,16.151684,-13.2751,-20.450651,18.5242,-9.131824,-23.4375,-0.7789898
199.1,-20.9961,16.8768,-13.3057,-20.416317,17.9749,-9.036629,-23.3459,-1.3811634
199.2,-20.9351,17.598724,-13.2141,-20.381775,17.3645,-8.940469,-23.3765,-1.9833077
199.3,-20.9351,18.313324,-13.1226,-20.347029,16.7847,-8.843316,-23.3154,-2.5845327
199.4,-20.9045,19.016191,-13.092,-20.31208,16.1438,-8.745144,-23.2849,-3.18389
199.5,-20.8435,19.702705,-13.0615,-20.276932,15.4419,-8.645923,-23.2239,-3.7803822
199.6,-20.813,20.36811,-13.0005,-20.241587,14.7095,-8.545623,-23.2239,-4.372966
199.7,-20.8435,21.007612,-12.9089,-20.206047,13.977,-8.444213,-23.1628,-4.960566
199.8,-20.7825,21.616467,-12.8784,-20.170315,13.2141,-8.3416605,-23.1323,-5.5420876
199.9,-20.7214,22.190084,-12.8479,-20.134392,12.3291,-8.237933,-23.1018,-6.1164317
200.0,-20.752,22.724127,-12.8174,-20.098282,11.5967,-8.132995,-23.0408,-6.682512
200.1,-20.6909,23.214594,-12.6953,-20.061985,10.7117,-8.026809,-23.0713,-7.239271
200.2,-20.6299,23.657913,-12.6953,-20.025505,9.88769,-7.9193377,-23.0103,-7.785701
200.3,-20.5994,24.051004,-12.6953,-19.988842,9.00268,-7.810542,-22.9187,-8.320852
200.4,-20.5688,24.391338,-12.6038,-19.952,8.14819,-7.700381,-22.9187,-8.843855
200.5,-20.5688,24.676973,-12.5732,-19.914978,7.32422,-7.588811,-22.8882,-9.353924
200.6,-20.5078,24.906584,-12.5427,-19.87778,6.37817,-7.4757876,-22.8271,-9.85037
200.7,-20.4773,25.07946,-12.4817,-19.840408,5.46265,-7.361264,-22.7966,-10.332607
200.8,-20.4773,25.195505,-12.4512,-19.802862,4.57764,-7.245192,-22.7661,-10.800152
200.9,-20.4468,25.255209,-12.3901,-19.765144,3.66211,-7.12752,-22.7661,-11.2526245
201.0,-20.4468,25.259613,-12.3596,-19.727255,2.71606,-7.0081954,-22.7356,-11.689751
201.1,-20.3857,25.210257,-12.3291,-19.689196,1.77002,-6.8871627,-22.6746,-12.111352
201.2,-20.3247,25.109129,-12.2986,-19.650969,0.823975,-6.7643642,-22.644,-12.5173435
201.3,-20.3552,24.958603,-12.2681,-19.612576,-0.12207,-6.6397395,-22.583,-12.907726
201.4,-20.3247,24.761366,-12.146,-19.574017,-1.15967,-6.5132256,-22.522,-13.282579
201.5,-20.2942,24.520353,-12.085,-19.535294,-2.10571,-6.3847556,-22.4915,-13.642052
201.6,-20.2637,24.238678,-12.0239,-19.496407,-3.08228,-6.254261,-22.4304,-13.986352
201.7,-20.2332,23.919561,-11.9324,-19.45736,-4.02832,-6.121669,-22.3999,-14.315743
201.8,-20.2026,23.566277,-11.9324,-19.41815,-5.00488,-5.9869037,-22.3083,-14.630533
201.9,-20.2026,23.182081,-11.9019,-19.37878,-5.95093,-5.849886,-22.2778,-14.931065
202.0,-20.1111,22.770174,-11.8408,-19.339252,-6.80542,-5.710533,-22.2168,-15.217711
202.1,-20.1416,22.333643,-11.7493,-19.299566,-7.72095,-5.5687575,-22.1558,-15.490871
202.2,-20.0806,21.875433,-11.6882,-19.259722,-8.63647,-5.424468,-22.0947,-15.7509575
202.3,-20.0806,21.398312,-11.6272,-19.21972,-9.49097,-5.277569,-22.0337,-15.998397
202.4,-20.0806,20.904848,-11.5967,-19.179565,-10.3455,-5.1279597,-22.0337,-16.233624
202.5,-20.0806,20.397396,-11.5356,-19.139254,-11.1084,-4.975535,-21.9421,-16.457073
202.6,-20.05,19.878086,-11.5051,-19.09879,-11.8408,-4.820184,-21.9116,-16.669184
202.7,-19.9585,19.348824,-11.4441,-19.05817,-12.6038,-4.661792,-21.8506,-16.870388
202.8,-19.9585,18.81128,-11.3525,-19.017399,-13.3362,-4.500236,-21.7895,-17.061115
202.9,-19.928,18.266907,-11.322,-18.976475,-14.0381,-4.335389,-21.7285,-17.241787
203.0,-19.8364,17.716944,-11.261,-18.9354,-14.6484,-4.1671166,-21.698,-17.412817
203.1,-19.8364,17.162422,-11.261,-18.894173,-15.2893,-3.9952781,-21.6064,-17.574604
203.2,-19.8059,16.604187,-11.1389,-18.852795,-15.8386,-3.8197255,-21.5759,-17.727541
203.3,-19.7144,16.0429,-11.0474,-18.811268,-16.4185,-3.6403036,-21.5149,-17.872005
203.4,-19.7144,15.479062,-10.9558,-18.76959,-16.9067,-3.456849,-21.4844,-18.008366
203.5,-19.7144,14.913026,-10.8643,-18.727764,-17.395,-3.2691913,-21.3928,-18.136972
203.6,-19.6838,14.345012,-10.8337,-18.68579,-17.9138,-3.0771503,-21.3318,-18.258167
203.7,-19.6838,13.775117,-10.7422,-18.643665,-18.4021,-2.8805377,-21.2708,-18.372278
203.8,-19.6228,13.203336,-10.6812,-18.601395,-18.8293,-2.6791558,-21.2097,-18.479618
203.9,-19.5923,12.629568,-10.6201,-18.558975,-19.2261,-2.4727972,-21.1792,-18.58049
204.0,-19.5312,12.0536375,-10.5591,-18.516409,-19.5618,-2.2612445,-21.0876,-18.675182
204.1,-19.5618,11.475295,-10.5591,-18.473696,-19.928,-2.04427,-21.0571,-18.763971
204.2,-19.5312,10.894239,-10.498,-18.430836,-20.2026,-1.8216355,-20.9656,-18.84712
204.3,-19.5007,10.310124,-10.437,-18.387829,-20.5078,-1.5930917,-20.9351,-18.924881
204.4,-19.4397,9.7225685,-10.3455,-18.344675,-20.7825,-1.358378,-20.8435,-18.997496
204.5,-19.4092,9.131166,-10.2844,-18.301374,-21.0571,-1.1172227,-20.8435,-19.065195
204.6,-19.3787,8.535502,-10.1624,-18.257927,-21.3318,-0.86934155,-20.813,-19.128199
204.7,-19.3176,7.9351597,-10.1318,-18.214334,-21.5149,-0.61443913,-20.6909,-19.186716
204.8,-19.3176,7.329732,-10.0403,-18.170595,-21.7895,-0.35220766,-20.6604,-19.240946
204.9,-19.2566,6.718836,-10.0403,-18.12671,-21.9421,-0.082327515,-20.6299,-19.291079
205.0,-19.2261,6.102123,-9.88769,-18.08268,-22.1558,0.19553337,-20.5383,-19.337294
205.1,-19.1956,5.4792957,-9.82666,-18.038504,-22.3083,0.48171884,-20.4773,-19.379766
205.2,-19.1956,4.850121,-9.70459,-17.99418,-22.4304,0.7765852,-20.4468,-19.41866
205.3,-19.165,4.2144446,-9.67407,-17.949713,-22.644,1.0805002,-20.4163,-19.454128
205.4,-19.104,3.572206,-9.58252,-17.9051,-22.7051,1.3938437,-20.3552,-19.486322
205.5,-19.0735,2.9234526,-9.52148,-17.86034,-22.8271,1.7170061,-20.2637,-19.515385
205.6,-19.043,2.2683508,-9.46045,-17.815434,-22.9797,2.0503888,-20.2637,-19.54145
205.7,-19.0735,1.6071953,-9.39941,-17.770382,-23.0713,2.394403,-20.1721,-19.564646
205.8,-19.0124,0.940411,-9.27734,-17.725183,-23.2239,2.749468,-20.2026,-19.585094
205.9,-19.0124,0.2685526,-9.18579,-17.679838,-23.2849,3.11601,-20.1111,-19.602913
206.0,-18.9819,-0.4076993,-9.12475,-17.634346,-23.3765,3.4944592,-20.0806,-19.61821
206.1,-18.9819,-1.0875452,-9.0332,-17.588707,-23.468,3.885248,-20.0195,-19.631092
206.2,-18.8599,-1.7700709,-8.97217,-17.542921,-23.468,4.288805,-19.989,-19.64166
206.3,-18.8293,-2.4542522,-8.88061,-17.496988,-23.5901,4.705552,-19.928,-19.650011
206.4,-18.7988,-3.1389565,-8.78906,-17.450909,-23.6206,5.135896,-19.8364,-19.656233
206.5,-18.7988,-3.8229477,-8.72803,-17.40468,-23.6816,5.580223,-19.8059,-19.660412
206.6,-18.7988,-4.504895,-8.63647,-17.358303,-23.7122,6.0388875,-19.7449,-19.662632
206.7,-18.7683,-5.183387,-8.57544,-17.311777,-23.7122,6.512203,-19.6838,-19.662971
206.8,-18.7378,-5.8569484,-8.48389,-17.265102,-23.7427,7.0004296,-19.6228,-19.661505
206.9,-18.7378,-6.524069,-8.36182,-17.218279,-23.8342,7.5037575,-19.5618,-19.658302
207.0,-18.6768,-7.183227,-8.30078,-17.171305,-23.7732,8.022292,-19.5007,-19.653433
207.1,-18.5852,-7.832922,-8.20923,-17.124182,-23.8647,8.556037,-19.4397,-19.646961
207.2,-18.5852,-8.471703,-8.14819,-17.076908,-23.8342,9.104871,-19.4092,-19.638948
207.3,-18.5852,-9.098193,-8.05664,-17.029482,-23.8342,9.66853,-19.3481,-19.629452
207.4,-18.5547,-9.711122,-7.96509,-16.981905,-23.8342,10.246583,-19.3481,-19.618528
207.5,-18.5547,-10.309339,-7.87353,-16.934175,-23.8647,10.838406,-19.2871,-19.606232
207.6,-18.5242,-10.891832,-7.75146,-16.886293,-23.8647,11.443161,-19.2261,-19.592611
207.7,-18.4937,-11.457741,-7.69043,-16.838257,-23.8647,12.059773,-19.1956,-19.577717
207.8,-18.4326,-12.006357,-7.62939,-16.790066,-23.8647,12.686909,-19.1345,-19.561594
207.9,-18.4021,-12.537129,-7.44629,-16.74172,-23.8037,13.322955,-19.043,-19.544285
208.0,-18.4326,-13.049658,-7.41577,-16.69322,-23.7732,13.966008,-19.043,-19.525833
208.1,-18.4021,-13.543687,-7.26318,-16.644564,-23.8342,14.613864,-19.0124,-19.506279
208.2,-18.4021,-14.019097,-7.17163,-16.59575,-23.7732,15.264016,-18.9514,-19.48566
208.3,-18.3411,-14.475893,-7.08008,-16.54678,-23.8037,15.913664,-18.9209,-19.464014
208.4,-18.3411,-14.914187,-7.01904,-16.49765,-23.7427,16.559727,-18.8904,-19.441374
208.5,-18.28,-15.334191,-6.83594,-16.448362,-23.7732,17.198874,-18.8293,-19.417772
208.6,-18.28,-15.736199,-6.74438,-16.398914,-23.7122,17.827559,-18.7683,-19.393242
208.7,-18.2495,-16.120575,-6.65283,-16.349304,-23.7122,18.442072,-18.7073,-19.367813
208.8,-18.219,-16.487738,-6.53076,-16.299532,-23.6511,19.03859,-18.6768,-19.341515
208.9,-18.219,-16.838156,-6.40869,-16.249598,-23.7122,19.613245,-18.6157,-19.314373
209.0,-18.158,-17.172333,-6.40869,-16.1995,-23.6816,20.162197,-18.5547,-19.286415
209.1,-18.1885,-17.490795,-6.2561,-16.149237,-23.6206,20.681698,-18.5242,-19.257666
209.2,-18.158,-17.794086,-6.13403,-16.098808,-23.6206,21.168173,-18.4631,-19.22815
209.3,-18.158,-18.082764,-6.073,-16.048212,-23.5291,21.618288,-18.4021,-19.19789
209.4,-18.158,-18.357388,-5.92041,-15.997448,-23.468,22.029013,-18.3716,-19.166906
209.5,-18.0359,-18.618519,-5.82886,-15.946515,-23.468,22.397682,-18.3411,-19.135223
209.60000000000002,-18.0664,-18.86671,-5.70679,-15.8954115,-23.407,22.722038,-18.3411,-19.102858
209.7,-18.0054,-19.102509,-5.58472,-15.844137,-23.407,23.00027,-18.219,-19.06983
209.79999999999998,-17.9443,-19.326448,-5.46265,-15.792689,-23.3765,23.231041,-18.1885,-19.036158
209.9,-17.8833,-19.539051,-5.40161,-15.741068,-23.3459,23.41349,-18.1885,-19.00186
210.0,-17.9138,-19.740826,-5.24902,-15.689271,-23.2849,23.547247,-18.0969,-18.966951
210.10000000000002,-17.8833,-19.932262,-5.15747,-15.637298,-23.3154,23.632406,-18.0359,-18.93145
210.2,-17.8528,-20.113834,-5.00488,-15.585146,-23.2544,23.669516,-18.0054,-18.89537
210.29999999999998,-17.8223,-20.285997,-4.85229,-15.532814,-23.1934,23.659538,-17.9749,-18.858727
210.4,-17.7612,-20.449192,-4.76074,-15.480302,-23.1934,23.603819,-17.8833,-18.821533
210.5,-17.7612,-20.603838,-4.63867,-15.427607,-23.1323,23.504038,-17.8528,-18.783802
210.60000000000002,-17.6697,-20.75034,-4.5166,-15.374727,-23.1018,23.362156,-17.7612,-18.745546
210.7,-17.6697,-20.889082,-4.3335,-15.321662,-23.0103,23.180374,-17.7307,-18.70678
210.79999999999998,-17.6392,-21.020433,-4.21143,-15.26841,-22.9797,22.961073,-17.7002,-18.667513
210.9,-17.6697,-21.144745,-4.08935,-15.214968,-22.9492,22.706762,-17.6697,-18.627758
211.0,-17.6086,-21.262352,-3.93677,-15.161335,-22.8882,22.420033,-17.6086,-18.587524
211.10000000000002,-17.5781,-21.373575,-3.78418,-15.10751,-22.8577,22.103508,-17.4866,-18.546824
211.2,-17.5781,-21.478718,-3.69263,-15.05349,-22.8271,21.759804,-17.5171,-18.505665
211.29999999999998,-17.4561,-21.578072,-3.479,-14.999273,-22.7966,21.391485,-17.4255,-18.464058
211.4,-17.4866,-21.67191,-3.35693,-14.944859,-22.7356,21.001034,-17.3645,-18.42201
211.5,-17.4561,-21.760496,-3.20435,-14.890243,-22.6746,20.590826,-17.334,-18.379532
211.60000000000002,-17.4255,-21.84408,-3.08228,-14.835424,-22.6746,20.163105,-17.3035,-18.336632
211.7,-17.395,-21.922897,-2.89917,-14.780402,-22.6135,19.719965,-17.1814,-18.293316
211.79999999999998,-17.3645,-21.997173,-2.68555,-14.725173,-22.522,19.263334,-17.1509,-18.249594
211.9,-17.334,-22.067122,-2.50244,-14.669734,-22.4915,18.794975,-17.0898,-18.205471
212.0,-17.3035,-22.132946,-2.34985,-14.614084,-22.4915,18.316477,-17.0593,-18.160955
212.10000000000002,-17.2729,-22.19484,-2.16675,-14.558221,-22.4304,17.829252,-17.0288,-18.116053
212.2,-17.1814,-22.252985,-2.01416,-14.502141,-22.3999,17.334543,-16.9678,-18.070768
212.29999999999998,-17.2119,-22.307558,-1.80054,-14.445843,-22.2778,16.833426,-16.9373,-18.02511
212.4,-17.1814,-22.358723,-1.5564,-14.389323,-22.2473,16.326818,-16.8457,-17.979084
212.5,-17.1204,-22.406635,-1.31226,-14.33258,-22.1863,15.81549,-16.7847,-17.932693
212.60000000000002,-17.0593,-22.451447,-1.15967,-14.27561,-22.1863,15.300065,-16.7847,-17.885946
212.7,-17.0898,-22.493298,-0.976562,-14.2184105,-22.1252,14.78104,-16.7236,-17.838846
212.79999999999998,-17.0898,-22.532322,-0.732422,-14.160979,-22.0642,14.258793,-16.6626,-17.791397
212.9,-17.0593,-22.568647,-0.549316,-14.103313,-22.0337,13.73359,-16.6016,-17.743605
213.0,-16.9983,-22.602398,-0.305176,-14.045409,-21.9421,13.205603,-16.5405,-17.695473
213.10000000000002,-16.9373,-22.633686,-0.12207,-13.987264,-21.9421,12.674912,-16.4795,-17.647007
213.2,-16.8762,-22.662622,0.152588,-13.928874,-21.8811,12.141526,-16.4185,-17.59821
213.29999999999998,-16.8762,-22.689312,0.396728,-13.870237,-21.8506,11.605383,-16.3879,-17.549084
213.4,-16.8457,-22.713852,0.671387,-13.81135,-21.759,11.066364,-16.3574,-17.499636
213.5,-16.8152,-22.736338,0.854492,-13.752208,-21.698,10.524306,-16.2659,-17.449867
213.60000000000002,-16.8152,-22.756859,1.12915,-13.692808,-21.6064,9.979006,-16.2048,-17.39978
213.7,-16.7847,-22.7755,1.40381,-13.633147,-21.6064,9.430229,-16.2048,-17.34938
213.79999999999998,-16.7847,-22.79234,1.67847,-13.573221,-21.5454,8.877726,-16.1133,-17.29867
213.9,-16.7236,-22.807457,1.98364,-13.513027,-21.4844,8.321233,-16.1133,-17.24765
214.0,-16.7541,-22.820927,2.2583,-13.45256,-21.4844,7.760487,-16.0217,-17.196325
214.10000000000002,-16.6626,-22.832817,2.59399,-13.391817,-21.3928,7.195233,-15.9912,-17.144697
214.2,-16.6321,-22.843193,2.89917,-13.330792,-21.3318,6.6252346,-15.9302,-17.092768
214.29999999999998,-16.6321,-22.852118,3.20435,-13.269484,-21.2708,6.050286,-15.8386,-17.040539
214.4,-16.571,-22.859652,3.44849,-13.207885,-21.2402,5.47022,-15.8386,-16.988014
214.5,-16.5405,-22.865852,3.75366,-13.145992,-21.1487,4.884923,-15.7471,-16.935194
214.60000000000002,-16.51,-22.870775,4.08935,-13.083801,-21.1487,4.2943435,-15.7471,-16.882082
214.7,-16.449,-22.87447,4.42505,-13.021308,-21.0571,3.6985044,-15.686,-16.828678
214.79999999999998,-16.4185,-22.876986,4.82178,-12.958507,-21.0571,3.0975115,-15.5945,-16.774984
214.9,-16.3574,-22.87837,5.18799,-12.895392,-20.9351,2.4915657,-15.564,-16.721003
215.0,-16.2964,-22.878668,5.5542,-12.831961,-20.9656,1.8809655,-15.5029,-16.666733
215.10000000000002,-16.3269,-22.877922,5.95093,-12.768206,-20.9045,1.2661114,-15.4419,-16.612179
215.2,-16.2659,-22.876173,6.34766,-12.704123,-20.813,0.6475042,-15.4114,-16.557339
215.29999999999998,-16.2964,-22.873459,6.68335,-12.639705,-20.752,0.025740564,-15.3809,-16.502216
215.4,-16.2353,-22.869818,7.14111,-12.574947,-20.752,-0.5984921,-15.3198,-16.446812
215.5,-16.1743,-22.865284,7.53784,-12.509845,-20.6909,-1.2244217,-15.3198,-16.391125
215.60000000000002,-16.2048,-22.859892,7.9956,-12.44439,-20.6604,-1.851198,-15.2588,-16.335155
215.7,-16.1438,-22.853672,8.42285,-12.378578,-20.5688,-2.4778948,-15.1978,-16.278906
215.79999999999998,-16.1133,-22.846655,8.88061,-12.312403,-20.5078,-3.1035144,-15.1062,-16.222376
215.9,-16.0522,-22.838871,9.39941,-12.245856,-20.5078,-3.7269945,-15.0757,-16.165567
216.0,-16.0217,-22.830349,9.85718,-12.178932,-20.4773,-4.3472133,-15.0452,-16.108479
216.1,-16.0217,-22.821114,10.376,-12.111624,-20.4468,-4.963002,-14.9841,-16.051111
216.20000000000002,-15.9607,-22.81119,10.8948,-12.043924,-20.3857,-5.5731606,-14.9231,-15.993464
216.29999999999998,-15.8997,-22.800602,11.4441,-11.975826,-20.2942,-6.1764736,-14.8926,-15.935538
216.4,-15.9302,-22.789375,11.9934,-11.907322,-20.2637,-6.7717304,-14.801,-15.877333
216.5,-15.8997,-22.77753,12.4817,-11.838404,-20.2026,-7.3577456,-14.7705,-15.818848
216.6,-15.8386,-22.765089,13.0005,-11.769064,-20.0806,-7.93338,-14.74,-15.760083
216.70000000000002,-15.8691,-22.75207,13.6108,-11.699294,-20.05,-8.49756,-14.6484,-15.701039
216.79999999999998,-15.7471,-22.738493,14.1296,-11.629086,-20.0195,-9.04929,-14.6179,-15.641715
216.9,-15.7471,-22.724377,14.7095,-11.558429,-20.0195,-9.587672,-14.6179,-15.582109
217.0,-15.686,-22.70974,15.2588,-11.487316,-19.9585,-10.111916,-14.5264,-15.5222225
217.1,-15.6555,-22.694597,15.8081,-11.415737,-19.928,-10.621342,-14.4958,-15.462053
217.20000000000002,-15.625,-22.678967,16.3879,-11.343683,-19.8975,-11.115389,-14.4653,-15.401601
217.29999999999998,-15.5945,-22.662863,16.9067,-11.271144,-19.8669,-11.593616,-14.4043,-15.340865
217.4,-15.625,-22.646301,17.4866,-11.19811,-19.8059,-12.055695,-14.3433,-15.279844
217.5,-15.564,-22.629295,18.0664,-11.12457,-19.7449,-12.501413,-14.3127,-15.218537
217.6,-15.5334,-22.611858,18.6462,-11.050513,-19.6533,-12.930662,-14.2212,-15.156943
217.70000000000002,-15.5029,-22.594004,19.2871,-10.975929,-19.6228,-13.343429,-14.1602,-15.095061
217.79999999999998,-15.4724,-22.575745,19.8059,-10.900806,-19.6228,-13.73979,-14.1907,-15.032889
217.9,-15.4419,-22.55709,20.3247,-10.825132,-19.5312,-14.119902,-14.0686,-14.970427
218.0,-15.4114,-22.538055,20.8435,-10.748895,-19.4397,-14.483987,-14.0381,-14.907671
218.1,-15.3503,-22.518648,21.2708,-10.672081,-19.4397,-14.832329,-13.977,-14.844621
218.20000000000002,-15.3503,-22.49888,21.6675,-10.594679,-19.3481,-15.16526,-13.9465,-14.781275
218.29999999999998,-15.3503,-22.478762,22.0337,-10.516674,-19.3176,-15.483154,-13.916,-14.717631
218.4,-15.2893,-22.458302,22.3389,-10.438053,-19.3481,-15.786416,-13.8245,-14.6536875
218.5,-15.2588,-22.43751,22.644,-10.358801,-19.2566,-16.075478,-13.7939,-14.589442
218.6,-15.2283,-22.416395,22.8882,-10.278903,-19.165,-16.350786,-13.7024,-14.524893
218.70000000000002,-15.1978,-22.394966,23.0713,-10.198344,-19.165,-16.612806,-13.6719,-14.460037
218.79999999999998,-15.1672,-22.37323,23.2239,-10.117109,-19.1345,-16.862005,-13.5803,-14.394874
218.9,-15.1062,-22.351194,23.407,-10.035181,-19.0735,-17.098856,-13.5498,-14.329399
219.0,-15.0757,-22.328867,23.468,-9.952542,-18.9819,-17.32383,-13.5498,-14.263612
219.1,-15.0452,-22.306255,23.468,-9.869175,-18.9514,-17.537392,-13.5193,-14.197508
219.20000000000002,-15.0452,-22.283367,23.407,-9.785062,-18.9209,-17.740005,-13.5193,-14.131085
219.29999999999998,-15.0452,-22.260208,23.3154,-9.700184,-18.8293,-17.932121,-13.3972,-14.064342
219.4,-14.9841,-22.236784,23.1628,-9.614521,-18.8599,-18.114182,-13.3667,-13.9972725
219.5,-14.8926,-22.2131,23.0713,-9.528053,-18.7683,-18.286615,-13.3057,-13.929876
219.6,-14.9231,-22.189165,22.8271,-9.440761,-18.7378,-18.449839,-13.2751,-13.862148
219.70000000000002,-14.8315,-22.164982,22.5525,-9.35262,-18.6462,-18.604258,-13.1836,-13.794086
219.79999999999998,-14.7705,-22.140558,22.2778,-9.26361,-18.5547,-18.75026,-13.1531,-13.725686
219.9,-14.74,-22.115898,21.9727,-9.173706,-18.4937,-18.88822,-13.0615,-13.656944
220.0,-14.7095,-22.091005,21.5759,-9.082885,-18.4937,-19.018501,-13.0005,-13.587857
220.1,-14.7095,-22.065886,21.1182,-8.99112,-18.4326,-19.141449,-12.97,-13.518421
220.20000000000002,-14.74,-22.040545,20.7214,-8.898387,-18.4021,-19.257397,-12.9089,-13.448632
220.29999999999998,-14.6484,-22.014986,20.2637,-8.804658,-18.3716,-19.366661,-12.8479,-13.378486
220.4,-14.6179,-21.989214,19.8059,-8.709905,-18.3105,-19.469547,-12.7563,-13.307978
220.5,-14.6179,-21.963232,19.2566,-8.614099,-18.28,-19.566347,-12.7258,-13.237103
220.6,-14.5569,-21.937046,18.7378,-8.517209,-18.219,-19.657337,-12.6648,-13.165858
220.70000000000002,-14.4958,-21.910658,18.158,-8.419204,-18.1885,-19.742785,-12.5732,-13.094237
220.79999999999998,-14.4653,-21.884071,17.4866,-8.32005,-18.158,-19.82294,-12.4817,-13.022236
220.9,-14.4653,-21.85729,16.9373,-8.219715,-18.1274,-19.898048,-12.4207,-12.949848
221.0,-14.4348,-21.830318,16.2353,-8.118162,-18.0969,-19.968336,-12.3901,-12.877069
221.1,-14.4043,-21.80316,15.5945,-8.015354,-18.0054,-20.034023,-12.3596,-12.803894
221.20000000000002,-14.3433,-21.775816,14.9536,-7.911253,-17.9749,-20.09532,-12.3291,-12.730316
221.29999999999998,-14.3127,-21.74829,14.2517,-7.805818,-17.9138,-20.152422,-12.2375,-12.65633
221.4,-14.2822,-21.720585,13.5193,-7.699008,-17.8833,-20.20552,-12.1765,-12.58193
221.5,-14.2517,-21.692703,12.8174,-7.590779,-17.8223,-20.254795,-12.1765,-12.50711
221.6,-14.1602,-21.66465,12.0239,-7.4810853,-17.7917,-20.300417,-12.085,-12.431862
221.70000000000002,-14.1602,-21.636425,11.2915,-7.3698797,-17.7612,-20.342548,-12.0239,-12.35618
221.8,-14.0991,-21.608032,10.498,-7.257113,-17.6697,-20.381344,-11.9934,-12.280058
221.89999999999998,-14.0686,-21.579473,9.70459,-7.142733,-17.6392,-20.416952,-11.9324,-12.203487
222.0,-14.0381,-21.55075,8.94165,-7.026686,-17.5781,-20.449512,-11.8713,-12.126462
222.1,-14.0076,-21.521868,8.05664,-6.908916,-17.5781,-20.479158,-11.8103,-12.048974
222.20000000000002,-13.916,-21.492825,7.20215,-6.7893634,-17.5781,-20.506016,-11.7493,-11.971015
222.3,-13.8855,-21.463625,6.28662,-6.667967,-17.5171,-20.530207,-11.6882,-11.892577
222.39999999999998,-13.8855,-21.43427,5.43213,-6.544662,-17.4255,-20.551846,-11.6272,-11.813651
222.5,-13.8245,-21.404764,4.45557,-6.4193816,-17.3645,-20.571041,-11.5356,-11.734229
222.6,-13.7329,-21.375107,3.60107,-6.292055,-17.3035,-20.587896,-11.5051,-11.654302
222.70000000000002,-13.7329,-21.345299,2.65503,-6.1626086,-17.2729,-20.60251,-11.5051,-11.57386
222.8,-13.7024,-21.315344,1.67847,-6.030965,-17.2424,-20.614979,-11.4136,-11.492894
222.89999999999998,-13.6414,-21.285242,0.732422,-5.8970423,-17.2424,-20.62539,-11.3831,-11.411394
223.0,-13.6108,-21.254997,-0.183105,-5.7607565,-17.1814,-20.633827,-11.2915,-11.3293495
223.1,-13.6108,-21.22461,-1.15967,-5.6220183,-17.1204,-20.640375,-11.2915,-11.24675
223.20000000000002,-13.5803,-21.19408,-2.13623,-5.4807343,-17.1509,-20.64511,-11.2305,-11.163585
223.3,-13.5193,-21.163412,-3.05176,-5.336807,-17.0593,-20.648102,-11.1389,-11.079842
223.39999999999998,-13.4888,-21.132605,-3.96728,-5.1901326,-16.9983,-20.649424,-11.0474,-10.99551
223.5,-13.4583,-21.101662,-4.91333,-5.0406036,-16.9678,-20.649141,-11.0168,-10.910577
223.6,-13.4277,-21.070581,-5.85937,-4.888107,-16.9067,-20.647318,-10.9253,-10.825029
223.70000000000002,-13.3972,-21.039368,-6.74438,-4.7325234,-16.8457,-20.644014,-10.8948,-10.738855
223.8,-13.3362,-21.00802,-7.62939,-4.573728,-16.8152,-20.639286,-10.8948,-10.6520405
223.89999999999998,-13.2751,-20.976542,-8.60596,-4.411589,-16.7847,-20.63319,-10.7727,-10.564571
224.0,-13.2751,-20.944933,-9.39941,-4.245969,-16.7236,-20.625778,-10.7422,-10.476433
224.1,-13.1836,-20.913195,-10.1929,-4.076722,-16.6931,-20.6171,-10.6506,-10.38761
224.20000000000002,-13.1531,-20.881327,-11.0168,-3.9036963,-16.6321,-20.607203,-10.6201,-10.298088
224.3,-13.092,-20.84933,-11.8408,-3.726731,-16.571,-20.596132,-10.5896,-10.20785
224.39999999999998,-13.0615,-20.81721,-12.5427,-3.5456574,-16.571,-20.583931,-10.4675,-10.116881
224.5,-13.031,-20.784962,-13.2446,-3.3602982,-16.5405,-20.57064,-10.437,-10.025163
224.6,-12.97,-20.75259,-13.9465,-3.1704671,-16.51,-20.5563,-10.376,-9.932677
224.70000000000002,-12.9395,-20.720095,-14.5874,-2.9759684,-16.449,-20.540945,-10.3149,-9.839406
224.8,-12.9395,-20.687477,-15.1672,-2.7765958,-16.4185,-20.524612,-10.2844,-9.74533
224.89999999999998,-12.8479,-20.654737,-15.8081,-2.5721335,-16.3879,-20.507338,-10.1929,-9.650429
225.0,-12.8479,-20.621876,-16.3574,-2.3623543,-16.3879,-20.489151,-10.1929,-9.554682
225.1,-12.7869,-20.588894,-16.9067,-2.1470194,-16.2659,-20.470085,-10.0708,-9.458069
225.20000000000002,-12.7869,-20.555792,-17.4561,-1.9258792,-16.2353,-20.450169,-9.97925,-9.360567
225.3,-12.7258,-20.522572,-17.8833,-1.6986715,-16.1743,-20.42943,-9.97925,-9.262153
225.39999999999998,-12.6648,-20.489233,-18.3411,-1.4651215,-16.1743,-20.407898,-9.82666,-9.162803
225.5,-12.6343,-20.455776,-18.7988,-1.2249417,-16.1133,-20.385595,-9.79614,-9.062492
225.6,-12.6038,-20.422203,-19.165,-0.97783136,-16.0522,-20.362549,-9.82666,-8.961195
225.70000000000002,-12.5732,-20.388514,-19.5618,-0.7234763,-15.9912,-20.338781,-9.70459,-8.858885
225.8,-12.5122,-20.354708,-19.928,-0.46154836,-15.9912,-20.314316,-9.61304,-8.755533
225.89999999999998,-12.4817,-20.320787,-20.2332,-0.19170573,-15.9302,-20.289173,-9.64355,-8.651112
226.0,-12.3901,-20.286753,-20.5078,0.08640769,-15.8997,-20.263374,-9.52148,-8.545589
226.1,-12.3901,-20.252604,-20.7825,0.37316212,-15.8691,-20.236938,-9.46045,-8.438936
226.20000000000002,-12.3596,-20.218342,-21.0876,0.66894233,-15.8386,-20.209885,-9.33838,-8.33112
226.3,-12.2681,-20.183968,-21.3623,0.9741473,-15.7471,-20.18223,-9.30786,-8.222105
226.39999999999998,-12.2375,-20.14948,-21.6064,1.28919,-15.7471,-20.153994,-9.27734,-8.111857
226.5,-12.1765,-20.114882,-21.7895,1.6144974,-15.7166,-20.12519,-9.15527,-8.0003395
226.6,-12.1155,-20.080172,-22.0032,1.95051,-15.686,-20.095837,-9.12475,-7.8875136
226.70000000000002,-12.085,-20.045351,-22.2473,2.297681,-15.6555,-20.065947,-9.0332,-7.77334
226.8,-12.085,-20.01042,-22.3999,2.6564753,-15.5945,-20.035536,-9.00268,-7.6577773
226.89999999999998,-12.0239,-19.975378,-22.583,3.0273676,-15.5334,-20.004618,-8.97217,-7.540782
227.0,-11.9324,-19.940226,-22.7661,3.4108412,-15.4419,-19.973206,-8.88061,-7.422309
227.1,-11.9629,-19.904964,-22.9187,3.8073838,-15.4114,-19.94131,-8.8501,-7.302311
227.20000000000002,-11.9324,-19.869595,-23.0408,4.2174845,-15.4114,-19.908947,-8.78906,-7.1807394
227.3,-11.8713,-19.834116,-23.1323,4.641628,-15.3503,-19.876125,-8.72803,-7.0575423
227.39999999999998,-11.8103,-19.798529,-23.2849,5.080289,-15.3198,-19.842855,-8.63647,-6.932667
227.5,-11.7493,-19.762835,-23.3459,5.5339236,-15.3198,-19.80915,-8.54492,-6.806057
227.6,-11.7798,-19.727032,-23.468,6.00296,-15.2588,-19.775019,-8.48389,-6.6776543
227.70000000000002,-11.6882,-19.691122,-23.5901,6.4877872,-15.2283,-19.74047,-8.45337,-6.5473976
227.8,-11.6577,-19.655106,-23.6206,6.9887404,-15.1978,-19.705517,-8.39233,-6.4152236
227.89999999999998,-11.5967,-19.618982,-23.6511,7.506087,-15.1978,-19.670164,-8.3313,-6.281065
228.0,-11.5662,-19.582752,-23.7427,8.040006,-15.1062,-19.634422,-8.20923,-6.1448526
228.1,-11.5356,-19.546415,-23.8037,8.590571,-15.0452,-19.598299,-8.14819,-6.006513
228.2,-11.5051,-19.509972,-23.8953,9.157728,-14.9841,-19.561802,-8.08716,-5.86597
228.3,-11.4746,-19.473423,-23.9258,9.741265,-14.9841,-19.524939,-8.05664,-5.723144
228.4,-11.3831,-19.436768,-23.9868,10.340794,-14.8926,-19.487717,-7.90405,-5.577951
228.5,-11.3525,-19.400007,-24.0478,10.955715,-14.8621,-19.450144,-7.87353,-5.430303
228.6,-11.2915,-19.36314,-24.0478,11.585198,-14.8621,-19.412226,-7.78198,-5.280109
228.7,-11.2,-19.326168,-24.1089,12.228149,-14.7705,-19.37397,-7.69043,-5.127272
228.8,-11.1694,-19.289091,-24.1089,12.883185,-14.7705,-19.33538,-7.62939,-4.971692
228.9,-11.1084,-19.25191,-24.1089,13.548613,-14.7095,-19.296465,-7.50732,-4.813263
229.0,-11.1084,-19.214622,-24.1699,14.22241,-14.6179,-19.257229,-7.44629,-4.6518736
229.1,-11.0779,-19.17723,-24.1699,14.902215,-14.5874,-19.217676,-7.35474,-4.487408
229.2,-11.0168,-19.139734,-24.231,15.585321,-14.5569,-19.177814,-7.2937,-4.319745
229.3,-10.9253,-19.102135,-24.2004,16.268686,-14.5874,-19.137648,-7.17163,-4.148756
229.4,-10.9253,-19.06443,-24.231,16.94895,-14.5264,-19.09718,-7.08008,-3.9743075
229.5,-10.8643,-19.02662,-24.231,17.622458,-14.4958,-19.056416,-6.98852,-3.796259
229.6,-10.8337,-18.988707,-24.2004,18.285315,-14.4043,-19.01536,-6.92749,-3.6144633
229.7,-10.7727,-18.95069,-24.2004,18.93343,-14.3738,-18.974016,-6.86645,-3.4287663
229.8,-10.6812,-18.912567,-24.2004,19.562584,-14.3433,-18.932388,-6.83594,-3.2390058
229.9,-10.6506,-18.87434,-24.1699,20.168509,-14.3127,-18.890482,-6.71387,-3.0450125
230.0,-10.6201,-18.83601,-24.2004,20.746962,-14.2822,-18.848299,-6.62231,-2.8466089
230.1,-10.5286,-18.797575,-24.2004,21.293812,-14.2212,-18.805843,-6.56128,-2.6436093
230.2,-10.4675,-18.759035,-24.1699,21.805126,-14.1907,-18.763119,-6.43921,-2.4358194
230.3,-10.376,-18.720392,-24.1699,22.277245,-14.1602,-18.720129,-6.34766,-2.2230356
230.4,-10.3149,-18.681644,-24.1394,22.70686,-14.0991,-18.676876,-6.28662,-2.0050454
230.5,-10.3149,-18.642792,-24.1394,23.091076,-14.0686,-18.633364,-6.22559,-1.7816272
230.6,-10.2539,-18.603836,-24.1089,23.427465,-14.0686,-18.589596,-6.19507,-1.5525492
230.7,-10.2539,-18.564775,-24.0478,23.714104,-13.977,-18.545574,-6.073,-1.3175706
230.8,-10.1318,-18.52561,-24.0478,23.949598,-13.977,-18.5013,-5.98144,-1.0764397
230.9,-10.0708,-18.48634,-24.0478,24.1331,-13.916,-18.456778,-5.88989,-0.8288959
231.0,-10.0403,-18.446964,-24.0173,24.264301,-13.8855,-18.412008,-5.79834,-0.5746678
231.1,-10.0098,-18.407484,-24.1089,24.343414,-13.855,-18.366995,-5.7373,-0.3134744
231.2,-9.94873,-18.367899,-24.0173,24.371153,-13.7939,-18.32174,-5.70679,-0.045024097
231.3,-9.91821,-18.328209,-24.0173,24.348688,-13.7329,-18.276243,-5.52368,0.2309838
231.4,-9.82666,-18.288414,-23.9563,24.277607,-13.6719,-18.230509,-5.46265,0.5148603
231.5,-9.76562,-18.248514,-23.8953,24.159859,-13.5498,-18.184538,-5.31006,0.8069258
231.6,-9.67407,-18.208508,-23.9258,23.997696,-13.6108,-18.138332,-5.24902,1.1075101
231.7,-9.64355,-18.168396,-23.8953,23.793621,-13.5498,-18.091894,-5.15747,1.4169515
231.8,-9.58252,-18.128178,-23.8953,23.550322,-13.5193,-18.045225,-5.0354,1.7355969
231.9,-9.49097,-18.087854,-23.8953,23.270613,-13.5193,-17.998325,-4.91333,2.0638006
232.0,-9.42993,-18.047424,-23.8037,22.95738,-13.4277,-17.951197,-4.82178,2.4019232
232.1,-9.33838,-18.006887,-23.8037,22.613531,-13.3667,-17.903841,-4.73022,2.7503312
232.2,-9.24683,-17.966244,-23.8037,22.241943,-13.2751,-17.85626,-4.63867,3.109394
232.3,-9.21631,-17.925493,-23.7427,21.845427,-13.2446,-17.808455,-4.5166,3.4794827
232.4,-9.15527,-17.884636,-23.7427,21.426682,-13.2141,-17.760426,-4.42505,3.860966
232.5,-9.09424,-17.84367,-23.7122,20.988276,-13.1531,-17.712175,-4.3335,4.2542076
232.6,-9.06372,-17.802597,-23.6511,20.532616,-13.092,-17.663704,-4.21143,4.65956
232.7,-8.94165,-17.761415,-23.6206,20.061935,-13.0615,-17.615011,-4.08935,5.0773616
232.8,-8.94165,-17.720125,-23.5596,19.578276,-13.031,-17.5661,-4.05884,5.507926
232.9,-8.8501,-17.678726,-23.5901,19.083485,-13.0005,-17.51697,-3.93677,5.9515367
233.0,-8.72803,-17.637217,-23.5291,18.579212,-12.97,-17.46762,-3.84521,6.4084363
233.1,-8.72803,-17.595598,-23.4985,18.066914,-12.8784,-17.418055,-3.69263,6.8788157
233.2,-8.66699,-17.55387,-23.468,17.54785,-12.8784,-17.368273,-3.54004,7.362801
233.3,-8.54492,-17.51203,-23.3765,17.023102,-12.7563,-17.318274,-3.44849,7.860441
233.4,-8.45337,-17.47008,-23.407,16.493574,-12.7258,-17.268059,-3.26538,8.371691
233.5,-8.39233,-17.428019,-23.3459,15.960008,-12.6648,-17.217628,-3.11279,8.896393
233.6,-8.30078,-17.385847,-23.2544,15.422991,-12.6343,-17.166985,-3.05176,9.434263
233.7,-8.20923,-17.343563,-23.2544,14.882973,-12.5732,-17.116125,-2.89917,9.984868
233.8,-8.14819,-17.301167,-23.1934,14.340276,-12.5122,-17.065052,-2.7771,10.547606
233.9,-8.05664,-17.258657,-23.1323,13.795106,-12.5122,-17.013765,-2.62451,11.121691
234.0,-7.9956,-17.216034,-23.1628,13.247568,-12.4512,-16.962263,-2.47192,11.706126
234.1,-7.84302,-17.173296,-23.1323,12.697673,-12.4512,-16.910547,-2.28882,12.299695
234.2,-7.8125,-17.130444,-23.0713,12.145356,-12.3596,-16.858618,-2.16675,12.90094
234.3,-7.65991,-17.087477,-23.0713,11.590483,-12.2681,-16.806475,-2.04468,13.508154
234.4,-7.62939,-17.044394,-23.0103,11.03286,-12.207,-16.754118,-1.95312,14.119373
234.5,-7.59888,-17.001194,-23.0103,10.472247,-12.146,-16.701546,-1.7395,14.732374
234.6,-7.50732,-16.957878,-22.9492,9.908369,-12.1155,-16.64876,-1.58691,15.344681
234.7,-7.38525,-16.914446,-22.8577,9.340921,-12.0239,-16.59576,-1.43433,15.953577
234.8,-7.32422,-16.870895,-22.8577,8.769581,-12.0239,-16.542545,-1.28174,16.556128
234.9,-7.14111,-16.827227,-22.8271,8.19402,-11.9324,-16.489115,-1.15967,17.14921
235.0,-7.04956,-16.783438,-22.7661,7.6139126,-11.9019,-16.435469,-0.88501,17.729551
235.1,-6.92749,-16.739529,-22.7051,7.028946,-11.8713,-16.381607,-0.732422,18.293774
235.2,-6.83594,-16.6955,-22.7356,6.438832,-11.8408,-16.327528,-0.518799,18.83845
235.3,-6.80542,-16.651348,-22.644,5.843321,-11.7187,-16.273233,-0.335693,19.360157
235.4,-6.62231,-16.607075,-22.6135,5.2422104,-11.6882,-16.218721,-0.183105,19.855543
235.5,-6.5918,-16.56268,-22.644,4.6353617,-11.6272,-16.16399,0.0,20.321383
235.6,-6.46973,-16.51816,-22.5525,4.0227094,-11.5662,-16.10904,0.183105,20.754642
235.7,-6.43921,-16.473515,-22.4915,3.4042764,-11.5356,-16.05387,0.366211,21.152534
235.8,-6.31714,-16.428745,-22.522,2.7801833,-11.4136,-15.998479,0.579834,21.512568
235.9,-6.19507,-16.38385,-22.4304,2.1506577,-11.3831,-15.942867,0.854492,21.832594
236.0,-6.10352,-16.338827,-22.3999,1.516039,-11.3525,-15.887033,1.06812,22.110842
236.1,-5.98144,-16.293676,-22.3999,0.8767804,-11.322,-15.830976,1.31226,22.345942
236.2,-5.88989,-16.248396,-22.2778,0.2334472,-11.2915,-15.7746935,1.49536,22.53694
236.3,-5.82886,-16.202986,-22.2778,-0.4132911,-11.2305,-15.718186,1.7395,22.683302
236.4,-5.64575,-16.157446,-22.2473,-1.0626637,-11.2,-15.661452,1.92261,22.784914
236.5,-5.58472,-16.111774,-22.2168,-1.7138071,-11.1084,-15.60449,2.19727,22.84206
236.6,-5.49316,-16.06597,-22.1863,-2.3657663,-11.0168,-15.547299,2.38037,22.855404
236.7,-5.37109,-16.020031,-22.1252,-3.017499,-10.9863,-15.489878,2.62451,22.825958
236.8,-5.27954,-15.973957,-22.0947,-3.667882,-10.9253,-15.432224,2.92969,22.755047
236.9,-5.18799,-15.927748,-22.0947,-4.3157167,-10.8643,-15.374338,3.20435,22.64427
237.0,-5.0354,-15.881401,-22.0337,-4.9597416,-10.8337,-15.316217,3.44849,22.495455
237.1,-4.91333,-15.834916,-21.9727,-5.5986476,-10.7727,-15.25786,3.66211,22.31062
237.2,-4.82178,-15.788292,-21.8811,-6.231099,-10.6812,-15.199265,3.96728,22.091917
237.3,-4.66919,-15.741527,-21.8506,-6.855756,-10.6506,-15.1404295,4.21143,21.8416
237.4,-4.5166,-15.69462,-21.8201,-7.4712963,-10.6201,-15.081353,4.57764,21.56198
237.5,-4.39453,-15.647571,-21.759,-8.076442,-10.498,-15.022034,4.85229,21.255379
237.6,-4.30298,-15.600376,-21.7895,-8.669981,-10.4675,-14.962469,5.09644,20.924105
237.7,-4.21143,-15.553037,-21.7285,-9.250789,-10.4065,-14.9026575,5.40161,20.570415
237.8,-4.08935,-15.505549,-21.698,-9.817843,-10.376,-14.842596,5.70679,20.19649
237.9,-3.93677,-15.457914,-21.637,-10.370241,-10.2844,-14.782284,6.073,19.804409
238.0,-3.75366,-15.41013,-21.637,-10.907206,-10.2234,-14.721718,6.40869,19.396137
238.1,-3.63159,-15.362193,-21.5454,-11.428091,-10.1624,-14.660896,6.71387,18.973507
238.2,-3.50952,-15.314104,-21.5454,-11.932386,-10.0708,-14.599816,7.04956,18.538208
238.3,-3.38745,-15.265861,-21.4844,-12.419711,-10.1013,-14.538476,7.41577,18.09179
238.4,-3.20435,-15.217462,-21.4844,-12.889812,-10.0098,-14.476872,7.78198,17.635643
238.5,-3.05176,-15.168904,-21.3623,-13.342556,-9.94873,-14.415004,8.14819,17.171015
238.6,-2.86865,-15.120189,-21.3928,-13.777918,-9.88769,-14.352866,8.5144,16.699005
238.7,-2.71606,-15.071312,-21.3318,-14.1959715,-9.82666,-14.290458,8.88061,16.22057
238.8,-2.56348,-15.022273,-21.3318,-14.596881,-9.79614,-14.227776,9.30786,15.736527
238.9,-2.41089,-14.973069,-21.2402,-14.9808855,-9.70459,-14.164816,9.64355,15.24757
239.0,-2.19727,-14.923699,-21.1792,-15.348291,-9.58252,-14.101577,10.0708,14.754267
239.1,-1.98364,-14.874162,-21.1792,-15.699457,-9.552,-14.038054,10.4675,14.257074
239.2,-1.86157,-14.824454,-21.1487,-16.034788,-9.49097,-13.974246,10.8948,13.756348
239.3,-1.67847,-14.774575,-21.0876,-16.354725,-9.42993,-13.910148,11.322,13.252348
239.4,-1.52588,-14.724523,-21.0571,-16.659735,-9.39941,-13.845757,11.7493,12.74525
239.5,-1.28174,-14.674294,-21.0571,-16.950304,-9.30786,-13.781068,12.207,12.235154
239.6,-1.06812,-14.623889,-20.9961,-17.22693,-9.24683,-13.716079,12.6648,11.722095
239.7,-0.854492,-14.573303,-20.9656,-17.490122,-9.18579,-13.650786,13.2141,11.206047
239.8,-0.701904,-14.522535,-20.9351,-17.740387,-9.15527,-13.585186,13.6414,10.686939
239.9,-0.427246,-14.471583,-20.9045,-17.978233,-9.09424,-13.519273,14.0991,10.164659
240.0,-0.213623,-14.4204445,-20.9045,-18.20416,-9.09424,-13.453044,14.679,9.639059
240.1,0.0305176,-14.369117,-20.8435,-18.418665,-8.97217,-13.386495,15.1978,9.109973
240.2,0.274658,-14.317598,-20.8435,-18.622229,-8.88061,-13.31962,15.686,8.577215
240.3,0.427246,-14.265886,-20.752,-18.815323,-8.88061,-13.252417,16.2048,8.040594
240.4,0.701904,-14.213978,-20.6909,-18.998405,-8.72803,-13.184878,16.6626,7.4999213
240.5,0.915527,-14.161871,-20.6299,-19.171919,-8.66699,-13.117002,17.1814,6.9550166
240.6,1.15967,-14.109562,-20.6299,-19.336294,-8.60596,-13.04878,17.7612,6.4057207
240.7,1.43433,-14.057049,-20.5994,-19.491943,-8.5144,-12.980211,18.2495,5.8519015
240.79999999999998,1.64795,-14.00433,-20.5688,-19.639265,-8.5144,-12.911287,18.7378,5.293467
240.9,1.89209,-13.951401,-20.5383,-19.778639,-8.45337,-12.842004,19.1345,4.7303734
241.0,2.19727,-13.898259,-20.4773,-19.910433,-8.30078,-12.772355,19.5923,4.162635
241.10000000000002,2.47192,-13.844902,-20.4468,-20.034996,-8.20923,-12.702335,20.0195,3.5903327
241.2,2.71606,-13.7913265,-20.3857,-20.152664,-8.17871,-12.631939,20.4773,3.0136244
241.29999999999998,2.9602,-13.73753,-20.3857,-20.263758,-8.05664,-12.561159,20.874,2.4327488
241.4,3.26538,-13.683508,-20.3552,-20.368582,-7.9956,-12.48999,21.2097,1.8480307
241.5,3.54004,-13.629258,-20.3552,-20.467428,-7.9956,-12.418426,21.5759,1.2598838
241.60000000000002,3.8147,-13.574777,-20.3247,-20.560575,-7.87353,-12.346458,21.8506,0.66880643
241.7,4.15039,-13.520061,-20.2026,-20.648287,-7.78198,-12.274081,22.0947,0.075377226
241.79999999999998,4.48608,-13.465106,-20.2026,-20.730818,-7.72095,-12.201288,22.3389,-0.5197495
241.9,4.79126,-13.40991,-20.1111,-20.808407,-7.65991,-12.128071,22.644,-1.1158499
242.0,5.12695,-13.354468,-20.1111,-20.881283,-7.59888,-12.054422,22.8271,-1.712136
242.10000000000002,5.46265,-13.298778,-19.989,-20.949663,-7.47681,-11.980334,22.9492,-2.3077607
242.2,5.79834,-13.242834,-19.989,-21.013754,-7.38525,-11.905799,23.0408,-2.9018211
242.29999999999998,6.22559,-13.186633,-20.0195,-21.073753,-7.35474,-11.830808,23.1018,-3.493363
242.4,6.53076,-13.130171,-19.9585,-21.129848,-7.26318,-11.755352,23.0713,-4.0813875
242.5,6.95801,-13.073443,-19.928,-21.182217,-7.20215,-11.679423,23.0408,-4.6648617
242.60000000000002,7.26318,-13.016446,-19.8975,-21.231026,-7.20215,-11.603013,23.0103,-5.2427278
242.7,7.72095,-12.959175,-19.8669,-21.27644,-7.01904,-11.526111,22.8882,-5.813918
242.79999999999998,8.11767,-12.901626,-19.8364,-21.31861,-6.86645,-11.448708,22.7661,-6.377372
242.9,8.54492,-12.843793,-19.7449,-21.35768,-6.83594,-11.370793,22.5525,-6.932049
243.0,9.0332,-12.785672,-19.7144,-21.39379,-6.7749,-11.292357,22.3694,-7.476948
243.10000000000002,9.46045,-12.72726,-19.7144,-21.42707,-6.68335,-11.213388,22.0642,-8.011122
243.2,9.88769,-12.668549,-19.6533,-21.457647,-6.62231,-11.133877,21.7285,-8.533691
243.29999999999998,10.376,-12.609535,-19.6228,-21.48564,-6.50024,-11.05381,21.3623,-9.043856
243.4,10.8948,-12.550214,-19.5618,-21.511158,-6.40869,-10.973177,20.9961,-9.540903
243.5,11.3831,-12.49058,-19.5618,-21.534311,-6.28662,-10.891965,20.5688,-10.0242195
243.60000000000002,11.9019,-12.430626,-19.5007,-21.5552,-6.19507,-10.810162,20.0806,-10.493287
243.7,12.3901,-12.370348,-19.5312,-21.573923,-6.13403,-10.727755,19.6533,-10.947692
243.79999999999998,12.9089,-12.309739,-19.4702,-21.590572,-6.01196,-10.64473,19.104,-11.387118
243.9,13.3362,-12.248795,-19.4092,-21.605236,-5.92041,-10.561073,18.5547,-11.811348
244.0,13.916,-12.187507,-19.3787,-21.617996,-5.82886,-10.47677,17.9138,-12.220256
244.10000000000002,14.4043,-12.125871,-19.2871,-21.628933,-5.70679,-10.391808,17.3035,-12.613802
244.2,14.9231,-12.063879,-19.2261,-21.638123,-5.61523,-10.306169,16.6321,-12.992026
244.29999999999998,15.4114,-12.001525,-19.2566,-21.645636,-5.49316,-10.219837,16.0217,-13.355041
244.4,15.8997,-11.938803,-19.2261,-21.651543,-5.43213,-10.132797,15.3503,-13.703019
244.5,16.4185,-11.875704,-19.1956,-21.655907,-5.37109,-10.0450325,14.7705,-14.036192
244.60000000000002,16.9678,-11.8122225,-19.1345,-21.65879,-5.21851,-9.956524,14.0381,-14.354836
244.7,17.4255,-11.74835,-19.1345,-21.660255,-5.12695,-9.867254,13.3362,-14.659269
244.79999999999998,18.0054,-11.684079,-19.0735,-21.660355,-4.97436,-9.7772045,12.6038,-14.949841
244.9,18.4937,-11.619402,-19.043,-21.659143,-4.85229,-9.686355,11.9019,-15.226925
245.0,18.9209,-11.554311,-19.0124,-21.656673,-4.69971,-9.594685,11.2,-15.490917
245.10000000000002,19.4092,-11.488797,-19.0124,-21.652992,-4.63867,-9.502173,10.437,-15.742228
245.2,19.8669,-11.4228525,-18.9819,-21.648146,-4.54712,-9.408799,9.67407,-15.981276
245.29999999999998,20.2332,-11.356467,-18.8904,-21.64218,-4.39453,-9.31454,8.78906,-16.208487
245.4,20.5994,-11.289633,-18.8599,-21.635136,-4.3335,-9.219371,7.96509,-16.424286
245.5,20.9351,-11.22234,-18.8599,-21.627052,-4.18091,-9.123268,7.14111,-16.6291
245.60000000000002,21.3013,-11.154578,-18.7988,-21.61797,-4.08935,-9.026207,6.34766,-16.823353
245.7,21.5759,-11.086339,-18.7988,-21.607925,-3.96728,-8.928161,5.49316,-17.007456
245.79999999999998,21.8201,-11.0176115,-18.7073,-21.596952,-3.87573,-8.829102,4.60815,-17.18182
245.9,22.1252,-10.948385,-18.7073,-21.585085,-3.78418,-8.729002,3.72314,-17.346842
246.0,22.2778,-10.878649,-18.6462,-21.572355,-3.66211,-8.627831,2.86865,-17.502913
246.10000000000002,22.4915,-10.808391,-18.6768,-21.558792,-3.54004,-8.52556,1.89209,-17.650408
246.2,22.4915,-10.7376,-18.6462,-21.544426,-3.38745,-8.422156,1.0376,-17.789692
246.29999999999998,22.5525,-10.6662655,-18.5852,-21.529284,-3.26538,-8.317586,0.152588,-17.92112
246.4,22.522,-10.594374,-18.5547,-21.513391,-3.14331,-8.211816,-0.732422,-18.045033
246.5,22.522,-10.521912,-18.5242,-21.496775,-3.02124,-8.104809,-1.58691,-18.161757
246.60000000000002,22.4609,-10.448867,-18.4937,-21.479458,-2.92969,-7.996528,-2.47192,-18.271608
246.7,22.3694,-10.375226,-18.4937,-21.461464,-2.74658,-7.8869348,-3.41797,-18.374891
246.79999999999998,22.2168,-10.300975,-18.4326,-21.442816,-2.59399,-7.775988,-4.24194,-18.471895
246.9,22.0032,-10.226099,-18.4021,-21.423534,-2.44141,-7.663646,-5.12695,-18.562897
247.0,21.7895,-10.150583,-18.3716,-21.403639,-2.31934,-7.549865,-5.98144,-18.648165
247.1,21.4844,-10.074412,-18.3411,-21.383148,-2.2583,-7.4345975,-6.74438,-18.727953
247.20000000000002,21.1792,-9.99757,-18.3105,-21.362082,-2.01416,-7.3177967,-7.59888,-18.802504
247.29999999999998,20.874,-9.92004,-18.3105,-21.340456,-1.86157,-7.1994123,-8.36182,-18.87205
247.4,20.4773,-9.841805,-18.219,-21.318289,-1.77002,-7.0793924,-9.18579,-18.936813
247.5,20.0806,-9.762848,-18.1885,-21.295595,-1.5564,-6.957682,-9.91821,-18.997005
247.6,19.6533,-9.68315,-18.1274,-21.272392,-1.40381,-6.8342247,-10.6201,-19.052828
247.70000000000002,19.165,-9.602693,-18.158,-21.248693,-1.28174,-6.70896,-11.261,-19.104475
247.79999999999998,18.7378,-9.521456,-18.1885,-21.224512,-1.06812,-6.5818267,-11.9324,-19.152128
247.9,18.1885,-9.43942,-18.1274,-21.199863,-0.88501,-6.4527593,-12.5732,-19.195963
248.0,17.6697,-9.356564,-18.0664,-21.17476,-0.732422,-6.3216896,-13.2446,-19.236145
248.1,17.0288,-9.272865,-17.9749,-21.149216,-0.579834,-6.188546,-13.7939,-19.272835
248.20000000000002,16.2964,-9.188302,-18.0054,-21.12324,-0.427246,-6.0532546,-14.3433,-19.306183
248.29999999999998,15.625,-9.102851,-17.9749,-21.096844,-0.244141,-5.915737,-14.9231,-19.336332
248.4,14.9231,-9.016487,-17.9138,-21.07004,-0.0305176,-5.775912,-15.4114,-19.36342
248.5,14.2517,-8.929187,-17.8833,-21.042837,0.12207,-5.6336927,-15.9302,-19.387577
248.6,13.5498,-8.840922,-17.8833,-21.015247,0.335693,-5.4889903,-16.4185,-19.408926
248.70000000000002,12.8784,-8.751667,-17.7917,-20.987278,0.579834,-5.34171,-16.7847,-19.427588
248.79999999999998,12.1765,-8.661393,-17.7307,-20.95894,0.762939,-5.191754,-17.2424,-19.443672
248.9,11.4441,-8.570071,-17.7612,-20.930243,0.946045,-5.039018,-17.6086,-19.457287
249.0,10.6812,-8.477672,-17.7002,-20.901194,1.19019,-4.8833942,-18.0359,-19.468534
249.1,9.88769,-8.384162,-17.6697,-20.8718,1.37329,-4.7247677,-18.3716,-19.477512
249.20000000000002,9.15527,-8.289509,-17.6086,-20.84207,1.5564,-4.5630193,-18.6768,-19.484314
249.29999999999998,8.3313,-8.193679,-17.6392,-20.812012,1.80054,-4.3980236,-18.9819,-19.489025
249.4,7.50732,-8.096637,-17.5781,-20.781633,2.01416,-4.229649,-19.3481,-19.491732
249.5,6.71387,-7.9983454,-17.5171,-20.75094,2.2583,-4.0577574,-19.5312,-19.492512
249.6,5.85937,-7.8987656,-17.5171,-20.71994,2.50244,-3.8822029,-19.8059,-19.491444
249.70000000000002,5.0354,-7.7978578,-17.4561,-20.688639,2.7771,-3.7028334,-20.05,-19.488598
249.79999999999998,4.18091,-7.69558,-17.4561,-20.657042,2.99072,-3.519489,-20.2637,-19.484045
249.9,3.23486,-7.591889,-17.395,-20.625154,3.23486,-3.3320017,-20.4773,-19.47785
250.0,2.34985,-7.4867387,-17.4255,-20.592983,3.54004,-3.1401951,-20.6604,-19.470076
250.1,1.40381,-7.3800826,-17.3645,-20.560535,3.84521,-2.9438846,-20.874,-19.460781
250.2,0.518799,-7.2718706,-17.3035,-20.527813,4.15039,-2.7428758,-21.0571,-19.450024
250.3,-0.427246,-7.162051,-17.3035,-20.494823,4.36401,-2.5369656,-21.2097,-19.437859
250.4,-1.34277,-7.05057,-17.2424,-20.46157,4.66919,-2.3259408,-21.3318,-19.424335
250.5,-2.28882,-6.9373713,-17.1814,-20.428059,4.97436,-2.1095784,-21.5149,-19.409506
250.6,-3.20435,-6.822396,-17.1814,-20.394293,5.31006,-1.8876444,-21.6675,-19.393415
250.7,-4.18091,-6.705582,-17.1509,-20.360277,5.67627,-1.6598948,-21.759,-19.37611
250.8,-5.12695,-6.586866,-17.1204,-20.326015,6.01196,-1.4260744,-21.8201,-19.357632
250.9,-6.04248,-6.4661794,-17.0288,-20.291512,6.2561,-1.1859164,-21.9421,-19.338022
251.0,-6.92749,-6.343452,-16.9983,-20.25677,6.65283,-0.93914294,-22.0337,-19.31732
251.1,-7.84302,-6.2186103,-17.0288,-20.221792,6.98852,-0.6854646,-22.1252,-19.29556
251.2,-8.66699,-6.0915766,-16.9678,-20.186584,7.38525,-0.42458004,-22.1558,-19.272783
251.3,-9.552,-5.9622693,-16.9373,-20.151148,7.75146,-0.15617615,-22.1863,-19.249018
251.4,-10.376,-5.830604,-16.9067,-20.115486,8.11767,0.12007165,-22.3083,-19.224298
251.5,-11.2,-5.6964912,-16.9067,-20.079603,8.48389,0.40450022,-22.3389,-19.198656
251.6,-12.0239,-5.5598373,-16.8762,-20.043503,8.94165,0.69745773,-22.4304,-19.172121
251.7,-12.7258,-5.420544,-16.8152,-20.007187,9.30786,0.99930394,-22.4304,-19.14472
251.8,-13.4888,-5.278508,-16.8457,-19.970657,9.73511,1.3104098,-22.4915,-19.116482
251.9,-14.1602,-5.133621,-16.7847,-19.933918,10.1929,1.6311572,-22.522,-19.08743
252.0,-14.7705,-4.9857697,-16.7236,-19.89697,10.6201,1.9619381,-22.522,-19.057589
252.1,-15.3503,-4.8348336,-16.7541,-19.85982,10.9863,2.3031542,-22.583,-19.026983
252.2,-15.8997,-4.6806874,-16.6626,-19.822464,11.4136,2.6552153,-22.5525,-18.995636
252.3,-16.4795,-4.5231986,-16.6321,-19.784908,11.8713,3.0185373,-22.583,-18.963568
252.4,-17.0288,-4.3622284,-16.6626,-19.747154,12.3291,3.393541,-22.583,-18.930798
252.5,-17.5171,-4.19763,-16.6626,-19.709204,12.7869,3.7806492,-22.583,-18.897346
252.6,-18.0359,-4.0292497,-16.6016,-19.671059,13.2446,4.1802816,-22.583,-18.863234
252.7,-18.4631,-3.856925,-16.6016,-19.632723,13.7329,4.592851,-22.6135,-18.828476
252.8,-18.8599,-3.6804857,-16.5405,-19.594196,14.2517,5.018759,-22.6135,-18.79309
252.9,-19.3176,-3.499752,-16.4795,-19.555481,14.7705,5.4583845,-22.583,-18.757095
253.0,-19.6533,-3.314535,-16.449,-19.516579,15.2893,5.91208,-22.583,-18.720505
253.1,-20.0195,-3.1246352,-16.4185,-19.477491,15.8081,6.380157,-22.6135,-18.683334
253.2,-20.3247,-2.9298437,-16.4185,-19.438221,16.3879,6.8628783,-22.583,-18.645597
253.3,-20.5994,-2.72994,-16.3269,-19.398767,16.8762,7.3604407,-22.644,-18.607307
253.4,-20.9045,-2.524692,-16.2964,-19.359133,17.395,7.872961,-22.583,-18.56848
253.5,-21.2097,-2.3138561,-16.2964,-19.319319,17.8833,8.400459,-22.583,-18.529125
253.6,-21.3928,-2.0971758,-16.2964,-19.279327,18.4021,8.942837,-22.5525,-18.489256
253.7,-21.698,-1.8743815,-16.2964,-19.239159,18.8599,9.499861,-22.5525,-18.448883
253.8,-21.9727,-1.6451904,-16.2048,-19.198814,19.3787,10.0711355,-22.4915,-18.408018
253.9,-22.1252,-1.4093053,-16.2048,-19.158297,19.8364,10.656085,-22.4915,-18.36667
254.0,-22.3083,-1.166415,-16.1438,-19.117605,20.2332,11.253928,-22.522,-18.324852
254.1,-22.4609,-0.91619277,-16.1133,-19.076742,20.6604,11.863655,-22.4304,-18.282572
254.2,-22.644,-0.65829694,-16.1133,-19.03571,20.9961,12.484006,-22.3999,-18.239838
254.30000000000004,-22.7966,-0.39236996,-16.0522,-18.994507,21.3928,13.113454,-22.4304,-18.19666
254.4,-22.9492,-0.118038416,-16.0828,-18.953135,21.6675,13.750188,-22.3999,-18.153046
254.5,-23.1018,0.16508767,-16.0217,-18.911594,22.0032,14.392106,-22.3389,-18.109005
254.6,-23.1934,0.4574148,-16.0217,-18.869886,22.2778,15.036808,-22.2778,-18.064545
254.7,-23.3154,0.75936615,-15.9607,-18.828012,22.5525,15.681604,-22.2168,-18.019672
254.80000000000004,-23.468,1.0713818,-15.9607,-18.785973,22.7356,16.323528,-22.2473,-17.974394
254.9,-23.5291,1.3939185,-15.8997,-18.743767,22.8577,16.959358,-22.1558,-17.928717
255.0,-23.6206,1.7274499,-15.8691,-18.701397,23.0713,17.585655,-22.0337,-17.882647
255.1,-23.7122,2.0724657,-15.8081,-18.658863,23.1934,18.198803,-22.0642,-17.836191
255.2,-23.8037,2.4294713,-15.7776,-18.616167,23.1934,18.795065,-22.0032,-17.789354
255.30000000000004,-23.8037,2.7989862,-15.686,-18.573309,23.1934,19.37064,-21.9727,-17.742144
255.4,-23.9258,3.1815429,-15.686,-18.530289,23.1323,19.921736,-21.8811,-17.694565
255.5,-23.9563,3.577684,-15.6555,-18.487106,23.0713,20.444635,-21.8506,-17.646622
255.6,-24.0173,3.9879587,-15.6555,-18.443764,22.8882,20.935772,-21.8201,-17.598318
255.7,-24.1089,4.4129186,-15.625,-18.40026,22.7051,21.391794,-21.8201,-17.54966
255.80000000000004,-24.1394,4.853112,-15.564,-18.356598,22.4915,21.809633,-21.8201,-17.500652
255.9,-24.1394,5.3090763,-15.564,-18.312775,22.1558,22.186563,-21.759,-17.451298
256.0,-24.1699,5.7813272,-15.5334,-18.268793,21.8201,22.520248,-21.698,-17.401602
256.1,-24.231,6.2703505,-15.5029,-18.224653,21.4233,22.80878,-21.637,-17.351568
256.2,-24.292,6.776585,-15.4724,-18.180353,21.0266,23.050709,-21.5759,-17.3012
256.29999999999995,-24.3225,7.30041,-15.4114,-18.135895,20.5078,23.245056,-21.5149,-17.250502
256.40000000000003,-24.353,7.842123,-15.4419,-18.091278,19.989,23.39132,-21.5149,-17.199474
256.5,-24.353,8.401922,-15.3503,-18.046505,19.5007,23.489462,-21.4844,-17.148123
256.6,-24.4446,8.979879,-15.3198,-18.001574,18.9819,23.539894,-21.3928,-17.09645
256.7,-24.4141,9.575916,-15.2893,-17.956484,18.3716,23.543447,-21.3928,-17.04446
256.79999999999995,-24.4446,10.189773,-15.2588,-17.911236,17.7917,23.501337,-21.3013,-16.992153
256.90000000000003,-24.3835,10.820977,-15.2588,-17.865831,17.1509,23.415121,-21.2402,-16.939531
257.0,-24.4141,11.468817,-15.1672,-17.820269,16.51,23.286654,-21.2097,-16.886599
257.1,-24.5056,12.1323,-15.1672,-17.77455,15.8691,23.118034,-21.1487,-16.833357
257.2,-24.4446,12.810132,-15.1672,-17.728672,15.1672,22.911556,-21.0571,-16.779808
257.29999999999995,-24.5056,13.500679,-15.0757,-17.682638,14.4653,22.669655,-21.0266,-16.725954
257.40000000000003,-24.4446,14.201948,-15.0757,-17.636446,13.7634,22.394861,-20.9961,-16.671797
257.5,-24.4446,14.91157,-15.0452,-17.590097,13.031,22.08975,-20.9961,-16.617338
257.6,-24.5056,15.626783,-15.0146,-17.54359,12.2986,21.756903,-20.9045,-16.562578
257.7,-24.5056,16.344444,-14.9841,-17.496925,11.5356,21.39886,-20.8435,-16.50752
257.79999999999995,-24.4751,17.061035,-14.9536,-17.450102,10.7422,21.0181,-20.813,-16.452166
257.90000000000003,-24.5972,17.650026,-15.0452,-17.568983,9.82666,20.416552,-20.9656,-16.644703
258.0,-24.8108,18.235199,-15.3503,-17.68479,8.66699,19.81313,-21.3013,-16.831434
258.1,-24.9023,18.81151,-15.4724,-17.797752,7.69043,19.207893,-21.4539,-17.0128
258.2,-24.9023,19.374092,-15.4419,-17.908064,6.83594,18.601006,-21.5149,-17.189167
258.29999999999995,-24.9634,19.918266,-15.4724,-18.01588,5.88989,17.992672,-21.5149,-17.36084
258.40000000000003,-24.9634,20.439556,-15.564,-18.121334,5.00488,17.383095,-21.5454,-17.52807
258.5,-25.0244,20.933731,-15.5029,-18.224533,3.9978,16.772438,-21.5759,-17.691072
258.6,-25.116,21.39684,-15.5334,-18.32557,3.08228,16.160814,-21.6064,-17.850029
258.7,-25.1465,21.825256,-15.625,-18.424522,2.0752,15.548261,-21.6675,-18.005093
258.79999999999995,-25.1465,22.215723,-15.686,-18.52146,1.12915,14.934741,-21.7285,-18.156399
258.90000000000003,-25.2075,22.565393,-15.7166,-18.61644,0.12207,14.32014,-21.698,-18.304066
259.0,-25.177,22.871862,-15.7471,-18.709515,-0.976562,13.704266,-21.7895,-18.4482
259.1,-25.2686,23.13319,-15.7776,-18.800732,-1.95312,13.086851,-21.8506,-18.5889
259.2,-25.2686,23.347923,-15.7471,-18.890133,-3.02124,12.467563,-21.8201,-18.726252
259.29999999999995,-25.2991,23.515099,-15.8386,-18.977758,-3.9978,11.846006,-21.8506,-18.860338
259.40000000000003,-25.2991,23.634241,-15.8386,-19.063643,-5.00488,11.221735,-21.9727,-18.991238
259.5,-25.3601,23.705345,-15.8997,-19.14782,-6.04248,10.594258,-21.9727,-19.119022
259.6,-25.3601,23.728857,-15.8691,-19.230324,-7.01904,9.963053,-22.0032,-19.243763
259.7,-25.4211,23.70564,-15.8997,-19.311184,-7.9956,9.327571,-22.0032,-19.365528
259.79999999999995,-25.3906,23.636938,-15.9607,-19.39043,-8.91113,8.687254,-22.0642,-19.484383
259.90000000000003,-25.4517,23.524328,-16.0217,-19.468094,-9.85718,8.041543,-22.1252,-19.600391
260.0,-25.5127,23.369677,-16.0522,-19.5442,-10.8032,7.3898897,-22.1558,-19.713617
260.1,-25.4822,23.175087,-16.0828,-19.618778,-11.6272,6.731776,-22.1558,-19.82412
260.2,-25.4517,22.942848,-16.0828,-19.691854,-12.5122,6.066726,-22.1558,-19.931957
260.29999999999995,-25.5127,22.675385,-16.1133,-19.763454,-13.3362,5.3943233,-22.2778,-20.037191
260.40000000000003,-25.4822,22.3752,-16.1438,-19.833603,-14.0686,4.7142315,-22.2473,-20.139877
260.5,-25.5432,22.044842,-16.1438,-19.902328,-14.8315,4.026211,-22.2473,-20.24007
260.6,-25.5432,21.686846,-16.2048,-19.969654,-15.5029,3.33014,-22.3083,-20.337828
260.7,-25.5432,21.30371,-16.1743,-20.035604,-16.1743,2.6260333,-22.3694,-20.4332
260.79999999999995,-25.5737,20.897852,-16.2048,-20.100203,-16.9067,1.9140542,-22.3999,-20.526245
260.90000000000003,-25.6042,20.471579,-16.2964,-20.163473,-17.4866,1.1945262,-22.3694,-20.617012
261.0,-25.6042,20.027071,-16.2964,-20.225441,-18.1274,0.46793604,-22.4304,-20.705553
261.1,-25.6042,19.566362,-16.2964,-20.286127,-18.6768,-0.265069,-22.4609,-20.791918
261.2,-25.6348,19.091322,-16.3574,-20.345556,-19.1956,-1.003686,-22.522,-20.876156
261.29999999999995,-25.6348,18.603651,-16.4185,-20.40375,-19.6533,-1.7469616,-22.4915,-20.958317
261.40000000000003,-25.7263,18.104872,-16.449,-20.460728,-20.1721,-2.493794,-22.522,-21.038446
261.5,-25.6958,17.596334,-16.4795,-20.516516,-20.5994,-3.242934,-22.522,-21.11659
261.6,-25.7263,17.07921,-16.51,-20.571133,-21.0266,-3.9929862,-22.583,-21.192797
261.7,-25.6958,16.554502,-16.6016,-20.6246,-21.4233,-4.742418,-22.6135,-21.267107
261.79999999999995,-25.7263,16.023052,-16.5405,-20.676939,-21.7895,-5.489574,-22.644,-21.339567
261.90000000000003,-25.7263,15.485541,-16.571,-20.72817,-22.1863,-6.232702,-22.6746,-21.41022
262.0,-25.6958,14.942507,-16.571,-20.778313,-22.522,-6.9699836,-22.6746,-21.479105
262.1,-25.7874,14.394348,-16.6016,-20.827387,-22.8271,-7.699574,-22.7051,-21.546265
262.2,-25.7568,13.841341,-16.6931,-20.875412,-23.1323,-8.419641,-22.7356,-21.611738
262.29999999999995,-25.7874,13.283644,-16.6931,-20.92241,-23.407,-9.128404,-22.7356,-21.675566
262.40000000000003,-25.8179,12.721311,-16.6931,-20.968395,-23.6511,-9.824177,-22.7661,-21.737785
262.5,-25.7874,12.154302,-16.6931,-21.013388,-23.8953,-10.505398,-22.7356,-21.798433
262.6,-25.7568,11.582495,-16.7236,-21.057405,-24.1089,-11.170661,-22.8271,-21.857548
262.7,-25.8179,11.005694,-16.7847,-21.100468,-24.3225,-11.818734,-22.8271,-21.915163
262.79999999999995,-25.8484,10.423644,-16.8152,-21.142591,-24.5056,-12.448575,-22.8271,-21.971313
262.90000000000003,-25.8789,9.836037,-16.8457,-21.183794,-24.6887,-13.059337,-22.8577,-22.026035
263.0,-25.8484,9.242524,-16.8152,-21.22409,-24.9329,-13.650366,-22.8882,-22.079361
263.1,-25.8179,8.642731,-16.8762,-21.263498,-25.0854,-14.2212,-22.9187,-22.13132
263.2,-25.8484,8.036264,-16.9373,-21.302034,-25.238,-14.771556,-22.9492,-22.18195
263.29999999999995,-25.8484,7.422727,-16.9678,-21.339716,-25.3601,-15.301312,-22.9187,-22.231277
263.40000000000003,-25.8484,6.801732,-16.9983,-21.376556,-25.5127,-15.810498,-22.9492,-22.279333
263.5,-25.8484,6.172915,-16.9983,-21.412573,-25.6042,-16.299273,-22.9797,-22.326147
263.6,-25.8789,5.5359516,-17.0593,-21.44778,-25.7263,-16.767904,-22.9492,-22.371748
263.7,-25.8484,4.890574,-17.0288,-21.482193,-25.8484,-17.21676,-22.9797,-22.416164
263.79999999999995,-25.8789,4.236588,-17.1204,-21.515825,-26.001,-17.646284,-23.0408,-22.459425
263.90000000000003,-25.8789,3.5738919,-17.1204,-21.548693,-26.0925,-18.056978,-23.0713,-22.501554
264.0,-25.9399,2.9024935,-17.1814,-21.580809,-26.1841,-18.449398,-23.0713,-22.54258
264.1,-25.9399,2.2225251,-17.2119,-21.612186,-26.3367,-18.824133,-23.1018,-22.582525
264.2,-25.9705,1.5342559,-17.2119,-21.64284,-26.3977,-19.181793,-23.1323,-22.621418
264.29999999999995,-25.9399,0.8380985,-17.2729,-21.672781,-26.3977,-19.52301,-23.1628,-22.65928
264.40000000000003,-25.9399,0.13461041,-17.2729,-21.702024,-26.5198,-19.848417,-23.1934,-22.696138
264.5,-25.9094,-0.57550997,-17.3035,-21.730583,-26.5808,-20.158651,-23.1628,-22.732012
264.6,-25.9399,-1.2914252,-17.2424,-21.75847,-26.6724,-20.454344,-23.1628,-22.766926
264.7,-25.9094,-2.0121617,-17.3035,-21.785696,-26.7639,-20.736116,-23.2239,-22.800901
264.79999999999995,-25.9094,-2.736609,-17.334,-21.812275,-26.7639,-21.00458,-23.2239,-22.83396
264.90000000000003,-25.8484,-3.4635215,-17.3645,-21.838217,-26.886,-21.260326,-23.1934,-22.866121
265.0,-25.8789,-4.191519,-17.395,-21.863533,-26.886,-21.503935,-23.2849,-22.89741
265.1,-25.9399,-4.919097,-17.4561,-21.888237,-26.886,-21.735962,-23.2849,-22.927841
265.2,-25.9399,-5.644644,-17.4561,-21.912338,-26.9775,-21.956947,-23.2849,-22.957438
265.29999999999995,-25.9705,-6.3664618,-17.4866,-21.935848,-26.9775,-22.16741,-23.3154,-22.986216
265.40000000000003,-25.9399,-7.082799,-17.5171,-21.958778,-27.0386,-22.367847,-23.2849,-23.014196
265.5,-25.9705,-7.7918854,-17.5171,-21.981138,-27.0691,-22.558737,-23.3459,-23.041395
265.6,-25.9399,-8.491967,-17.5171,-22.00294,-27.1301,-22.740534,-23.3154,-23.067831
265.7,-25.9399,-9.181346,-17.5781,-22.02419,-27.1606,-22.913675,-23.3154,-23.093521
265.79999999999995,-25.9094,-9.858414,-17.5781,-22.044903,-27.2217,-23.078579,-23.3154,-23.118483
265.90000000000003,-25.8789,-10.521681,-17.5476,-22.065084,-27.2827,-23.235641,-23.3459,-23.14273
266.0,-25.8789,-11.169804,-17.5781,-22.084745,-27.2827,-23.38524,-23.3154,-23.166283
266.1,-25.9094,-11.801604,-17.6086,-22.103895,-27.3132,-23.527739,-23.3765,-23.189154
266.2,-25.8789,-12.4160795,-17.6392,-22.122545,-27.3132,-23.663477,-23.3459,-23.211359
266.29999999999995,-25.9094,-13.01241,-17.6086,-22.140701,-27.3437,-23.792784,-23.4375,-23.232912
266.40000000000003,-25.9705,-13.589959,-17.6697,-22.158375,-27.3437,-23.91597,-23.468,-23.253828
266.5,-25.9094,-14.148266,-17.6392,-22.175571,-27.3437,-24.033329,-23.407,-23.274122
266.6,-25.9094,-14.687038,-17.7002,-22.192303,-27.3743,-24.145144,-23.468,-23.293808
266.7,-25.9094,-15.206139,-17.7612,-22.208576,-27.3743,-24.251678,-23.468,-23.312897
266.79999999999995,-25.8789,-15.705569,-17.7612,-22.224398,-27.3743,-24.353188,-23.4985,-23.331404
266.90000000000003,-25.9399,-16.185457,-17.7612,-22.239779,-27.4048,-24.449911,-23.5291,-23.34934
267.0,-25.9094,-16.646034,-17.8833,-22.254725,-27.4353,-24.54208,-23.4985,-23.36672
267.1,-25.9094,-17.087626,-17.8528,-22.269243,-27.4048,-24.629908,-23.468,-23.383554
267.2,-25.8484,-17.51063,-17.8528,-22.283344,-27.4353,-24.713602,-23.4985,-23.399857
267.29999999999995,-25.9094,-17.915506,-17.8833,-22.297033,-27.4048,-24.79336,-23.5596,-23.415636
267.40000000000003,-25.9094,-18.302765,-17.8223,-22.310318,-27.4048,-24.869366,-23.5291,-23.430906
267.5,-25.8789,-18.672949,-17.8528,-22.323206,-27.4658,-24.941795,-23.5291,-23.445677
267.6,-25.8789,-19.026627,-17.9138,-22.335703,-27.4353,-25.010817,-23.5901,-23.459959
267.7,-25.8789,-19.364386,-17.9749,-22.347816,-27.4658,-25.07659,-23.5901,-23.473763
267.79999999999995,-25.8789,-19.686821,-18.0359,-22.359552,-27.4963,-25.139265,-23.6206,-23.487099
267.90000000000003,-25.8789,-19.994528,-18.0359,-22.370918,-27.4658,-25.198988,-23.5596,-23.499977
268.0,-25.9399,-20.288103,-18.0664,-22.381922,-27.4658,-25.255894,-23.6206,-23.512407
268.1,-25.8789,-20.568132,-18.158,-22.392567,-27.4658,-25.310112,-23.6206,-23.5244
268.2,-25.8484,-20.835196,-18.0969,-22.40286,-27.4658,-25.361765,-23.5901,-23.535965
268.29999999999995,-25.8789,-21.089855,-18.1274,-22.412811,-27.4658,-25.41097,-23.5901,-23.54711
268.40000000000003,-25.8179,-21.332659,-18.158,-22.422422,-27.4658,-25.457842,-23.6206,-23.557842
268.5,-25.8484,-21.56414,-18.1885,-22.4317,-27.4963,-25.502481,-23.6511,-23.568172
268.6,-25.8484,-21.784813,-18.2495,-22.440649,-27.4658,-25.544992,-23.6206,-23.57811
268.7,-25.8484,-21.995173,-18.2495,-22.449278,-27.4353,-25.58547,-23.6511,-23.58766
268.8,-25.8484,-22.195698,-18.2495,-22.45759,-27.4963,-25.624004,-23.6816,-23.596832
268.9,-25.8484,-22.386845,-18.3105,-22.465591,-27.4963,-25.660683,-23.6511,-23.605637
269.0,-25.8789,-22.569054,-18.28,-22.473288,-27.4658,-25.695587,-23.6511,-23.614079
269.1,-25.9094,-22.742743,-18.28,-22.480682,-27.4658,-25.728796,-23.6816,-23.622166
269.2,-25.8484,-22.908316,-18.3105,-22.487783,-27.4658,-25.760384,-23.7122,-23.629906
269.3,-25.9094,-23.066154,-18.3411,-22.494593,-27.5269,-25.79042,-23.7122,-23.637306
269.4,-25.8484,-23.216627,-18.3716,-22.501118,-27.4963,-25.818975,-23.7427,-23.644373
269.5,-25.8484,-23.36008,-18.3716,-22.507362,-27.4963,-25.846113,-23.7427,-23.651114
269.6,-25.8789,-23.49685,-18.4021,-22.51333,-27.4353,-25.871893,-23.7732,-23.657536
269.7,-25.8484,-23.627249,-18.3716,-22.519028,-27.4658,-25.896374,-23.7122,-23.663645
269.8,-25.9399,-23.751583,-18.4326,-22.52446,-27.4658,-25.919613,-23.7122,-23.669447
269.9,-25.9094,-23.870136,-18.4326,-22.529629,-27.4353,-25.941662,-23.7122,-23.67495
270.0,-25.8789,-23.983183,-18.4021,-22.53454,-27.4658,-25.962572,-23.7427,-23.680159
270.1,-25.8789,-24.090982,-18.4937,-22.539198,-27.4048,-25.98239,-23.8037,-23.685078
270.2,-25.8789,-24.193783,-18.4937,-22.543608,-27.3743,-26.001162,-23.8037,-23.689714
270.3,-25.8484,-24.291819,-18.4937,-22.547773,-27.3743,-26.018932,-23.8037,-23.694075
270.4,-25.8179,-24.385313,-18.5242,-22.551697,-27.4048,-26.035744,-23.8342,-23.698164
270.5,-25.8484,-24.474478,-18.5242,-22.555384,-27.4048,-26.051634,-23.8037,-23.701988
270.6,-25.8789,-24.559515,-18.5547,-22.558838,-27.4048,-26.066643,-23.8342,-23.705551
270.7,-25.8789,-24.640617,-18.5852,-22.562063,-27.4048,-26.080805,-23.8342,-23.70886
270.8,-25.9094,-24.717966,-18.5852,-22.565063,-27.3743,-26.094156,-23.8342,-23.71192
270.9,-25.9094,-24.791735,-18.6157,-22.567842,-27.3743,-26.10673,-23.8342,-23.714733
271.0,-25.9705,-24.86209,-18.6768,-22.570402,-27.3132,-26.118555,-23.8037,-23.717306
271.1,-25.9094,-24.929184,-18.6768,-22.572748,-27.3743,-26.129663,-23.8342,-23.719645
271.2,-25.8789,-24.99317,-18.7073,-22.574884,-27.3437,-26.140083,-23.8647,-23.72175
271.3,-25.9094,-25.05419,-18.6157,-22.576813,-27.3743,-26.149843,-23.8342,-23.72363
271.4,-25.9094,-25.112375,-18.6462,-22.578537,-27.3743,-26.158968,-23.8342,-23.725288
271.5,-25.9399,-25.167856,-18.7073,-22.580061,-27.3743,-26.167484,-23.9258,-23.726728
271.6,-25.9399,-25.220755,-18.7378,-22.581387,-27.3437,-26.175415,-23.8953,-23.727957
271.7,-25.9399,-25.271185,-18.7378,-22.582518,-27.3743,-26.182783,-23.9258,-23.728975
271.8,-25.9399,-25.31926,-18.7988,-22.583458,-27.4048,-26.18961,-23.9258,-23.729788
271.9,-25.9094,-25.365082,-18.8293,-22.58421,-27.3437,-26.195917,-23.9258,-23.7304
272.0,-25.8789,-25.408752,-18.9209,-22.584776,-27.3437,-26.201725,-23.9258,-23.730814
272.1,-25.9094,-25.450365,-18.8904,-22.585161,-27.2827,-26.207052,-23.9258,-23.731035
272.2,-25.9094,-25.490011,-18.9209,-22.585367,-27.3132,-26.211918,-23.9258,-23.731066
272.3,-25.9094,-25.527777,-18.8599,-22.585398,-27.3132,-26.216337,-23.9563,-23.730911
272.4,-25.8789,-25.563744,-18.8904,-22.585255,-27.2522,-26.22033,-23.9563,-23.730574
272.5,-25.8789,-25.59799,-18.9209,-22.58494,-27.2217,-26.22391,-23.9868,-23.730057
272.6,-25.9094,-25.63059,-18.9209,-22.584457,-27.2827,-26.227093,-24.0173,-23.729364
272.7,-25.8789,-25.661613,-18.9819,-22.583809,-27.2522,-26.229895,-24.0173,-23.728498
272.8,-25.8789,-25.69113,-18.9819,-22.582998,-27.2217,-26.23233,-24.0173,-23.727465
272.9,-25.9094,-25.719202,-19.0124,-22.582027,-27.2217,-26.234411,-24.0173,-23.726265
273.0,-25.9094,-25.745892,-18.9819,-22.580898,-27.2522,-26.23615,-23.9563,-23.724901
273.1,-25.9094,-25.771257,-19.043,-22.579615,-27.2217,-26.237562,-24.0173,-23.72338
273.2,-25.9705,-25.795355,-19.1345,-22.578178,-27.1912,-26.238657,-23.9868,-23.721699
273.3,-25.9399,-25.818235,-19.104,-22.576591,-27.1606,-26.239447,-23.9868,-23.719866
273.4,-25.9094,-25.839952,-19.104,-22.574856,-27.1606,-26.23994,-24.0173,-23.71788
273.5,-25.9094,-25.860552,-19.1345,-22.572975,-27.1606,-26.24015,-24.0173,-23.715748
273.6,-25.8789,-25.880081,-19.165,-22.570951,-27.1912,-26.240088,-24.0173,-23.713469
273.7,-25.9399,-25.898584,-19.165,-22.568787,-27.1606,-26.23976,-24.0478,-23.711048
273.8,-25.9705,-25.916103,-19.165,-22.566483,-27.1301,-26.239176,-24.0173,-23.708487
273.9,-25.9399,-25.932678,-19.165,-22.564041,-27.1301,-26.238346,-24.0478,-23.705788
274.0,-25.9399,-25.948347,-19.2261,-22.561464,-27.1301,-26.23728,-24.0784,-23.702953
274.1,-25.9399,-25.963146,-19.1956,-22.558756,-27.0996,-26.235985,-24.0784,-23.699987
274.2,-25.9399,-25.97711,-19.2566,-22.555916,-27.1301,-26.234467,-24.0784,-23.69689
274.3,-25.9705,-25.990273,-19.1956,-22.552948,-27.1301,-26.232735,-24.0784,-23.693665
274.4,-25.9399,-26.002666,-19.2261,-22.549852,-27.0691,-26.230797,-24.0784,-23.690315
274.5,-25.9399,-26.01432,-19.2566,-22.546633,-27.0996,-26.228659,-24.0173,-23.686842
274.6,-25.9705,-26.025265,-19.2566,-22.54329,-27.0996,-26.226328,-24.0784,-23.683249
274.7,-25.9399,-26.035526,-19.3176,-22.539825,-27.0691,-26.22381,-24.0784,-23.679535
274.8,-25.9094,-26.045132,-19.3481,-22.536242,-27.0996,-26.221111,-24.1089,-23.675705
274.9,-25.9399,-26.054108,-19.3787,-22.532541,-27.0996,-26.218239,-24.1089,-23.67176
275.0,-25.9399,-26.062477,-19.3176,-22.528725,-27.0691,-26.215197,-24.1394,-23.667704
275.1,-25.9094,-26.070265,-19.3176,-22.524794,-27.0691,-26.211992,-24.1699,-23.663536
275.2,-25.9094,-26.077492,-19.3481,-22.52075,-27.0996,-26.20863,-24.1699,-23.65926
275.3,-25.9399,-26.084179,-19.3787,-22.516596,-27.0691,-26.205114,-24.1699,-23.654877
275.4,-25.9399,-26.09035,-19.3787,-22.512333,-27.0081,-26.20145,-24.1699,-23.650389
275.5,-25.8789,-26.09602,-19.4092,-22.507963,-27.0386,-26.197643,-24.1699,-23.645798
275.6,-25.9705,-26.10121,-19.4092,-22.503487,-27.0691,-26.193697,-24.1699,-23.641106
275.7,-25.9399,-26.105936,-19.3787,-22.498907,-27.0081,-26.189615,-24.1699,-23.636314
275.8,-25.9094,-26.110218,-19.4397,-22.494225,-27.0081,-26.185404,-24.231,-23.631426
275.9,-25.9094,-26.11407,-19.4397,-22.48944,-27.0081,-26.181067,-24.1699,-23.626442
276.0,-25.8789,-26.11751,-19.4397,-22.484558,-27.0081,-26.176605,-24.1699,-23.621363
276.1,-25.9399,-26.12055,-19.4702,-22.479576,-27.0081,-26.172026,-24.2004,-23.616192
276.2,-25.9094,-26.123207,-19.5007,-22.474499,-27.0081,-26.167332,-24.2004,-23.61093
276.3,-25.8789,-26.125494,-19.5007,-22.469326,-27.0691,-26.162525,-24.231,-23.605577
276.4,-25.8789,-26.127424,-19.5007,-22.464058,-27.0386,-26.157612,-24.1699,-23.600138
276.5,-25.9094,-26.129011,-19.5312,-22.458698,-27.0081,-26.152594,-24.2004,-23.594612
276.6,-25.9399,-26.130266,-19.5618,-22.453247,-26.9775,-26.147472,-24.231,-23.589003
276.7,-25.9705,-26.1312,-19.5312,-22.447706,-26.947,-26.142252,-24.2004,-23.58331
276.8,-25.9705,-26.131826,-19.6533,-22.442076,-26.9775,-26.136936,-24.231,-23.577534
276.9,-25.9094,-26.132154,-19.5618,-22.43636,-26.9775,-26.131527,-24.2615,-23.571678
277.0,-25.9399,-26.132195,-19.5923,-22.430557,-26.947,-26.126026,-24.2004,-23.565742
277.1,-25.9705,-26.131956,-19.6228,-22.42467,-26.9775,-26.120438,-24.2004,-23.559729
277.2,-25.9705,-26.131449,-19.6228,-22.418697,-26.947,-26.114763,-24.1699,-23.553638
277.3,-25.9705,-26.130682,-19.6838,-22.412643,-26.9775,-26.109007,-24.2004,-23.547474
277.4,-25.9399,-26.129665,-19.6838,-22.406507,-26.947,-26.103168,-24.2004,-23.541235
277.5,-25.9399,-26.128407,-19.6838,-22.400291,-26.886,-26.097252,-24.231,-23.534924
277.6,-25.9705,-26.126915,-19.7144,-22.393997,-26.886,-26.091259,-24.231,-23.528542
277.7,-25.9094,-26.125196,-19.7449,-22.387625,-26.886,-26.085192,-24.2004,-23.522089
277.8,-25.9705,-26.12326,-19.7144,-22.381176,-26.886,-26.079054,-24.2004,-23.515568
277.9,-25.9399,-26.121113,-19.7449,-22.374651,-26.8555,-26.072845,-24.231,-23.508978
278.0,-25.9094,-26.118761,-19.8059,-22.368052,-26.8555,-26.066568,-24.231,-23.502321
278.1,-25.9399,-26.11621,-19.7754,-22.36138,-26.8555,-26.060225,-24.231,-23.4956
278.2,-25.9705,-26.11347,-19.8059,-22.354635,-26.8555,-26.053816,-24.2615,-23.488813
278.3,-25.9705,-26.110544,-19.7754,-22.347818,-26.8249,-26.047344,-24.292,-23.481962
278.4,-25.9399,-26.107439,-19.8364,-22.34093,-26.8249,-26.040812,-24.292,-23.47505
278.5,-25.9705,-26.10416,-19.8669,-22.333975,-26.886,-26.034218,-24.292,-23.468075
278.6,-25.9399,-26.100714,-19.8669,-22.32695,-26.8249,-26.027567,-24.292,-23.46104
278.7,-25.9399,-26.097103,-19.928,-22.319859,-26.8555,-26.020859,-24.231,-23.453947
278.8,-25.9094,-26.093336,-19.8975,-22.3127,-26.7944,-26.014095,-24.2615,-23.446795
278.9,-25.9094,-26.089415,-19.928,-22.305475,-26.8249,-26.007277,-24.2615,-23.439585
279.0,-25.9094,-26.085346,-19.9585,-22.298185,-26.8249,-26.000406,-24.3225,-23.432318
279.1,-25.9399,-26.081133,-19.8975,-22.290833,-26.8555,-25.993484,-24.353,-23.424995
279.2,-25.9094,-26.07678,-19.9585,-22.283417,-26.8555,-25.986513,-24.3225,-23.417618
279.3,-25.9094,-26.072294,-19.989,-22.275938,-26.8249,-25.979492,-24.353,-23.410187
279.4,-25.9399,-26.067677,-19.989,-22.268398,-26.886,-25.972424,-24.3225,-23.402702
279.5,-25.9705,-26.062931,-19.989,-22.260798,-26.8249,-25.96531,-24.3225,-23.395166
279.6,-25.9705,-26.058064,-20.0195,-22.253138,-26.8249,-25.958149,-24.353,-23.387579
279.7,-25.9399,-26.053076,-20.05,-22.245419,-26.8555,-25.950945,-24.3835,-23.379942
279.8,-25.9705,-26.047972,-20.1111,-22.237642,-26.8249,-25.943697,-24.353,-23.372255
279.9,-25.9094,-26.042755,-20.1416,-22.229809,-26.7944,-25.936407,-24.353,-23.36452
280.0,-25.9399,-26.037428,-20.1721,-22.221918,-26.8555,-25.929075,-24.292,-23.356735
280.1,-25.9399,-26.031994,-20.1721,-22.213972,-26.8555,-25.921703,-24.353,-23.348904
280.2,-25.9705,-26.026457,-20.2026,-22.20597,-26.8249,-25.914291,-24.3835,-23.341026
280.3,-25.9705,-26.020819,-20.1416,-22.197916,-26.8249,-25.906841,-24.3835,-23.333103
280.4,-25.9399,-26.015083,-20.1721,-22.189808,-26.8555,-25.899353,-24.3835,-23.325136
280.5,-25.9705,-26.009253,-20.1721,-22.181646,-26.8555,-25.891829,-24.4446,-23.317123
280.6,-25.9399,-26.00333,-20.1416,-22.173433,-26.8555,-25.884268,-24.4141,-23.309067
280.7,-25.9399,-25.997318,-20.2026,-22.165169,-26.8555,-25.87667,-24.4446,-23.300968
280.8,-25.8484,-25.991219,-20.2637,-22.156853,-26.8555,-25.86904,-24.4141,-23.292828
280.9,-25.9399,-25.985035,-20.2637,-22.148487,-26.8249,-25.861376,-24.4141,-23.284645
281.0,-25.9094,-25.978767,-20.2332,-22.140072,-26.8249,-25.853678,-24.4751,-23.276423
281.1,-25.9399,-25.97242,-20.2332,-22.131607,-26.8555,-25.845947,-24.4446,-23.26816
281.2,-25.8789,-25.965994,-20.3247,-22.123095,-26.886,-25.838186,-24.4751,-23.259857
281.3,-25.9094,-25.959492,-20.2942,-22.114534,-26.8249,-25.830395,-24.4751,-23.251514
281.4,-25.9094,-25.952915,-20.3247,-22.105928,-26.8249,-25.822573,-24.5056,-23.243134
281.5,-25.9399,-25.946266,-20.3247,-22.097277,-26.886,-25.81472,-24.4751,-23.234715
281.6,-25.9094,-25.939547,-20.3247,-22.08858,-26.886,-25.806839,-24.4751,-23.22626
281.7,-25.9399,-25.932758,-20.3857,-22.079836,-26.9165,-25.79893,-24.5056,-23.217768
281.8,-25.9705,-25.925901,-20.3247,-22.071049,-26.886,-25.79099,-24.4751,-23.20924
281.9,-25.9399,-25.91898,-20.4163,-22.062218,-26.8555,-25.783026,-24.5056,-23.200676
282.0,-26.001,-25.911995,-20.4468,-22.053343,-26.8555,-25.775034,-24.5361,-23.192078
282.1,-25.9094,-25.904947,-20.4468,-22.044426,-26.8249,-25.767015,-24.4446,-23.183445
282.2,-25.9399,-25.897839,-20.4773,-22.035467,-26.8249,-25.758972,-24.4751,-23.174778
282.3,-26.001,-25.89067,-20.5383,-22.026466,-26.8249,-25.750902,-24.4751,-23.166079
282.4,-25.9094,-25.883446,-20.5078,-22.017424,-26.8249,-25.742807,-24.5056,-23.157345
282.5,-25.9705,-25.876163,-20.5078,-22.00834,-26.8249,-25.73469,-24.4446,-23.14858
282.6,-26.001,-25.868826,-20.4773,-21.999218,-26.7944,-25.726547,-24.4751,-23.139784
282.7,-26.0315,-25.861435,-20.5688,-21.990055,-26.8249,-25.718382,-24.5056,-23.130955
282.8,-26.001,-25.853992,-20.5688,-21.980854,-26.7944,-25.710194,-24.5361,-23.122095
282.9,-26.001,-25.846498,-20.5994,-21.971615,-26.7639,-25.701982,-24.5361,-23.113205
283.0,-25.9705,-25.838955,-20.5688,-21.962337,-26.7334,-25.693748,-24.5361,-23.104286
283.1,-25.9705,-25.831362,-20.6299,-21.953022,-26.7944,-25.685493,-24.5972,-23.095337
283.2,-25.9399,-25.82372,-20.5688,-21.94367,-26.7334,-25.677217,-24.5056,-23.086359
283.3,-25.9705,-25.816032,-20.6299,-21.93428,-26.7639,-25.66892,-24.5361,-23.077353
283.4,-25.9399,-25.808298,-20.5994,-21.924854,-26.7029,-25.660603,-24.5666,-23.068317
283.5,-25.9705,-25.80052,-20.6299,-21.915394,-26.7029,-25.652266,-24.5972,-23.059256
283.6,-26.0315,-25.792698,-20.7214,-21.905897,-26.7639,-25.643908,-24.5666,-23.050167
283.7,-26.001,-25.784832,-20.6909,-21.896366,-26.7944,-25.63553,-24.6277,-23.04105
283.8,-26.001,-25.776924,-20.6604,-21.8868,-26.7334,-25.627134,-24.5972,-23.031908
283.9,-25.9705,-25.768976,-20.6909,-21.877201,-26.6724,-25.61872,-24.5972,-23.02274
284.0,-26.001,-25.760988,-20.7214,-21.867569,-26.7029,-25.610285,-24.6277,-23.013546
284.1,-26.001,-25.75296,-20.6909,-21.857903,-26.6724,-25.601833,-24.6277,-23.004326
284.2,-26.0315,-25.744894,-20.752,-21.848204,-26.7029,-25.593363,-24.5972,-22.99508
284.3,-26.0315,-25.73679,-20.752,-21.838472,-26.7639,-25.584875,-24.5972,-22.985811
284.4,-26.0315,-25.72865,-20.7825,-21.82871,-26.6724,-25.57637,-24.6582,-22.976519
284.5,-26.001,-25.720472,-20.7825,-21.818916,-26.6724,-25.567848,-24.6277,-22.967201
284.6,-26.001,-25.71226,-20.813,-21.809092,-26.6724,-25.559309,-24.6277,-22.95786
284.7,-25.9705,-25.704012,-20.752,-21.799236,-26.6724,-25.550755,-24.6582,-22.948498
284.8,-26.0315,-25.69573,-20.813,-21.78935,-26.6724,-25.542183,-24.6582,-22.939112
284.9,-26.001,-25.687416,-20.874,-21.779434,-26.7029,-25.533596,-24.6277,-22.929703
285.0,-26.001,-25.679068,-20.874,-21.76949,-26.6724,-25.524994,-24.6582,-22.920273
285.1,-26.001,-25.670689,-20.874,-21.759514,-26.6724,-25.516376,-24.5972,-22.91082
285.2,-26.001,-25.662277,-20.9045,-21.74951,-26.6724,-25.507744,-24.6277,-22.901346
285.3,-26.0315,-25.653835,-20.9045,-21.739477,-26.6418,-25.499096,-24.5972,-22.891851
285.4,-26.0315,-25.645363,-20.9045,-21.729418,-26.6418,-25.490433,-24.6582,-22.882336
285.5,-26.0315,-25.63686,-20.9351,-21.71933,-26.6113,-25.481756,-24.6277,-22.8728
285.6,-26.001,-25.628328,-20.9351,-21.709215,-26.6113,-25.473064,-24.6887,-22.863245
285.7,-26.0315,-25.619768,-20.9656,-21.699072,-26.5808,-25.46436,-24.6582,-22.85367
285.8,-26.001,-25.61118,-20.9961,-21.688902,-26.6113,-25.45564,-24.7192,-22.844074
285.9,-26.001,-25.602564,-20.9656,-21.678705,-26.6418,-25.446907,-24.6887,-22.83446
286.0,-26.0315,-25.59392,-20.9961,-21.668484,-26.5808,-25.43816,-24.6887,-22.824825
286.1,-26.001,-25.585249,-21.0266,-21.658236,-26.6113,-25.4294,-24.6582,-22.815174
286.2,-26.001,-25.576553,-21.0266,-21.647963,-26.5808,-25.420628,-24.7192,-22.805504
286.3,-26.0315,-25.567831,-21.0266,-21.637665,-26.6113,-25.411842,-24.6887,-22.795816
286.4,-26.0315,-25.559084,-21.0571,-21.62734,-26.5503,-25.403044,-24.7192,-22.78611
286.5,-26.0315,-25.550312,-21.0571,-21.616993,-26.5503,-25.394234,-24.7192,-22.776386
286.6,-26.0315,-25.541515,-21.0876,-21.60662,-26.5503,-25.38541,-24.6887,-22.766645
286.7,-26.0315,-25.532694,-21.0876,-21.596224,-26.5198,-25.376575,-24.6887,-22.756887
286.8,-26.001,-25.52385,-21.0876,-21.585804,-26.5503,-25.36773,-24.6887,-22.747112
286.9,-26.0315,-25.514982,-21.1487,-21.57536,-26.5198,-25.358871,-24.7192,-22.73732
287.0,-26.0315,-25.506092,-21.1182,-21.564892,-26.5503,-25.350002,-24.7192,-22.727512
287.1,-26.062,-25.497179,-21.1182,-21.554401,-26.5198,-25.341122,-24.7498,-22.717688
287.2,-26.0925,-25.488243,-21.1182,-21.543888,-26.5198,-25.33223,-24.7192,-22.707848
287.3,-26.0315,-25.479286,-21.1182,-21.533354,-26.5198,-25.323326,-24.7498,-22.697992
287.4,-26.0315,-25.470306,-21.1182,-21.522797,-26.4893,-25.314411,-24.7192,-22.688122
287.5,-26.001,-25.461306,-21.1487,-21.512217,-26.4282,-25.305487,-24.7498,-22.678236
287.6,-26.001,-25.452286,-21.1792,-21.501616,-26.4587,-25.29655,-24.7498,-22.668335
287.7,-26.001,-25.443245,-21.1792,-21.490993,-26.4587,-25.287605,-24.6887,-22.658419
287.8,-26.001,-25.434183,-21.2402,-21.48035,-26.4893,-25.278648,-24.7192,-22.648489
287.9,-26.001,-25.425102,-21.2402,-21.469687,-26.5198,-25.269682,-24.7803,-22.638544
288.0,-26.0315,-25.416,-21.2402,-21.459002,-26.4893,-25.260706,-24.8108,-22.628586
288.1,-26.001,-25.40688,-21.2402,-21.448296,-26.5198,-25.251719,-24.8108,-22.618614
288.2,-26.0315,-25.39774,-21.2402,-21.43757,-26.4587,-25.242722,-24.7803,-22.608627
288.3,-26.001,-25.388582,-21.2402,-21.426825,-26.4587,-25.233715,-24.7498,-22.598627
288.4,-26.0315,-25.379406,-21.2708,-21.41606,-26.4587,-25.224699,-24.7498,-22.588614
288.5,-26.001,-25.37021,-21.2708,-21.405275,-26.4587,-25.215673,-24.7803,-22.578588
288.6,-26.001,-25.360998,-21.3013,-21.394472,-26.4587,-25.20664,-24.7803,-22.56855
288.7,-25.9399,-25.351768,-21.2708,-21.38365,-26.4587,-25.197598,-24.8108,-22.558498
288.8,-25.9705,-25.342522,-21.2708,-21.372808,-26.4282,-25.188545,-24.7498,-22.548435
288.9,-25.9399,-25.333258,-21.3013,-21.361948,-26.4282,-25.179485,-24.8108,-22.538359
289.0,-25.9705,-25.323977,-21.3013,-21.351068,-26.4282,-25.170416,-24.8413,-22.52827
289.1,-25.9705,-25.314678,-21.3013,-21.340172,-26.3977,-25.161337,-24.8108,-22.518171
289.2,-26.001,-25.305363,-21.3318,-21.329258,-26.4282,-25.15225,-24.7803,-22.508059
289.3,-26.001,-25.296032,-21.3623,-21.318325,-26.3977,-25.143156,-24.7803,-22.497934
289.4,-26.001,-25.286686,-21.3928,-21.307375,-26.3977,-25.134052,-24.8413,-22.487799
289.5,-25.9705,-25.277323,-21.3623,-21.296408,-26.3977,-25.12494,-24.8413,-22.477652
289.6,-25.9705,-25.267944,-21.3928,-21.285423,-26.3977,-25.115822,-24.8413,-22.467495
289.7,-25.9399,-25.25855,-21.3928,-21.274422,-26.4282,-25.106695,-24.8413,-22.457327
289.8,-25.9094,-25.249142,-21.3623,-21.263403,-26.3672,-25.097559,-24.8108,-22.447147
289.9,-25.9705,-25.239717,-21.3928,-21.252367,-26.3672,-25.088415,-24.8413,-22.436958
290.0,-26.001,-25.230278,-21.4233,-21.241316,-26.3977,-25.079264,-24.8413,-22.426758
290.1,-26.001,-25.220825,-21.4233,-21.230247,-26.3672,-25.070105,-24.8718,-22.416548
290.2,-26.0315,-25.211357,-21.4233,-21.219164,-26.3977,-25.060938,-24.8413,-22.406326
290.3,-25.9399,-25.201876,-21.4233,-21.208065,-26.3977,-25.051765,-24.8718,-22.396095
290.4,-25.9705,-25.192379,-21.4539,-21.196949,-26.3367,-25.042585,-24.8718,-22.385855
290.5,-25.9705,-25.182869,-21.4539,-21.185818,-26.3367,-25.033398,-24.9023,-22.375605
290.6,-25.9705,-25.173346,-21.4844,-21.174671,-26.3062,-25.024202,-24.8718,-22.365345
290.7,-26.0315,-25.163809,-21.4844,-21.16351,-26.3672,-25.015001,-24.8718,-22.355076
290.8,-26.001,-25.154259,-21.4844,-21.152332,-26.3977,-25.005793,-24.9023,-22.344797
290.9,-26.001,-25.144695,-21.4844,-21.141142,-26.3367,-24.996576,-24.9023,-22.334509
291.0,-26.001,-25.135118,-21.5149,-21.129936,-26.3062,-24.987354,-24.9023,-22.324213
291.1,-25.9705,-25.125528,-21.4844,-21.118715,-26.3062,-24.978125,-24.9023,-22.313908
291.2,-25.9705,-25.115927,-21.4844,-21.107481,-26.2451,-24.96889,-24.8718,-22.303593
291.3,-26.001,-25.106312,-21.5149,-21.096231,-26.2146,-24.959648,-24.9329,-22.29327
291.4,-25.9705,-25.096685,-21.4539,-21.084969,-26.2756,-24.9504,-24.9023,-22.282938
291.5,-25.9705,-25.087046,-21.5149,-21.073692,-26.2451,-24.941145,-24.9329,-22.272598
291.6,-26.001,-25.077394,-21.5149,-21.0624,-26.2146,-24.931885,-24.9329,-22.26225
291.7,-26.001,-25.067732,-21.5149,-21.051096,-26.2451,-24.922619,-24.9023,-22.251894
291.8,-26.0315,-25.058056,-21.5759,-21.039778,-26.2451,-24.913345,-24.9023,-22.24153
291.9,-26.0315,-25.048368,-21.6064,-21.028446,-26.3062,-24.904066,-24.9023,-22.231157
292.0,-26.0315,-25.03867,-21.6064,-21.017101,-26.2451,-24.894781,-24.9329,-22.220778
292.1,-26.0315,-25.02896,-21.637,-21.005743,-26.2756,-24.88549,-24.9329,-22.21039
292.2,-26.0315,-25.019238,-21.637,-20.994373,-26.3367,-24.876194,-24.9634,-22.199995
292.3,-26.001,-25.009504,-21.6675,-20.98299,-26.3062,-24.866892,-24.9329,-22.189592
292.4,-26.0315,-24.999762,-21.637,-20.971594,-26.3367,-24.857584,-24.9329,-22.179182
292.5,-26.0315,-24.990007,-21.6675,-20.960186,-26.2756,-24.84827,-24.9329,-22.168766
292.6,-26.0315,-24.980242,-21.6675,-20.948765,-26.2756,-24.838951,-24.9634,-22.158342
292.7,-26.0315,-24.970467,-21.698,-20.937332,-26.2451,-24.829628,-24.9329,-22.147911
292.8,-26.0315,-24.96068,-21.698,-20.925886,-26.2146,-24.8203,-24.9634,-22.137474
292.9,-26.062,-24.950884,-21.7285,-20.914429,-26.2451,-24.810965,-24.9329,-22.12703
293.0,-26.062,-24.941076,-21.7285,-20.90296,-26.2146,-24.801624,-25.0244,-22.11658
293.1,-26.062,-24.93126,-21.759,-20.89148,-26.2451,-24.79228,-25.0244,-22.106121
293.2,-26.0315,-24.921432,-21.7285,-20.879988,-26.2756,-24.78293,-25.0549,-22.095657
293.3,-26.062,-24.911594,-21.7895,-20.868484,-26.1841,-24.773575,-24.9939,-22.085186
293.4,-26.062,-24.901747,-21.7895,-20.85697,-26.1841,-24.764215,-24.9939,-22.074709
293.5,-26.062,-24.89189,-21.8506,-20.845444,-26.1841,-24.75485,-24.9634,-22.064226
293.6,-26.123,-24.882023,-21.8506,-20.833906,-26.2146,-24.745481,-24.9634,-22.053738
293.7,-26.123,-24.872147,-21.8506,-20.822357,-26.2146,-24.736107,-24.9634,-22.043242
293.8,-26.0925,-24.86226,-21.8506,-20.810797,-26.1841,-24.726728,-24.9634,-22.03274
293.9,-26.0925,-24.852365,-21.8201,-20.799227,-26.1841,-24.717344,-25.0244,-22.022232
294.0,-26.1536,-24.84246,-21.8201,-20.787645,-26.1841,-24.707956,-24.9939,-22.011719
294.09999999999997,-26.123,-24.832546,-21.8201,-20.776054,-26.1841,-24.698563,-25.0549,-22.0012
294.20000000000005,-26.0925,-24.822624,-21.8506,-20.764452,-26.2451,-24.689165,-24.9939,-21.990675
294.3,-26.123,-24.812693,-21.8506,-20.75284,-26.1536,-24.679764,-25.0244,-21.980145
294.4,-26.123,-24.802752,-21.8506,-20.741217,-26.1841,-24.670359,-25.0549,-21.96961
294.5,-26.0925,-24.792803,-21.8506,-20.729584,-26.1841,-24.660948,-25.0549,-21.95907
294.59999999999997,-26.062,-24.782845,-21.8811,-20.717941,-26.1536,-24.651533,-25.0244,-21.948524
294.70000000000005,-26.1536,-24.772877,-21.8811,-20.706287,-26.1841,-24.642115,-25.0244,-21.937973
294.8,-26.123,-24.762901,-21.9727,-20.694624,-26.1536,-24.632692,-25.0244,-21.927418
294.9,-26.1536,-24.752918,-21.9421,-20.682951,-26.1841,-24.623266,-25.0854,-21.916857
295.0,-26.123,-24.742926,-21.8811,-20.671268,-26.1536,-24.613836,-25.0549,-21.906292
295.09999999999997,-26.1536,-24.732925,-21.9421,-20.659576,-26.1536,-24.6044,-25.0549,-21.895721
295.20000000000005,-26.123,-24.722918,-21.9727,-20.647875,-26.123,-24.594961,-25.0549,-21.885147
295.3,-26.1536,-24.7129,-21.9727,-20.636164,-26.123,-24.585518,-25.0244,-21.874567
295.4,-26.123,-24.702875,-21.9727,-20.624443,-26.0925,-24.57607,-25.0854,-21.863983
295.5,-26.123,-24.692842,-21.9421,-20.612715,-26.123,-24.56662,-25.0854,-21.853394
295.59999999999997,-26.1841,-24.682802,-21.9421,-20.600977,-26.123,-24.557167,-25.0244,-21.8428
295.70000000000005,-26.1536,-24.672754,-21.9727,-20.58923,-26.0925,-24.54771,-25.0549,-21.832203
295.8,-26.123,-24.662699,-22.0032,-20.577473,-26.0925,-24.53825,-25.0854,-21.8216
295.9,-26.1536,-24.652636,-22.0032,-20.565708,-26.1536,-24.528786,-25.0854,-21.810993
296.0,-26.123,-24.642565,-22.0032,-20.553934,-26.123,-24.519318,-25.0854,-21.800383
296.09999999999997,-26.1841,-24.632486,-22.0032,-20.542152,-26.123,-24.509846,-25.0854,-21.789768
296.20000000000005,-26.1536,-24.6224,-22.0337,-20.530361,-26.123,-24.50037,-25.177,-21.77915
296.3,-26.123,-24.612307,-22.0337,-20.518562,-26.0925,-24.490892,-25.116,-21.768526
296.4,-26.123,-24.602205,-22.0032,-20.506754,-26.0925,-24.481411,-25.116,-21.757898
296.5,-26.1536,-24.592096,-22.0337,-20.494938,-26.062,-24.471926,-25.177,-21.747267
296.59999999999997,-26.1841,-24.581982,-22.0947,-20.483112,-26.123,-24.462437,-25.116,-21.736631
296.70000000000005,-26.1536,-24.57186,-22.0337,-20.47128,-26.062,-24.452946,-25.116,-21.725992
296.8,-26.2146,-24.56173,-22.0642,-20.459438,-26.001,-24.44345,-25.2075,-21.71535
296.9,-26.2146,-24.551594,-22.0642,-20.44759,-26.062,-24.433952,-25.1465,-21.704704
297.0,-26.2146,-24.54145,-22.0947,-20.435732,-26.062,-24.424452,-25.1465,-21.694056
297.09999999999997,-26.2146,-24.5313,-22.0642,-20.423866,-26.0925,-24.414948,-25.2075,-21.683403
297.20000000000005,-26.1841,-24.521143,-22.0947,-20.411993,-26.0925,-24.405441,-25.1465,-21.672747
297.3,-26.2146,-24.510979,-22.0947,-20.400112,-26.062,-24.395931,-25.177,-21.662086
297.4,-26.1841,-24.500809,-22.1252,-20.388224,-26.062,-24.38642,-25.1465,-21.651423
297.5,-26.2146,-24.490633,-22.1252,-20.376328,-26.0925,-24.376904,-25.177,-21.640757
297.59999999999997,-26.1841,-24.48045,-22.1558,-20.364424,-26.062,-24.367386,-25.2075,-21.630087
297.70000000000005,-26.1841,-24.47026,-22.1558,-20.352512,-26.062,-24.357864,-25.2075,-21.619413
297.8,-26.2146,-24.460064,-22.1252,-20.340593,-26.062,-24.348341,-25.238,-21.608738
297.9,-26.2146,-24.449862,-22.0947,-20.328669,-26.0315,-24.338814,-25.2075,-21.598059
298.0,-26.2146,-24.439653,-22.1558,-20.316736,-26.0315,-24.329285,-25.238,-21.587376
298.09999999999997,-26.2146,-24.42944,-22.1252,-20.304796,-26.0315,-24.319754,-25.238,-21.57669
298.20000000000005,-26.2451,-24.419218,-22.1558,-20.292849,-26.062,-24.310219,-25.238,-21.566002
298.3,-26.1841,-24.40899,-22.1863,-20.280895,-26.062,-24.300682,-25.2075,-21.555311
298.4,-26.2146,-24.398758,-22.1252,-20.268934,-26.0315,-24.291142,-25.238,-21.544617
298.5,-26.1841,-24.38852,-22.1863,-20.256966,-26.0315,-24.281599,-25.2991,-21.53392
298.59999999999997,-26.1841,-24.378275,-22.1863,-20.244991,-26.001,-24.272055,-25.238,-21.52322
298.70000000000005,-26.2451,-24.368025,-22.2168,-20.23301,-26.0315,-24.262508,-25.2686,-21.512518
298.8,-26.2146,-24.357769,-22.2168,-20.22102,-26.001,-24.252958,-25.238,-21.501814
298.9,-26.2146,-24.347507,-22.2168,-20.209024,-26.001,-24.243406,-25.238,-21.491106
299.0,-26.1841,-24.33724,-22.2168,-20.197021,-25.9705,-24.233852,-25.238,-21.480396
299.09999999999997,-26.1841,-24.326967,-22.2778,-20.185013,-25.9705,-24.224297,-25.238,-21.469685
299.20000000000005,-26.1841,-24.316689,-22.2778,-20.172998,-26.001,-24.214739,-25.2686,-21.45897
299.3,-26.2146,-24.306404,-22.2778,-20.160976,-25.9705,-24.205177,-25.2991,-21.448252
299.4,-26.2451,-24.296114,-22.3083,-20.148949,-25.9705,-24.195614,-25.2686,-21.437532
299.5,-26.2451,-24.285818,-22.3083,-20.136915,-26.001,-24.186049,-25.2991,-21.42681
299.59999999999997,-26.1841,-24.275517,-22.3083,-20.124874,-25.9705,-24.176481,-25.2991,-21.416084
299.70000000000005,-26.1841,-24.265211,-22.3694,-20.112827,-26.001,-24.166912,-25.2991,-21.405357
299.8,-26.2756,-24.2549,-22.3389,-20.100775,-25.9399,-24.157341,-25.3296,-21.394629
299.9,-26.2146,-24.244583,-22.3694,-20.088715,-25.9705,-24.147768,-25.2991,-21.383898
300.0,-26.2451,-24.23426,-22.3389,-20.076649,-25.9399,-24.138193,-25.2991,-21.373165
300.09999999999997,-26.2451,-24.223934,-22.3694,-20.064577,-25.9094,-24.128616,-25.2991,-21.36243
300.20000000000005,-26.2146,-24.213602,-22.4304,-20.0525,-25.9094,-24.119038,-25.3296,-21.351692
300.3,-26.2146,-24.203264,-22.3999,-20.040417,-25.9399,-24.109457,-25.3296,-21.340952
300.4,-26.1841,-24.192923,-22.3999,-20.028328,-25.9399,-24.099874,-25.3601,-21.33021
300.5,-26.2146,-24.182575,-22.4304,-20.016233,-25.9399,-24.09029,-25.3601,-21.319466
300.59999999999997,-26.2756,-24.172224,-22.4609,-20.004133,-25.9399,-24.080704,-25.3601,-21.30872
300.70000000000005,-26.2451,-24.161867,-22.4609,-19.992027,-25.9094,-24.071115,-25.3601,-21.297972
300.8,-26.2451,-24.151505,-22.4609,-19.979916,-25.9399,-24.061525,-25.3601,-21.287222
300.9,-26.2756,-24.141138,-22.4304,-19.967798,-25.9399,-24.051933,-25.3296,-21.27647
301.0,-26.2146,-24.130766,-22.4609,-19.955675,-25.9399,-24.04234,-25.3601,-21.265717
301.09999999999997,-26.3062,-24.12039,-22.4609,-19.943546,-25.9399,-24.032743,-25.3601,-21.254961
301.20000000000005,-26.2756,-24.11001,-22.4609,-19.931412,-25.8789,-24.023146,-25.3906,-21.244205
301.3,-26.2146,-24.099625,-22.4609,-19.919271,-25.9399,-24.013546,-25.3906,-21.233448
301.4,-26.2756,-24.089235,-22.4915,-19.907125,-25.9399,-24.003946,-25.3601,-21.222689
301.5,-26.2756,-24.07884,-22.522,-19.894974,-25.9094,-23.994345,-25.3601,-21.211927
301.59999999999997,-26.2756,-24.068441,-22.4915,-19.882816,-25.8789,-23.984741,-25.3601,-21.201164
301.70000000000005,-26.3062,-24.058039,-22.5525,-19.870655,-25.8789,-23.975136,-25.3906,-21.1904
301.8,-26.2451,-24.04763,-22.5525,-19.858488,-25.9094,-23.965528,-25.3601,-21.179632
301.9,-26.2146,-24.037218,-22.5525,-19.846315,-25.8789,-23.95592,-25.3601,-21.168865
302.0,-26.2451,-24.026802,-22.5525,-19.834137,-25.9094,-23.94631,-25.3906,-21.158096
302.09999999999997,-26.2451,-24.016382,-22.5525,-19.821955,-25.9399,-23.936699,-25.3601,-21.147326
302.20000000000005,-26.2756,-24.005957,-22.583,-19.809767,-25.9705,-23.927086,-25.4211,-21.136553
302.3,-26.2756,-23.995527,-22.583,-19.797573,-25.9705,-23.91747,-25.3906,-21.12578
302.4,-26.2451,-23.985094,-22.5525,-19.785376,-25.9399,-23.907856,-25.3906,-21.115005
302.5,-26.2756,-23.974657,-22.583,-19.773172,-25.9399,-23.89824,-25.3601,-21.104229
302.59999999999997,-26.2451,-23.964216,-22.583,-19.760963,-25.9399,-23.88862,-25.4211,-21.093452
302.70000000000005,-26.3062,-23.95377,-22.583,-19.74875,-25.9094,-23.879002,-25.3906,-21.082674
302.8,-26.3062,-23.94332,-22.583,-19.736532,-25.9705,-23.86938,-25.3906,-21.071894
302.9,-26.2451,-23.932865,-22.6135,-19.72431,-25.9399,-23.859758,-25.3601,-21.061113
303.0,-26.2451,-23.922407,-22.6746,-19.712082,-25.9705,-23.850136,-25.3296,-21.050331
303.09999999999997,-26.2451,-23.911945,-22.6746,-19.699848,-25.9705,-23.840511,-25.3906,-21.039547
303.20000000000005,-26.2451,-23.90148,-22.7051,-19.68761,-26.001,-23.830885,-25.3906,-21.028763
303.3,-26.2756,-23.89101,-22.6746,-19.675367,-26.001,-23.821259,-25.3906,-21.017977
303.4,-26.2756,-23.880537,-22.6746,-19.66312,-25.9705,-23.81163,-25.3906,-21.00719
303.5,-26.2451,-23.87006,-22.7051,-19.650867,-25.9399,-23.802002,-25.4517,-20.996403
303.59999999999997,-26.2451,-23.85958,-22.7051,-19.63861,-25.9399,-23.792372,-25.4211,-20.985613
303.70000000000005,-26.2451,-23.849094,-22.7356,-19.62635,-25.9399,-23.78274,-25.4211,-20.974823
303.8,-26.2756,-23.838606,-22.7661,-19.614084,-25.9705,-23.773108,-25.4517,-20.964031
303.9,-26.3062,-23.828114,-22.7661,-19.601814,-25.9705,-23.763474,-25.4211,-20.95324
304.0,-26.2756,-23.817617,-22.7966,-19.589539,-25.9705,-23.75384,-25.4517,-20.942446
304.09999999999997,-26.2146,-23.807117,-22.7966,-19.57726,-25.8789,-23.744204,-25.4517,-20.931652
304.20000000000005,-26.2756,-23.796614,-22.8271,-19.564976,-25.9399,-23.734568,-25.4822,-20.920856
304.3,-26.2451,-23.786108,-22.7966,-19.552687,-25.9705,-23.72493,-25.4517,-20.91006
304.4,-26.2146,-23.775599,-22.7966,-19.540394,-25.9705,-23.715292,-25.4517,-20.899263
304.5,-26.2451,-23.765085,-22.7966,-19.528097,-25.9399,-23.705652,-25.4822,-20.888466
304.59999999999997,-26.2756,-23.754568,-22.8271,-19.515795,-25.9705,-23.696012,-25.5127,-20.877666
304.70000000000005,-26.2451,-23.744047,-22.8271,-19.503489,-25.9399,-23.68637,-25.4822,-20.866867
304.8,-26.2756,-23.733522,-22.8577,-19.491179,-25.9094,-23.67673,-25.5127,-20.856068
304.9,-26.3367,-23.722996,-22.8271,-19.478865,-25.9094,-23.667086,-25.4822,-20.845266
305.0,-26.2756,-23.712465,-22.8577,-19.466545,-25.9094,-23.657442,-25.4822,-20.834465
305.09999999999997,-26.2756,-23.701931,-22.8577,-19.454222,-25.9094,-23.647797,-25.5432,-20.823662
305.20000000000005,-26.3062,-23.691393,-22.8577,-19.441895,-25.8789,-23.638151,-25.4822,-20.812859
305.3,-26.3062,-23.680853,-22.7966,-19.429564,-25.8789,-23.628504,-25.5127,-20.802055
305.4,-26.3062,-23.67031,-22.8271,-19.417229,-25.9094,-23.618856,-25.5737,-20.79125
305.5,-26.2756,-23.659761,-22.8577,-19.404888,-25.8484,-23.60921,-25.5432,-20.780445
305.59999999999997,-26.2756,-23.649212,-22.8271,-19.392544,-25.9094,-23.59956,-25.5432,-20.76964
305.70000000000005,-26.2451,-23.638659,-22.8882,-19.380196,-25.8484,-23.58991,-25.5127,-20.758833
305.8,-26.2451,-23.628101,-22.8882,-19.367844,-25.8484,-23.58026,-25.5127,-20.748026
305.9,-26.3062,-23.617542,-22.9492,-19.355488,-25.9705,-23.570608,-25.5432,-20.737219
306.0,-26.3062,-23.60698,-22.8882,-19.343128,-25.9399,-23.560957,-25.5127,-20.72641
306.09999999999997,-26.2756,-23.596413,-22.9187,-19.330765,-25.8789,-23.551304,-25.5127,-20.715601
306.20000000000005,-26.3062,-23.585844,-22.8882,-19.318398,-25.9094,-23.54165,-25.5432,-20.704792
306.3,-26.3062,-23.575272,-22.8882,-19.306026,-25.8789,-23.531998,-25.5432,-20.693981
306.4,-26.2756,-23.564697,-22.9797,-19.29365,-25.9094,-23.522343,-25.5127,-20.68317
306.5,-26.3062,-23.55412,-22.9187,-19.28127,-25.8789,-23.512688,-25.5127,-20.67236
306.59999999999997,-26.3062,-23.54354,-22.9187,-19.268885,-25.8789,-23.50303,-25.5432,-20.661549
306.7,-26.3062,-23.532955,-22.9797,-19.256496,-25.8789,-23.493374,-25.5432,-20.650736
306.8,-26.3062,-23.52237,-22.9492,-19.244104,-25.8484,-23.483717,-25.5432,-20.639923
306.90000000000003,-26.3062,-23.51178,-22.9492,-19.231709,-25.9399,-23.47406,-25.5737,-20.62911
307.0,-26.2756,-23.501188,-22.9797,-19.219309,-25.9094,-23.464401,-25.5127,-20.618298
307.09999999999997,-26.3062,-23.490593,-22.9797,-19.206905,-25.9399,-23.454742,-25.5127,-20.607483
307.2,-26.3062,-23.479996,-23.0103,-19.194498,-25.9399,-23.445084,-25.5127,-20.596668
307.3,-26.3062,-23.469395,-22.9797,-19.182087,-25.9399,-23.435423,-25.5737,-20.585854
307.40000000000003,-26.3367,-23.458792,-23.0103,-19.169672,-25.9705,-23.425762,-25.5737,-20.575039
307.5,-26.3367,-23.448185,-22.9797,-19.157253,-26.001,-23.416101,-25.5737,-20.564224
307.59999999999997,-26.3062,-23.437576,-23.0408,-19.14483,-25.9399,-23.406439,-25.6042,-20.553408
307.7,-26.3062,-23.426964,-22.9797,-19.132404,-25.9094,-23.396776,-25.6348,-20.542591
307.8,-26.3062,-23.41635,-23.0408,-19.119976,-25.9399,-23.387114,-25.5432,-20.531775
307.90000000000003,-26.3062,-23.405733,-22.9797,-19.107544,-25.9094,-23.37745,-25.5737,-20.520958
308.0,-26.3062,-23.395113,-22.9797,-19.095108,-25.9094,-23.367786,-25.5737,-20.510141
308.09999999999997,-26.3062,-23.384491,-23.0408,-19.082668,-25.9094,-23.358122,-25.6042,-20.499325
308.2,-26.3367,-23.373867,-23.0103,-19.070225,-25.9399,-23.348457,-25.6653,-20.488506
308.3,-26.2451,-23.36324,-23.0713,-19.057777,-25.9399,-23.338793,-25.6348,-20.477688
308.40000000000003,-26.2451,-23.35261,-23.1018,-19.045326,-25.9705,-23.329126,-25.6042,-20.46687
308.5,-26.2756,-23.341976,-23.0713,-19.032871,-25.9705,-23.31946,-25.6042,-20.45605
308.59999999999997,-26.2756,-23.33134,-23.0103,-19.020412,-25.9705,-23.309793,-25.6042,-20.445232
308.7,-26.2756,-23.320704,-23.0713,-19.00795,-25.8789,-23.300127,-25.6042,-20.434414
308.8,-26.3062,-23.310064,-23.1018,-18.995485,-25.8484,-23.29046,-25.6348,-20.423595
308.90000000000003,-26.2756,-23.299421,-23.0713,-18.983017,-25.9399,-23.280792,-25.6042,-20.412777
309.0,-26.3367,-23.288776,-23.1018,-18.970545,-25.9399,-23.271124,-25.6042,-20.401958
309.09999999999997,-26.2756,-23.27813,-23.0713,-18.958069,-25.9705,-23.261456,-25.6042,-20.391138
309.2,-26.3367,-23.267479,-23.1018,-18.94559,-25.9399,-23.251787,-25.6958,-20.380318
309.3,-26.3062,-23.256826,-23.1323,-18.933105,-25.9399,-23.242119,-25.6348,-20.369497
309.40000000000003,-26.2756,-23.246172,-23.1323,-18.92062,-25.9399,-23.232449,-25.6348,-20.358677
309.5,-26.2756,-23.235516,-23.1018,-18.90813,-25.9705,-23.222778,-25.6042,-20.347857
309.59999999999997,-26.2756,-23.224855,-23.1018,-18.895638,-25.9705,-23.213108,-25.6348,-20.337036
309.7,-26.2451,-23.214193,-23.1018,-18.88314,-25.9399,-23.203438,-25.6653,-20.326216
309.8,-26.2146,-23.20353,-23.1018,-18.87064,-25.9705,-23.193768,-25.6958,-20.315395
309.90000000000003,-26.2756,-23.192863,-23.1018,-18.858137,-25.9399,-23.184097,-25.6653,-20.304575
310.0,-26.2451,-23.182196,-23.0713,-18.84563,-25.9399,-23.174425,-25.6653,-20.293755
310.09999999999997,-26.1841,-23.171524,-23.1018,-18.83312,-25.9094,-23.164753,-25.6653,-20.282934
310.2,-26.2451,-23.16085,-23.1323,-18.820606,-25.9399,-23.15508,-25.6958,-20.272114
310.3,-26.2146,-23.150175,-23.1018,-18.80809,-25.9094,-23.145409,-25.6958,-20.261293
310.40000000000003,-26.2756,-23.139498,-23.1323,-18.79557,-25.9705,-23.135736,-25.6653,-20.250473
310.5,-26.2451,-23.128819,-23.1934,-18.783047,-25.9399,-23.126064,-25.6958,-20.239653
310.59999999999997,-26.2146,-23.118137,-23.1323,-18.77052,-25.9094,-23.116392,-25.6958,-20.228832
310.7,-26.1536,-23.107452,-23.1628,-18.75799,-25.9094,-23.106718,-25.6653,-20.218012
310.8,-26.2451,-23.096766,-23.1934,-18.745457,-25.9705,-23.097044,-25.7568,-20.207191
310.90000000000003,-26.1536,-23.086077,-23.1934,-18.73292,-26.001,-23.08737,-25.6958,-20.196371
311.0,-26.2451,-23.075386,-23.1934,-18.720379,-25.9399,-23.077696,-25.7263,-20.18555
311.09999999999997,-26.2451,-23.064693,-23.2239,-18.707836,-25.9705,-23.068022,-25.6958,-20.17473
311.2,-26.2451,-23.053999,-23.2239,-18.69529,-25.9705,-23.058348,-25.6958,-20.16391
311.3,-26.2451,-23.043303,-23.2239,-18.68274,-25.9705,-23.048674,-25.6653,-20.15309
311.40000000000003,-26.2451,-23.032604,-23.2849,-18.670185,-26.001,-23.038998,-25.7263,-20.14227
311.5,-26.2756,-23.021902,-23.2239,-18.657629,-26.001,-23.029322,-25.6958,-20.131449
311.59999999999997,-26.2451,-23.011198,-23.2239,-18.64507,-26.001,-23.019646,-25.7263,-20.120628
311.7,-26.2451,-23.000492,-23.2239,-18.632505,-26.0315,-23.00997,-25.6958,-20.109808
311.8,-26.2756,-22.989784,-23.2849,-18.61994,-26.0315,-23.000294,-25.6958,-20.098988
311.90000000000003,-26.2451,-22.979074,-23.3154,-18.60737,-26.001,-22.990618,-25.7568,-20.088167
312.0,-26.2451,-22.968363,-23.2849,-18.594797,-25.9705,-22.980942,-25.7263,-20.077347
312.09999999999997,-26.2756,-22.95765,-23.2849,-18.58222,-25.9705,-22.971266,-25.7568,-20.066526
312.2,-26.2146,-22.946934,-23.3154,-18.569641,-26.0315,-22.96159,-25.7263,-20.055706
312.3,-26.2146,-22.936216,-23.3154,-18.557058,-26.001,-22.951914,-25.6653,-20.044886
312.40000000000003,-26.2146,-22.925497,-23.3459,-18.544472,-26.0315,-22.942236,-25.6958,-20.034065
312.5,-26.2451,-22.914776,-23.3154,-18.531883,-26.001,-22.932558,-25.6958,-20.023245
312.59999999999997,-26.2756,-22.904053,-23.3765,-18.51929,-26.001,-22.92288,-25.7263,-20.012424
312.7,-26.2756,-22.893328,-23.3765,-18.506695,-26.001,-22.913202,-25.7263,-20.001604
312.8,-26.2756,-22.8826,-23.407,-18.494097,-26.0315,-22.903524,-25.7263,-19.990784
312.90000000000003,-26.2756,-22.871872,-23.3459,-18.481495,-26.0315,-22.893847,-25.7568,-19.979963
313.0,-26.3062,-22.861141,-23.3765,-18.46889,-26.0315,-22.884169,-25.7263,-19.969143
313.09999999999997,-26.2756,-22.850409,-23.3459,-18.456282,-26.001,-22.87449,-25.7263,-19.958323
313.2,-26.3062,-22.839674,-23.407,-18.44367,-26.001,-22.864813,-25.7568,-19.947502
313.3,-26.2756,-22.828938,-23.3765,-18.431055,-26.001,-22.855135,-25.6958,-19.936682
313.40000000000003,-26.2756,-22.8182,-23.4375,-18.418438,-26.001,-22.845457,-25.7263,-19.925861
313.5,-26.2756,-22.807459,-23.4375,-18.405817,-25.9705,-22.83578,-25.7874,-19.915041
313.59999999999997,-26.2451,-22.796717,-23.468,-18.393192,-26.0315,-22.8261,-25.7568,-19.904222
313.7,-26.2756,-22.785973,-23.4375,-18.380566,-26.001,-22.81642,-25.7568,-19.893404
313.8,-26.2756,-22.775227,-23.4375,-18.367935,-26.001,-22.80674,-25.8179,-19.882586
313.90000000000003,-26.3062,-22.764479,-23.4985,-18.3553,-25.9705,-22.79706,-25.7874,-19.871767
314.0,-26.3367,-22.753729,-23.4985,-18.342665,-26.001,-22.78738,-25.8179,-19.860949
314.09999999999997,-26.3062,-22.742977,-23.4985,-18.330025,-26.001,-22.7777,-25.7568,-19.85013
314.2,-26.2756,-22.732224,-23.4985,-18.31738,-26.0315,-22.76802,-25.7874,-19.839312
314.3,-26.2756,-22.721468,-23.4985,-18.304735,-25.9705,-22.75834,-25.7874,-19.828493
314.40000000000003,-26.3062,-22.71071,-23.4985,-18.292086,-26.001,-22.748661,-25.7874,-19.817675
314.5,-26.2756,-22.699953,-23.4985,-18.279432,-26.062,-22.738981,-25.8179,-19.806856
314.59999999999997,-26.3062,-22.689194,-23.5901,-18.266777,-26.001,-22.729301,-25.8179,-19.796038
314.7,-26.3062,-22.678432,-23.5291,-18.254118,-26.001,-22.719622,-25.8179,-19.785221
314.8,-26.2756,-22.66767,-23.5596,-18.241457,-26.001,-22.709942,-25.8484,-19.774405
314.90000000000003,-26.3062,-22.656904,-23.5596,-18.228792,-26.001,-22.700262,-25.8484,-19.763588
315.0,-26.2756,-22.646137,-23.5596,-18.216124,-26.062,-22.690582,-25.7568,-19.752771
315.09999999999997,-26.3062,-22.635368,-23.5596,-18.203453,-26.062,-22.6809,-25.8179,-19.741955
315.2,-26.3062,-22.624598,-23.5291,-18.190779,-26.001,-22.671219,-25.8484,-19.731138
315.3,-26.2756,-22.613825,-23.5596,-18.1781,-26.0315,-22.661537,-25.8179,-19.720322
315.40000000000003,-26.3062,-22.60305,-23.5596,-18.16542,-26.0315,-22.651855,-25.8484,-19.709505
315.5,-26.3062,-22.592274,-23.5596,-18.152737,-26.062,-22.642174,-25.7874,-19.698689
315.59999999999997,-26.3367,-22.581497,-23.5291,-18.140049,-26.062,-22.632492,-25.8484,-19.687874
315.7,-26.3062,-22.570719,-23.5901,-18.12736,-26.062,-22.62281,-25.8179,-19.67706
315.8,-26.3062,-22.559938,-23.5901,-18.114666,-26.0315,-22.613129,-25.8484,-19.666245
315.90000000000003,-26.3672,-22.549156,-23.5596,-18.101969,-26.0315,-22.603447,-25.8179,-19.65543
316.0,-26.3062,-22.538372,-23.5596,-18.08927,-26.062,-22.593765,-25.8484,-19.644615
316.09999999999997,-26.2756,-22.527586,-23.5291,-18.076567,-26.0925,-22.584084,-25.8484,-19.6338
316.2,-26.3367,-22.516798,-23.5901,-18.063862,-26.0925,-22.574402,-25.8789,-19.622986
316.3,-26.3062,-22.506008,-23.5901,-18.051153,-26.0315,-22.56472,-25.9094,-19.612171
316.40000000000003,-26.3062,-22.495218,-23.5901,-18.03844,-26.0925,-22.555038,-25.8484,-19.601358
316.5,-26.3672,-22.484426,-23.5596,-18.025726,-26.062,-22.545357,-25.8484,-19.590546
316.59999999999997,-26.3367,-22.473633,-23.5901,-18.013008,-26.0925,-22.535675,-25.9399,-19.579733
316.7,-26.3672,-22.462837,-23.5901,-18.000286,-26.001,-22.525993,-25.8789,-19.56892
316.8,-26.3672,-22.45204,-23.6206,-17.987562,-26.0315,-22.516312,-25.8789,-19.558107
316.90000000000003,-26.3367,-22.44124,-23.6206,-17.974834,-26.062,-22.506628,-25.9399,-19.547295
317.0,-26.3367,-22.43044,-23.6206,-17.962103,-26.0925,-22.496944,-25.8789,-19.536482
317.09999999999997,-26.3672,-22.41964,-23.6511,-17.94937,-26.062,-22.48726,-25.9399,-19.525671
317.2,-26.3977,-22.408836,-23.6511,-17.936632,-26.0315,-22.477577,-25.9705,-19.51486
317.3,-26.3672,-22.398031,-23.6511,-17.923891,-26.123,-22.467894,-25.9705,-19.50405
317.40000000000003,-26.3977,-22.387224,-23.6816,-17.911148,-26.0925,-22.45821,-25.9094,-19.493238
317.5,-26.3672,-22.376415,-23.6816,-17.898401,-26.0925,-22.448526,-25.9399,-19.482428
317.59999999999997,-26.3367,-22.365606,-23.6816,-17.88565,-26.0925,-22.438843,-25.9094,-19.471617
317.7,-26.3367,-22.354795,-23.7122,-17.872898,-26.062,-22.42916,-25.9705,-19.460806
317.8,-26.3672,-22.343983,-23.7122,-17.860142,-26.0925,-22.419476,-25.9094,-19.449997
317.90000000000003,-26.3977,-22.333168,-23.7122,-17.847382,-26.123,-22.409792,-25.9399,-19.439188
318.0,-26.3977,-22.322351,-23.7427,-17.83462,-26.0925,-22.400108,-25.9094,-19.42838
318.09999999999997,-26.3672,-22.311533,-23.7427,-17.821854,-26.0925,-22.390425,-25.9399,-19.41757
318.2,-26.3672,-22.300714,-23.7122,-17.809084,-26.1536,-22.380741,-25.9705,-19.406761
318.3,-26.3672,-22.289894,-23.6511,-17.796312,-26.1536,-22.371058,-25.9094,-19.395952
318.40000000000003,-26.3977,-22.279072,-23.7122,-17.783537,-26.123,-22.361374,-25.9705,-19.385145
318.5,-26.4587,-22.268248,-23.7732,-17.770758,-26.2146,-22.351688,-25.9399,-19.374338
318.6,-26.3977,-22.257421,-23.7427,-17.757977,-26.2146,-22.342003,-25.9399,-19.363531
318.7,-26.3672,-22.246595,-23.7732,-17.745192,-26.1841,-22.332317,-25.8789,-19.352724
318.79999999999995,-26.3977,-22.235767,-23.7122,-17.732403,-26.1536,-22.322632,-25.9705,-19.341917
318.90000000000003,-26.4282,-22.224937,-23.7122,-17.719612,-26.0925,-22.312946,-25.9399,-19.33111
319.0,-26.4282,-22.214106,-23.7732,-17.706818,-26.1841,-22.30326,-25.9399,-19.320303
319.1,-26.4282,-22.203272,-23.7122,-17.69402,-26.1536,-22.293575,-25.9399,-19.309498
319.2,-26.4282,-22.192438,-23.7427,-17.681217,-26.1536,-22.28389,-25.9705,-19.298693
319.29999999999995,-26.4282,-22.181602,-23.7427,-17.668413,-26.1536,-22.274204,-26.001,-19.287888
319.40000000000003,-26.4587,-22.170765,-23.7427,-17.655605,-26.1536,-22.264519,-25.9705,-19.277082
319.5,-26.3977,-22.159925,-23.7427,-17.642794,-26.123,-22.254833,-25.9705,-19.266277
319.6,-26.4587,-22.149084,-23.7732,-17.62998,-26.1536,-22.245148,-26.001,-19.255472
319.7,-26.4282,-22.138243,-23.8037,-17.617163,-26.1536,-22.235462,-26.001,-19.244669
319.79999999999995,-26.4282,-22.1274,-23.8647,-17.604342,-26.1536,-22.225777,-26.0315,-19.233866
319.90000000000003,-26.4587,-22.116554,-23.8342,-17.591518,-26.2146,-22.21609,-26.001,-19.223063
320.0,-26.4282,-22.105707,-23.8342,-17.578691,-26.1841,-22.206402,-26.0315,-19.21226
320.1,-26.4587,-22.09486,-23.8647,-17.56586,-26.2146,-22.196714,-26.001,-19.201456
320.2,-26.4893,-22.084011,-23.8342,-17.553026,-26.2146,-22.187027,-25.9705,-19.190653
320.29999999999995,-26.4282,-22.07316,-23.8647,-17.54019,-26.2451,-22.17734,-25.9705,-19.179852
320.40000000000003,-26.4587,-22.062307,-23.8647,-17.52735,-26.1841,-22.167652,-25.9705,-19.16905
320.5,-26.4587,-22.051453,-23.8037,-17.514505,-26.2451,-22.157965,-26.001,-19.158249
320.6,-26.4587,-22.040598,-23.8342,-17.501657,-26.2451,-22.148277,-26.001,-19.147448
320.7,-26.5198,-22.029741,-23.8953,-17.488808,-26.2451,-22.13859,-26.0315,-19.136646
320.79999999999995,-26.4893,-22.018883,-23.8647,-17.475954,-26.2146,-22.128902,-26.001,-19.125847
320.90000000000003,-26.4587,-22.008022,-23.8342,-17.463097,-26.2451,-22.119215,-25.9705,-19.115047
321.0,-26.4893,-21.997162,-23.8647,-17.450235,-26.2451,-22.109528,-26.062,-19.104248
321.1,-26.4587,-21.9863,-23.8647,-17.437372,-26.2451,-22.099838,-26.001,-19.093449
321.2,-26.4893,-21.975435,-23.8953,-17.424505,-26.2451,-22.090149,-26.001,-19.08265
321.29999999999995,-26.4587,-21.96457,-23.8647,-17.411634,-26.2451,-22.08046,-26.0315,-19.07185
321.40000000000003,-26.4587,-21.953701,-23.9258,-17.39876,-26.2451,-22.07077,-26.0315,-19.061052
321.5,-26.4893,-21.942833,-23.8953,-17.385883,-26.2756,-22.06108,-26.001,-19.050255
321.6,-26.4893,-21.931963,-23.8647,-17.373003,-26.3062,-22.051392,-26.0315,-19.039457
321.7,-26.5198,-21.921091,-23.8647,-17.360119,-26.2756,-22.041702,-26.001,-19.02866
321.79999999999995,-26.4893,-21.910217,-23.8953,-17.34723,-26.2756,-22.032013,-26.0315,-19.017862
321.90000000000003,-26.5808,-21.899343,-23.8953,-17.33434,-26.2756,-22.022324,-26.001,-19.007065
322.0,-26.5503,-21.888468,-23.9258,-17.321445,-26.3062,-22.012632,-26.0315,-18.99627
322.1,-26.5503,-21.87759,-23.8953,-17.308548,-26.3367,-22.002941,-26.0315,-18.985474
322.2,-26.4893,-21.86671,-23.8647,-17.295647,-26.2756,-21.99325,-26.062,-18.974678
322.29999999999995,-26.5198,-21.85583,-23.8953,-17.282742,-26.3367,-21.983559,-26.0925,-18.963882
322.40000000000003,-26.5198,-21.844948,-23.9258,-17.269833,-26.3062,-21.973867,-26.062,-18.953087
322.5,-26.4893,-21.834064,-23.9563,-17.256922,-26.3062,-21.964176,-26.001,-18.942293
322.6,-26.4893,-21.82318,-23.9258,-17.244007,-26.3062,-21.954485,-26.062,-18.9315
322.7,-26.5503,-21.812292,-23.9563,-17.231089,-26.3062,-21.944794,-26.0315,-18.920706
322.79999999999995,-26.5198,-21.801405,-23.9563,-17.218166,-26.2756,-21.935102,-26.0315,-18.909912
322.90000000000003,-26.5198,-21.790516,-23.9868,-17.20524,-26.3367,-21.92541,-26.0315,-18.899118
323.0,-26.5198,-21.779625,-23.9868,-17.19231,-26.3062,-21.915716,-26.0315,-18.888325
323.1,-26.5198,-21.768732,-23.9868,-17.179377,-26.2756,-21.906023,-26.0315,-18.877533
323.2,-26.4893,-21.757837,-24.0173,-17.166441,-26.3062,-21.89633,-26.062,-18.866741
323.29999999999995,-26.5198,-21.746943,-23.9563,-17.153502,-26.3367,-21.886637,-26.062,-18.85595
323.40000000000003,-26.5808,-21.736046,-23.9563,-17.140558,-26.3062,-21.876944,-26.0925,-18.845158
323.5,-26.5503,-21.725147,-23.9868,-17.127611,-26.2756,-21.86725,-26.123,-18.834366
323.6,-26.5503,-21.714247,-23.9563,-17.11466,-26.3062,-21.857555,-26.123,-18.823576
323.7,-26.5198,-21.703346,-24.0173,-17.101706,-26.3062,-21.84786,-26.062,-18.812786
323.79999999999995,-26.5503,-21.692444,-24.0173,-17.088747,-26.3367,-21.838165,-26.062,-18.801996
323.90000000000003,-26.4893,-21.68154,-23.9868,-17.075785,-26.3062,-21.82847,-26.062,-18.791206
324.0,-26.5198,-21.670633,-24.0173,-17.06282,-26.3367,-21.818775,-26.0925,-18.780416
324.1,-26.5198,-21.659725,-24.0173,-17.049852,-26.3672,-21.80908,-26.0925,-18.769629
324.2,-26.4893,-21.648817,-24.0478,-17.03688,-26.3977,-21.799385,-26.123,-18.75884
324.29999999999995,-26.5198,-21.637907,-24.0478,-17.023905,-26.3367,-21.789688,-26.0315,-18.748053
324.40000000000003,-26.5198,-21.626995,-24.0173,-17.010925,-26.3672,-21.779991,-26.123,-18.737265
324.5,-26.4893,-21.616081,-24.0173,-16.997942,-26.3977,-21.770294,-26.0925,-18.726477
324.6,-26.5198,-21.605167,-24.0478,-16.984955,-26.3672,-21.760597,-26.123,-18.715689
324.7,-26.4893,-21.594252,-24.0173,-16.971964,-26.3977,-21.7509,-26.1536,-18.704903
324.79999999999995,-26.5198,-21.583334,-24.0478,-16.95897,-26.3672,-21.741203,-26.123,-18.694117
324.90000000000003,-26.5503,-21.572414,-24.1089,-16.94597,-26.3672,-21.731504,-26.123,-18.68333
325.0,-26.5503,-21.561493,-24.0784,-16.932968,-26.3672,-21.721806,-26.1536,-18.672544
325.1,-26.5503,-21.550571,-24.0784,-16.919962,-26.3672,-21.712107,-26.123,-18.661758
325.2,-26.5198,-21.539648,-24.1089,-16.906952,-26.3977,-21.702408,-26.123,-18.650974
325.29999999999995,-26.5198,-21.528723,-24.0784,-16.893938,-26.3672,-21.692709,-26.1536,-18.64019
325.40000000000003,-26.4587,-21.517796,-24.1089,-16.88092,-26.3367,-21.68301,-26.123,-18.629406
325.5,-26.4893,-21.506866,-24.1394,-16.867899,-26.3367,-21.67331,-26.1536,-18.618622
325.6,-26.6113,-21.495937,-24.1089,-16.854874,-26.3977,-21.663609,-26.1841,-18.607838
325.7,-26.5503,-21.485006,-24.0478,-16.841845,-26.3672,-21.653908,-26.1841,-18.597055
325.79999999999995,-26.5503,-21.474073,-24.0784,-16.828812,-26.3367,-21.644207,-26.2146,-18.586273
325.90000000000003,-26.5198,-21.463139,-24.0784,-16.815775,-26.3672,-21.634506,-26.2146,-18.57549
326.0,-26.5503,-21.452204,-24.0784,-16.802734,-26.3672,-21.624805,-26.1536,-18.564709
326.1,-26.5808,-21.441267,-24.1089,-16.78969,-26.3367,-21.615103,-26.1841,-18.553926
326.2,-26.5808,-21.430328,-24.0784,-16.776642,-26.3672,-21.6054,-26.2146,-18.543144
326.29999999999995,-26.5503,-21.419388,-24.1089,-16.76359,-26.3062,-21.595697,-26.2146,-18.532364
326.40000000000003,-26.5503,-21.408445,-24.1394,-16.750534,-26.3367,-21.585995,-26.2451,-18.521584
326.5,-26.6418,-21.397503,-24.1394,-16.737474,-26.3672,-21.576292,-26.2146,-18.510803
326.6,-26.5503,-21.386559,-24.1699,-16.724411,-26.3062,-21.566587,-26.2451,-18.500023
326.7,-26.5503,-21.375612,-24.1699,-16.711344,-26.3062,-21.556883,-26.1841,-18.489243
326.79999999999995,-26.5808,-21.364664,-24.1394,-16.698273,-26.3672,-21.547178,-26.2146,-18.478464
326.90000000000003,-26.5503,-21.353714,-24.1089,-16.685198,-26.3672,-21.537474,-26.1841,-18.467686
327.0,-26.5503,-21.342764,-24.1699,-16.67212,-26.3672,-21.527767,-26.1841,-18.456907
327.1,-26.5808,-21.331812,-24.1394,-16.659035,-26.3977,-21.51806,-26.2146,-18.446129
327.2,-26.5808,-21.320858,-24.1394,-16.645947,-26.3367,-21.508354,-26.2146,-18.43535
327.29999999999995,-26.5503,-21.309902,-24.2004,-16.632854,-26.3672,-21.498648,-26.2756,-18.424574
327.40000000000003,-26.5198,-21.298944,-24.231,-16.619759,-26.3367,-21.488941,-26.2451,-18.413797
327.5,-26.5503,-21.287985,-24.2004,-16.606659,-26.3672,-21.479233,-26.2756,-18.40302
327.6,-26.5808,-21.277025,-24.231,-16.593555,-26.3672,-21.469524,-26.2451,-18.392244
327.7,-26.5503,-21.266064,-24.231,-16.580448,-26.3672,-21.459816,-26.2756,-18.381468
327.79999999999995,-26.5808,-21.2551,-24.2004,-16.567335,-26.3977,-21.450108,-26.2451,-18.370693
327.90000000000003,-26.5808,-21.244135,-24.2615,-16.554218,-26.3672,-21.440397,-26.3062,-18.359919
328.0,-26.6113,-21.233168,-24.292,-16.541098,-26.3977,-21.430687,-26.3062,-18.349144
328.1,-26.6113,-21.2222,-24.231,-16.527973,-26.3062,-21.420977,-26.2756,-18.33837
328.2,-26.5808,-21.211231,-24.231,-16.514845,-26.3367,-21.411266,-26.2756,-18.327595
328.29999999999995,-26.6113,-21.20026,-24.231,-16.50171,-26.3367,-21.401554,-26.2451,-18.316822
328.40000000000003,-26.5808,-21.189287,-24.231,-16.488573,-26.3367,-21.391842,-26.3062,-18.30605
328.5,-26.6418,-21.178312,-24.292,-16.475431,-26.3062,-21.38213,-26.3062,-18.295277
328.6,-26.6418,-21.167336,-24.231,-16.462286,-26.3672,-21.372417,-26.3367,-18.284504
328.7,-26.6418,-21.156359,-24.292,-16.449135,-26.3672,-21.362703,-26.3672,-18.273731
328.79999999999995,-26.6113,-21.14538,-24.2615,-16.43598,-26.3672,-21.35299,-26.3367,-18.26296
328.90000000000003,-26.6113,-21.1344,-24.2615,-16.422821,-26.3672,-21.343275,-26.3367,-18.25219
329.0,-26.6418,-21.123417,-24.292,-16.409658,-26.3367,-21.33356,-26.3062,-18.241419
329.1,-26.6418,-21.112432,-24.292,-16.39649,-26.3062,-21.323845,-26.3672,-18.230648
329.2,-26.6113,-21.101448,-24.292,-16.383318,-26.3367,-21.314129,-26.3062,-18.219877
329.29999999999995,-26.6418,-21.090462,-24.292,-16.370142,-26.3062,-21.304413,-26.3672,-18.209108
329.40000000000003,-26.7029,-21.079473,-24.3225,-16.35696,-26.3062,-21.294697,-26.3977,-18.19834
329.5,-26.7029,-21.068483,-24.3225,-16.343775,-26.2756,-21.284979,-26.3367,-18.18757
329.6,-26.7334,-21.057491,-24.3225,-16.330585,-26.2756,-21.27526,-26.3672,-18.176802
329.7,-26.7029,-21.046497,-24.3225,-16.31739,-26.3062,-21.265543,-26.4282,-18.166033
329.79999999999995,-26.6724,-21.035501,-24.3225,-16.304192,-26.3062,-21.255825,-26.3367,-18.155266
329.90000000000003,-26.6724,-21.024506,-24.3225,-16.290989,-26.3062,-21.246105,-26.3672,-18.144499
330.0,-26.6724,-21.013508,-24.353,-16.27778,-26.2756,-21.236385,-26.3977,-18.133732
330.1,-26.7029,-21.002508,-24.353,-16.264568,-26.3672,-21.226665,-26.3672,-18.122965
330.2,-26.7334,-20.991507,-24.3835,-16.251352,-26.3367,-21.216944,-26.3977,-18.112198
330.29999999999995,-26.7639,-20.980503,-24.3225,-16.23813,-26.3367,-21.207222,-26.4587,-18.101433
330.40000000000003,-26.6724,-20.969498,-24.353,-16.224905,-26.3672,-21.1975,-26.3977,-18.090668
330.5,-26.7334,-20.95849,-24.292,-16.211674,-26.3062,-21.187778,-26.3977,-18.079903
330.6,-26.6724,-20.947483,-24.3225,-16.198439,-26.3062,-21.178055,-26.4282,-18.069138
330.7,-26.7334,-20.936474,-24.3225,-16.1852,-26.3062,-21.168331,-26.4282,-18.058372
330.79999999999995,-26.6724,-20.925463,-24.3225,-16.171955,-26.2756,-21.158607,-26.4282,-18.04761
330.90000000000003,-26.7334,-20.91445,-24.3835,-16.158707,-26.3367,-21.148882,-26.4282,-18.036846
331.0,-26.6724,-20.903435,-24.353,-16.145452,-26.3672,-21.139156,-26.3977,-18.026083
331.1,-26.7029,-20.892418,-24.353,-16.132195,-26.3062,-21.12943,-26.4587,-18.01532
331.2,-26.7334,-20.8814,-24.3225,-16.11893,-26.3367,-21.119703,-26.4282,-18.004559
331.3,-26.7029,-20.87038,-24.353,-16.105663,-26.3672,-21.109976,-26.4282,-17.993797
331.4,-26.6724,-20.85936,-24.4141,-16.09239,-26.3367,-21.100248,-26.4282,-17.983036
331.5,-26.7029,-20.848337,-24.4141,-16.079113,-26.3977,-21.090519,-26.4587,-17.972275
331.6,-26.6724,-20.837313,-24.3835,-16.06583,-26.3367,-21.08079,-26.4282,-17.961514
331.7,-26.7029,-20.826286,-24.4446,-16.052544,-26.3367,-21.07106,-26.4282,-17.950754
331.8,-26.7334,-20.815258,-24.4141,-16.039251,-26.3062,-21.061329,-26.4893,-17.939995
331.9,-26.7029,-20.804228,-24.4141,-16.025953,-26.3062,-21.051598,-26.4587,-17.929235
332.0,-26.7029,-20.793196,-24.4446,-16.012651,-26.3367,-21.041866,-26.4893,-17.918476
332.1,-26.6724,-20.782162,-24.4446,-15.999345,-26.3367,-21.032133,-26.4587,-17.907717
332.2,-26.6724,-20.771128,-24.4446,-15.9860325,-26.3062,-21.0224,-26.4893,-17.89696
332.3,-26.7029,-20.760092,-24.4751,-15.972715,-26.3672,-21.012667,-26.4587,-17.886202
332.4,-26.7029,-20.749054,-24.4751,-15.9593935,-26.3672,-21.002932,-26.4587,-17.875444
332.5,-26.6724,-20.738014,-24.5056,-15.946067,-26.3672,-20.993196,-26.4587,-17.864687
332.6,-26.7029,-20.726973,-24.5056,-15.9327345,-26.3977,-20.983461,-26.4587,-17.85393
332.7,-26.7029,-20.715929,-24.5361,-15.919397,-26.4282,-20.973724,-26.4587,-17.843174
332.8,-26.7029,-20.704884,-24.5361,-15.906055,-26.3672,-20.963987,-26.5198,-17.832418
332.9,-26.7029,-20.693836,-24.4751,-15.892708,-26.3367,-20.95425,-26.5198,-17.821663
333.0,-26.7334,-20.682787,-24.5056,-15.879355,-26.3977,-20.944511,-26.5198,-17.810907
333.1,-26.7334,-20.671736,-24.5056,-15.865997,-26.3672,-20.934772,-26.4893,-17.800154
333.2,-26.7639,-20.660685,-24.5361,-15.852634,-26.4282,-20.925034,-26.4893,-17.7894
333.3,-26.7639,-20.649632,-24.5056,-15.839266,-26.3672,-20.915293,-26.4893,-17.778646
333.4,-26.7944,-20.638577,-24.5361,-15.825892,-26.3672,-20.905552,-26.4893,-17.767893
333.5,-26.7639,-20.62752,-24.5361,-15.812513,-26.3672,-20.89581,-26.4893,-17.75714
333.6,-26.7639,-20.61646,-24.5056,-15.7991295,-26.3977,-20.886066,-26.4893,-17.746387
333.7,-26.7944,-20.6054,-24.5361,-15.78574,-26.3977,-20.876324,-26.4893,-17.735636
333.8,-26.7639,-20.594337,-24.5666,-15.772346,-26.3977,-20.86658,-26.4893,-17.724884
333.9,-26.8249,-20.583273,-24.5666,-15.758945,-26.3977,-20.856834,-26.4893,-17.714132
334.0,-26.7639,-20.572206,-24.5972,-15.74554,-26.3672,-20.84709,-26.5198,-17.703382
334.1,-26.7639,-20.561138,-24.5972,-15.732129,-26.3977,-20.837343,-26.5198,-17.692633
334.2,-26.7639,-20.550068,-24.5972,-15.718713,-26.4282,-20.827597,-26.5198,-17.681883
334.3,-26.7944,-20.538996,-24.6277,-15.705291,-26.3672,-20.817848,-26.5198,-17.671133
334.4,-26.7944,-20.527922,-24.6277,-15.691863,-26.3672,-20.8081,-26.5198,-17.660383
334.5,-26.7944,-20.516846,-24.5972,-15.678431,-26.3367,-20.798351,-26.5198,-17.649635
334.6,-26.7944,-20.505768,-24.5972,-15.664992,-26.3672,-20.7886,-26.4893,-17.638887
334.7,-26.8249,-20.49469,-24.6277,-15.651548,-26.3672,-20.77885,-26.5198,-17.62814
334.8,-26.7944,-20.48361,-24.5972,-15.638099,-26.3977,-20.769098,-26.5503,-17.617392
334.9,-26.8249,-20.472528,-24.5666,-15.624643,-26.3977,-20.759346,-26.5503,-17.606646
335.0,-26.7944,-20.461445,-24.6277,-15.611182,-26.3977,-20.749594,-26.5808,-17.5959
335.1,-26.7944,-20.45036,-24.6277,-15.597715,-26.3977,-20.73984,-26.5503,-17.585154
335.2,-26.8249,-20.439272,-24.6582,-15.584243,-26.3977,-20.730085,-26.5503,-17.574408
335.3,-26.8555,-20.428183,-24.6582,-15.570765,-26.3977,-20.72033,-26.5808,-17.563662
335.4,-26.8555,-20.417091,-24.6582,-15.557281,-26.4587,-20.710573,-26.5808,-17.552917
335.5,-26.8249,-20.405998,-24.6582,-15.543791,-26.4282,-20.700817,-26.6113,-17.542173
335.6,-26.8249,-20.394903,-24.6887,-15.530295,-26.4587,-20.69106,-26.5808,-17.53143
335.7,-26.7944,-20.383806,-24.6277,-15.516794,-26.4587,-20.681301,-26.5808,-17.520685
335.8,-26.7944,-20.372707,-24.6582,-15.503287,-26.4587,-20.671541,-26.5808,-17.509943
335.9,-26.8249,-20.361607,-24.6887,-15.489774,-26.4587,-20.661781,-26.5808,-17.4992
336.0,-26.7639,-20.350504,-24.6582,-15.476254,-26.4282,-20.65202,-26.5503,-17.488459
336.1,-26.886,-20.3394,-24.6582,-15.462729,-26.4587,-20.642258,-26.6113,-17.477716
336.2,-26.8249,-20.328293,-24.6887,-15.449199,-26.4587,-20.632496,-26.5808,-17.466976
336.3,-26.8555,-20.317184,-24.6887,-15.435661,-26.4587,-20.622732,-26.5808,-17.456236
336.4,-26.886,-20.306074,-24.6887,-15.422118,-26.4282,-20.612968,-26.5503,-17.445496
336.5,-26.8249,-20.294962,-24.6582,-15.408569,-26.4587,-20.603203,-26.5503,-17.434755
336.6,-26.7639,-20.283848,-24.6582,-15.395014,-26.4282,-20.593437,-26.6113,-17.424017
336.7,-26.8555,-20.272732,-24.6887,-15.381453,-26.4587,-20.58367,-26.6113,-17.413279
336.8,-26.886,-20.261614,-24.6887,-15.367885,-26.4587,-20.573902,-26.6113,-17.40254
336.9,-26.7944,-20.250494,-24.6887,-15.354311,-26.3977,-20.564135,-26.6113,-17.391802
337.0,-26.8555,-20.239372,-24.6277,-15.340731,-26.4282,-20.554365,-26.6113,-17.381065
337.1,-26.8555,-20.228249,-24.6582,-15.327144,-26.4282,-20.544596,-26.6113,-17.370329
337.2,-26.8555,-20.217123,-24.7192,-15.313551,-26.4282,-20.534824,-26.6113,-17.359592
337.3,-26.8555,-20.205996,-24.7498,-15.299952,-26.3977,-20.525053,-26.6418,-17.348856
337.4,-26.8555,-20.194866,-24.7498,-15.2863455,-26.3977,-20.51528,-26.6113,-17.338121
337.5,-26.886,-20.183735,-24.7192,-15.272734,-26.4282,-20.505507,-26.6113,-17.327387
337.6,-26.8249,-20.172602,-24.7803,-15.259115,-26.4587,-20.495731,-26.6113,-17.316652
337.7,-26.8555,-20.161467,-24.7498,-15.24549,-26.4893,-20.485956,-26.5808,-17.305918
337.8,-26.8555,-20.15033,-24.7192,-15.231858,-26.4587,-20.47618,-26.6113,-17.295185
337.9,-26.8555,-20.13919,-24.7498,-15.21822,-26.4893,-20.466402,-26.6113,-17.284452
338.0,-26.9165,-20.12805,-24.7803,-15.204575,-26.4587,-20.456625,-26.6418,-17.27372
338.1,-26.886,-20.116907,-24.7192,-15.190924,-26.4587,-20.446846,-26.6724,-17.262987
338.2,-26.9165,-20.105762,-24.7803,-15.177266,-26.4893,-20.437067,-26.6113,-17.252256
338.3,-26.8555,-20.094616,-24.8108,-15.163602,-26.4587,-20.427286,-26.6113,-17.241526
338.4,-26.8249,-20.083467,-24.8413,-15.14993,-26.5198,-20.417505,-26.6724,-17.230795
338.5,-26.886,-20.072317,-24.7803,-15.136251,-26.4893,-20.407722,-26.6418,-17.220066
338.6,-26.886,-20.061165,-24.8108,-15.122566,-26.4893,-20.39794,-26.6724,-17.209337
338.7,-26.8555,-20.05001,-24.8413,-15.108874,-26.5503,-20.388155,-26.6418,-17.198608
338.8,-26.886,-20.038855,-24.8413,-15.095176,-26.5198,-20.37837,-26.6418,-17.18788
338.9,-26.9165,-20.027695,-24.7803,-15.0814705,-26.5198,-20.368584,-26.6418,-17.177153
339.0,-26.886,-20.016533,-24.8108,-15.067758,-26.4893,-20.358797,-26.6724,-17.166426
339.1,-26.886,-20.00537,-24.7498,-15.054038,-26.5198,-20.349009,-26.7029,-17.155699
339.2,-26.8555,-19.994204,-24.7803,-15.040312,-26.5198,-20.33922,-26.7029,-17.144972
339.3,-26.886,-19.983036,-24.8413,-15.026578,-26.5198,-20.32943,-26.7029,-17.134247
339.4,-26.947,-19.971867,-24.8413,-15.012837,-26.5198,-20.31964,-26.6724,-17.123522
339.5,-26.9165,-19.960695,-24.8718,-14.999089,-26.5198,-20.309847,-26.6724,-17.112797
339.6,-26.9165,-19.949522,-24.8108,-14.985334,-26.5198,-20.300055,-26.6724,-17.102074
339.7,-26.947,-19.938347,-24.8413,-14.971572,-26.5503,-20.29026,-26.6724,-17.09135
339.8,-26.947,-19.92717,-24.8718,-14.957803,-26.4893,-20.280466,-26.6724,-17.080627
339.9,-26.886,-19.91599,-24.8718,-14.944026,-26.5198,-20.27067,-26.6418,-17.069904
340.0,-26.947,-19.90481,-24.8413,-14.930242,-26.5198,-20.260874,-26.7029,-17.059183
340.1,-26.947,-19.893627,-24.8108,-14.91645,-26.5198,-20.251076,-26.7029,-17.048462
340.2,-26.9775,-19.882442,-24.8413,-14.902651,-26.5808,-20.241278,-26.6418,-17.03774
340.3,-26.9165,-19.871254,-24.8718,-14.8888445,-26.5503,-20.231478,-26.6724,-17.027021
340.4,-26.886,-19.860064,-24.8413,-14.8750305,-26.5198,-20.221678,-26.7029,-17.016302
340.5,-26.9165,-19.848871,-24.8413,-14.861209,-26.5503,-20.211876,-26.7334,-17.005583
340.6,-26.9165,-19.837677,-24.9023,-14.84738,-26.5503,-20.202074,-26.7334,-16.994865
340.7,-26.9775,-19.82648,-24.9023,-14.833543,-26.5503,-20.19227,-26.7334,-16.984148
340.8,-26.9775,-19.815283,-24.9023,-14.819698,-26.5198,-20.182467,-26.7639,-16.97343
340.9,-26.9775,-19.804083,-24.8718,-14.805846,-26.5198,-20.17266,-26.7334,-16.962713
341.0,-26.9775,-19.792881,-24.8718,-14.791986,-26.5503,-20.162855,-26.7334,-16.951998
341.1,-26.947,-19.781677,-24.8718,-14.778119,-26.5503,-20.153048,-26.7029,-16.941282
341.2,-26.9775,-19.770472,-24.8718,-14.764243,-26.5503,-20.14324,-26.7029,-16.930567
341.3,-27.0081,-19.759262,-24.9023,-14.75036,-26.5198,-20.13343,-26.7334,-16.919853
341.4,-26.9775,-19.74805,-24.9329,-14.736468,-26.5808,-20.123621,-26.7639,-16.90914
341.5,-26.9775,-19.736837,-24.8718,-14.7225685,-26.5503,-20.11381,-26.7944,-16.898426
341.6,-27.0081,-19.725622,-24.8718,-14.708661,-26.5808,-20.103996,-26.7334,-16.887714
341.7,-27.0081,-19.714405,-24.8718,-14.694745,-26.5198,-20.094183,-26.7334,-16.877003
341.8,-27.0691,-19.703186,-24.9023,-14.680821,-26.5808,-20.084368,-26.6724,-16.866291
341.9,-26.9775,-19.691965,-24.9023,-14.666889,-26.5503,-20.074553,-26.7029,-16.855581
342.0,-26.9775,-19.680742,-24.9023,-14.652949,-26.5808,-20.064735,-26.7029,-16.844872
342.1,-27.0386,-19.669516,-24.9023,-14.639001,-26.5808,-20.054918,-26.7639,-16.834162
342.2,-27.0386,-19.658287,-24.9329,-14.625044,-26.6113,-20.0451,-26.7639,-16.823454
342.3,-27.0081,-19.647057,-24.8718,-14.611079,-26.5503,-20.03528,-26.7334,-16.812746
342.4,-26.9775,-19.635824,-24.9023,-14.597106,-26.5503,-20.02546,-26.7334,-16.802038
342.5,-26.9775,-19.62459,-24.8718,-14.583124,-26.5808,-20.015638,-26.7944,-16.791332
342.6,-27.0081,-19.613354,-24.9023,-14.569134,-26.6113,-20.005816,-26.7639,-16.780626
342.7,-27.0691,-19.602114,-24.9023,-14.555135,-26.5808,-19.99599,-26.7639,-16.76992
342.8,-26.9775,-19.590872,-24.9329,-14.541127,-26.6113,-19.986166,-26.7639,-16.759216
342.9,-27.0081,-19.579628,-24.9023,-14.527111,-26.5503,-19.97634,-26.7944,-16.748512
343.0,-27.0691,-19.568382,-24.9329,-14.513086,-26.5503,-19.966513,-26.7944,-16.737808
343.1,-27.0996,-19.557135,-24.9023,-14.499052,-26.6418,-19.956684,-26.7639,-16.727106
343.2,-27.0996,-19.545885,-24.9329,-14.485009,-26.5503,-19.946856,-26.7639,-16.716404
343.3,-27.0691,-19.534632,-24.9634,-14.470958,-26.5503,-19.937025,-26.7029,-16.705702
343.4,-27.0386,-19.523376,-24.9939,-14.456897,-26.5808,-19.927195,-26.7334,-16.695002
343.5,-27.0081,-19.51212,-24.9329,-14.442827,-26.6113,-19.917362,-26.7334,-16.684301
343.6,-27.0691,-19.50086,-24.9634,-14.428749,-26.5808,-19.907528,-26.7029,-16.673603
343.7,-27.0996,-19.4896,-25.0244,-14.414661,-26.6418,-19.897694,-26.7639,-16.662905
343.8,-27.0691,-19.478336,-24.9939,-14.400564,-26.5808,-19.887857,-26.7639,-16.652206
343.9,-27.0996,-19.46707,-25.0244,-14.386458,-26.6113,-19.878021,-26.7944,-16.64151
344.0,-27.0996,-19.455801,-24.9939,-14.372343,-26.5808,-19.868183,-26.7639,-16.630814
344.1,-27.0691,-19.44453,-24.9939,-14.358218,-26.6113,-19.858345,-26.7944,-16.620117
344.2,-27.0386,-19.433258,-24.9634,-14.344084,-26.6724,-19.848505,-26.7334,-16.609423
344.3,-27.0386,-19.421984,-24.9939,-14.329941,-26.6724,-19.838665,-26.7639,-16.598728
344.4,-27.0996,-19.410706,-24.9939,-14.315788,-26.6418,-19.828823,-26.7029,-16.588036
344.5,-27.0996,-19.399426,-24.9634,-14.301626,-26.6418,-19.81898,-26.7944,-16.577343
344.6,-27.0996,-19.388144,-25.0549,-14.287454,-26.6113,-19.809135,-26.7944,-16.56665
344.7,-27.1301,-19.37686,-25.0244,-14.273272,-26.6113,-19.79929,-26.8249,-16.55596
344.8,-27.1301,-19.365574,-25.0244,-14.25908,-26.6418,-19.789444,-26.7944,-16.545269
344.9,-27.1301,-19.354284,-25.0854,-14.244879,-26.6418,-19.779596,-26.8249,-16.53458
345.0,-27.0996,-19.342993,-25.0549,-14.230667,-26.6113,-19.769749,-26.7944,-16.523891
345.1,-27.1301,-19.3317,-25.0549,-14.216446,-26.6113,-19.7599,-26.7944,-16.513203
345.2,-27.1606,-19.320404,-25.0549,-14.202215,-26.6113,-19.750048,-26.8249,-16.502516
345.3,-27.1606,-19.309107,-25.0549,-14.187974,-26.6418,-19.740196,-26.7944,-16.491829
345.4,-27.1301,-19.297806,-25.0854,-14.173722,-26.7029,-19.730343,-26.7639,-16.481144
345.5,-27.1301,-19.286503,-25.0549,-14.159461,-26.7334,-19.72049,-26.7944,-16.470459
345.6,-27.1606,-19.275198,-25.0854,-14.145189,-26.7029,-19.710634,-26.7944,-16.459774
345.7,-27.1606,-19.263891,-25.0549,-14.130907,-26.7029,-19.700777,-26.8249,-16.449091
345.8,-27.1606,-19.25258,-25.0854,-14.116614,-26.6418,-19.69092,-26.7944,-16.438408
345.9,-27.1606,-19.241268,-25.0549,-14.102311,-26.6418,-19.68106,-26.8555,-16.427727
346.0,-27.1606,-19.229954,-25.0854,-14.087997,-26.5808,-19.671202,-26.8249,-16.417046
346.1,-27.2217,-19.218637,-25.0549,-14.073673,-26.6113,-19.66134,-26.7944,-16.406366
346.2,-27.2217,-19.207317,-25.0549,-14.059339,-26.6418,-19.651478,-26.8555,-16.395687
346.3,-27.1606,-19.195995,-25.0854,-14.044993,-26.6418,-19.641615,-26.8249,-16.385008
346.4,-27.1606,-19.184671,-25.0854,-14.030637,-26.6724,-19.63175,-26.8249,-16.37433
346.5,-27.1912,-19.173346,-25.0854,-14.01627,-26.6724,-19.621885,-26.8555,-16.363653
346.6,-27.1912,-19.162016,-25.116,-14.001892,-26.6724,-19.612019,-26.8249,-16.352978
346.7,-27.1606,-19.150684,-25.0854,-13.987503,-26.7029,-19.60215,-26.8555,-16.342302
346.8,-27.1912,-19.13935,-25.0854,-13.973103,-26.7029,-19.592281,-26.886,-16.331629
346.9,-27.2217,-19.128016,-25.116,-13.958692,-26.7334,-19.58241,-26.8249,-16.320955
347.0,-27.2522,-19.116676,-25.116,-13.944269,-26.6724,-19.57254,-26.8555,-16.310284
347.1,-27.2522,-19.105335,-25.0854,-13.929835,-26.6418,-19.562668,-26.8555,-16.299612
347.2,-27.2827,-19.093992,-25.1465,-13.91539,-26.7029,-19.552794,-26.8555,-16.288942
347.3,-27.2827,-19.082647,-25.177,-13.900933,-26.6113,-19.54292,-26.886,-16.278273
347.4,-27.2522,-19.071299,-25.177,-13.886465,-26.6418,-19.533043,-26.8555,-16.267605
347.5,-27.2827,-19.059948,-25.177,-13.871985,-26.7029,-19.523167,-26.8555,-16.256937
347.6,-27.2827,-19.048595,-25.1465,-13.857494,-26.6724,-19.513288,-26.886,-16.24627
347.7,-27.3437,-19.03724,-25.1465,-13.842991,-26.6724,-19.503408,-26.886,-16.235603
347.8,-27.3132,-19.02588,-25.1465,-13.828476,-26.7334,-19.493528,-26.886,-16.224937
347.9,-27.3437,-19.01452,-25.1465,-13.813949,-26.7029,-19.483646,-26.9165,-16.214273
348.0,-27.3437,-19.003157,-25.1465,-13.79941,-26.7029,-19.473764,-26.886,-16.20361
348.1,-27.3132,-18.99179,-25.1465,-13.784859,-26.7029,-19.46388,-26.886,-16.192947
348.2,-27.3132,-18.980423,-25.177,-13.770295,-26.7334,-19.453995,-26.9165,-16.182285
348.3,-27.3132,-18.969053,-25.1465,-13.755719,-26.7334,-19.444109,-26.9165,-16.171625
348.4,-27.3437,-18.95768,-25.0854,-13.741132,-26.7334,-19.434221,-26.947,-16.160965
348.5,-27.3437,-18.946304,-25.177,-13.726531,-26.7029,-19.424332,-26.947,-16.150307
348.6,-27.3437,-18.934927,-25.1465,-13.711918,-26.7029,-19.414442,-26.9165,-16.139648
348.7,-27.3437,-18.923546,-25.1465,-13.697292,-26.7029,-19.40455,-26.886,-16.128992
348.8,-27.3437,-18.912163,-25.1465,-13.682654,-26.7334,-19.394659,-26.8555,-16.118338
348.9,-27.4048,-18.900778,-25.177,-13.668003,-26.7029,-19.384766,-26.886,-16.107683
349.0,-27.3437,-18.889389,-25.177,-13.653339,-26.7029,-19.37487,-26.9165,-16.09703
349.1,-27.3743,-18.877998,-25.177,-13.638662,-26.7029,-19.364975,-26.9165,-16.086378
349.2,-27.4048,-18.866606,-25.177,-13.623973,-26.6724,-19.355078,-26.886,-16.075727
349.3,-27.3437,-18.85521,-25.177,-13.60927,-26.7029,-19.345179,-26.947,-16.065077
349.4,-27.3437,-18.843811,-25.2075,-13.594554,-26.7334,-19.33528,-26.886,-16.054428
349.5,-27.3743,-18.83241,-25.177,-13.579824,-26.7334,-19.325378,-26.9165,-16.04378
349.6,-27.3743,-18.821007,-25.177,-13.565082,-26.7334,-19.315477,-26.9775,-16.033133
349.7,-27.3743,-18.8096,-25.2075,-13.550325,-26.7334,-19.305574,-26.9165,-16.022486
349.8,-27.3743,-18.798193,-25.2686,-13.535555,-26.7029,-19.29567,-26.947,-16.01184
349.9,-27.3743,-18.786781,-25.2075,-13.520771,-26.7334,-19.285765,-26.947,-16.001198
350.0,-27.4048,-18.775368,-25.2075,-13.505974,-26.6724,-19.275858,-26.9165,-15.990555
350.1,-27.4048,-18.763952,-25.238,-13.491162,-26.7029,-19.26595,-26.9165,-15.979913
350.2,-27.4048,-18.752533,-25.238,-13.4763365,-26.7029,-19.25604,-26.9775,-15.969272
350.3,-27.4048,-18.741112,-25.2075,-13.461496,-26.7029,-19.24613,-26.9165,-15.958632
350.4,-27.4353,-18.729687,-25.2686,-13.446642,-26.7029,-19.23622,-26.9165,-15.947994
350.5,-27.4353,-18.71826,-25.238,-13.431773,-26.7334,-19.226307,-26.9775,-15.937357
350.6,-27.4048,-18.706831,-25.2075,-13.41689,-26.7029,-19.216393,-26.9775,-15.926721
350.7,-27.4048,-18.695398,-25.238,-13.401993,-26.6724,-19.206478,-26.9775,-15.916085
350.8,-27.4048,-18.683964,-25.238,-13.387081,-26.6724,-19.196562,-26.9775,-15.905452
350.9,-27.4353,-18.672527,-25.2686,-13.372154,-26.7334,-19.186644,-26.9775,-15.894819
351.0,-27.4048,-18.661087,-25.238,-13.357213,-26.7029,-19.176725,-27.0081,-15.884188
351.1,-27.4048,-18.649645,-25.238,-13.342257,-26.7334,-19.166805,-27.0081,-15.873557
351.2,-27.4658,-18.638199,-25.238,-13.327285,-26.7334,-19.156883,-27.0081,-15.862928
351.3,-27.4048,-18.62675,-25.2991,-13.312298,-26.7029,-19.146961,-26.9775,-15.852301
351.4,-27.4658,-18.615301,-25.2686,-13.297296,-26.6724,-19.137037,-26.9775,-15.841674
351.5,-27.4353,-18.603848,-25.2991,-13.282278,-26.7334,-19.127113,-26.947,-15.831048
351.6,-27.3743,-18.592392,-25.3296,-13.267244,-26.7029,-19.117188,-26.947,-15.820424
351.7,-27.3743,-18.580933,-25.3296,-13.252195,-26.7334,-19.10726,-26.9775,-15.809801
351.8,-27.4658,-18.569471,-25.3296,-13.23713,-26.7334,-19.097332,-26.947,-15.799179
351.9,-27.3437,-18.558008,-25.2991,-13.22205,-26.7639,-19.087402,-27.0081,-15.788559
352.0,-27.4353,-18.546541,-25.2991,-13.206953,-26.7944,-19.07747,-27.0081,-15.77794
352.1,-27.4048,-18.535072,-25.3296,-13.19184,-26.7639,-19.06754,-27.0081,-15.767322
352.2,-27.4353,-18.5236,-25.3296,-13.176711,-26.7639,-19.057606,-27.0081,-15.756705
352.3,-27.4048,-18.512125,-25.2991,-13.161566,-26.7639,-19.04767,-26.9775,-15.74609
352.4,-27.4353,-18.500648,-25.3296,-13.146403,-26.7334,-19.037735,-26.9775,-15.735476
352.5,-27.4048,-18.489168,-25.2991,-13.131225,-26.7334,-19.027798,-27.0081,-15.724863
352.6,-27.4048,-18.477686,-25.2991,-13.116029,-26.6724,-19.01786,-27.0081,-15.7142515
352.7,-27.4353,-18.4662,-25.2991,-13.100816,-26.7029,-19.007921,-27.0386,-15.703641
352.8,-27.4353,-18.454712,-25.3906,-13.085587,-26.7029,-18.99798,-27.0081,-15.693032
352.9,-27.4353,-18.44322,-25.3601,-13.070339,-26.7334,-18.988039,-27.0386,-15.682425
353.0,-27.4353,-18.431726,-25.3296,-13.055075,-26.7334,-18.978096,-27.0081,-15.671819
353.1,-27.4048,-18.42023,-25.4211,-13.039793,-26.7334,-18.968151,-27.0691,-15.661214
353.2,-27.4658,-18.408731,-25.3906,-13.024493,-26.7639,-18.958206,-27.0386,-15.65061
353.3,-27.4353,-18.39723,-25.3906,-13.009176,-26.7334,-18.94826,-27.0386,-15.640008
353.4,-27.4048,-18.385725,-25.2991,-12.993841,-26.7639,-18.93831,-26.9775,-15.629407
353.5,-27.4658,-18.374218,-25.3296,-12.978488,-26.7944,-18.928362,-27.0386,-15.618808
353.6,-27.4353,-18.362707,-25.4211,-12.963117,-26.8249,-18.918411,-27.0081,-15.60821
353.7,-27.4353,-18.351194,-25.3906,-12.947727,-26.7944,-18.908459,-27.0081,-15.597613
353.8,-27.4353,-18.339678,-25.4517,-12.932319,-26.7944,-18.898506,-27.0386,-15.587018
353.9,-27.4963,-18.32816,-25.4211,-12.916892,-26.7639,-18.888552,-27.0386,-15.576425
354.0,-27.4658,-18.316637,-25.4517,-12.901446,-26.7944,-18.878597,-27.0386,-15.565832
354.1,-27.4353,-18.305113,-25.3906,-12.885982,-26.7334,-18.86864,-27.0081,-15.555242
354.2,-27.4658,-18.293587,-25.4211,-12.870498,-26.7334,-18.858683,-27.0386,-15.544653
354.3,-27.4658,-18.282057,-25.3906,-12.854995,-26.7334,-18.848724,-27.0996,-15.534065
354.4,-27.4963,-18.270525,-25.3906,-12.839473,-26.7639,-18.838764,-27.0386,-15.523479
354.5,-27.4353,-18.25899,-25.3906,-12.823931,-26.7944,-18.828802,-27.0691,-15.512895
354.6,-27.4353,-18.247452,-25.4211,-12.80837,-26.7944,-18.81884,-27.1301,-15.502312
354.7,-27.4048,-18.23591,-25.4211,-12.7927885,-26.7944,-18.808876,-27.0996,-15.49173
354.8,-27.4658,-18.224367,-25.4211,-12.777187,-26.7944,-18.79891,-27.0691,-15.48115
354.9,-27.4353,-18.21282,-25.4211,-12.761565,-26.8249,-18.788944,-27.0691,-15.4705715
355.0,-27.4658,-18.201271,-25.4211,-12.745923,-26.7334,-18.778976,-27.0691,-15.459994
355.1,-27.4353,-18.189718,-25.3906,-12.73026,-26.7334,-18.769009,-27.0691,-15.449419
355.2,-27.4353,-18.178164,-25.4211,-12.714577,-26.7944,-18.759039,-27.1301,-15.438846
355.3,-27.4658,-18.166605,-25.4822,-12.698873,-26.7944,-18.749067,-27.0996,-15.428273
355.4,-27.4658,-18.155045,-25.4517,-12.683146,-26.7944,-18.739096,-27.1301,-15.417703
355.5,-27.4353,-18.14348,-25.4211,-12.667399,-26.8555,-18.729122,-27.0996,-15.407134
355.6,-27.4658,-18.131914,-25.4517,-12.651631,-26.8249,-18.719147,-27.0996,-15.396566
355.7,-27.4353,-18.120344,-25.4211,-12.635841,-26.8555,-18.709171,-27.0996,-15.386001
355.8,-27.4658,-18.10877,-25.4211,-12.620029,-26.8555,-18.699194,-27.0996,-15.375437
355.9,-27.4353,-18.097195,-25.4211,-12.604196,-26.8555,-18.689215,-27.0691,-15.364875
356.0,-27.4658,-18.085615,-25.4822,-12.58834,-26.886,-18.679235,-27.0996,-15.354314
356.1,-27.4048,-18.074034,-25.5737,-12.572461,-26.8555,-18.669254,-27.1301,-15.343755
356.2,-27.4353,-18.062449,-25.5127,-12.55656,-26.8249,-18.659271,-27.0996,-15.333198
356.3,-27.4658,-18.050861,-25.5127,-12.540635,-26.886,-18.649288,-27.0691,-15.322642
356.4,-27.4658,-18.03927,-25.4517,-12.524688,-26.8249,-18.639303,-27.0691,-15.312089
356.5,-27.4658,-18.027678,-25.4517,-12.508718,-26.8249,-18.629318,-27.0996,-15.3015375
356.59999999999997,-27.4963,-18.01608,-25.5127,-12.492723,-26.8249,-18.619331,-27.0996,-15.290987
356.70000000000005,-27.4658,-18.004482,-25.5432,-12.4767065,-26.8249,-18.609343,-27.1301,-15.280438
356.8,-27.4963,-17.99288,-25.5432,-12.460666,-26.886,-18.599354,-27.1301,-15.269892
356.9,-27.4963,-17.981274,-25.5432,-12.4446,-26.886,-18.589363,-27.0691,-15.259347
357.0,-27.4658,-17.969666,-25.4822,-12.428511,-26.886,-18.57937,-27.0691,-15.248804
357.09999999999997,-27.4963,-17.958054,-25.4822,-12.412396,-26.886,-18.569378,-27.0691,-15.238263
357.20000000000005,-27.4658,-17.94644,-25.5127,-12.396257,-26.886,-18.559383,-27.0386,-15.227724
357.3,-27.4963,-17.934822,-25.4822,-12.380094,-26.886,-18.549387,-27.0996,-15.217187
357.4,-27.5269,-17.923203,-25.5432,-12.363905,-26.9165,-18.53939,-27.0691,-15.206652
357.5,-27.4963,-17.91158,-25.5127,-12.347691,-26.886,-18.529392,-27.1301,-15.196118
357.59999999999997,-27.5269,-17.899954,-25.5432,-12.33145,-26.886,-18.519394,-27.1606,-15.185587
357.70000000000005,-27.4963,-17.888325,-25.5127,-12.315185,-26.8555,-18.509394,-27.1606,-15.175057
357.8,-27.4963,-17.876692,-25.5127,-12.298893,-26.8555,-18.499392,-27.1606,-15.16453
357.9,-27.5269,-17.865057,-25.4822,-12.282575,-26.9165,-18.48939,-27.2217,-15.154004
358.0,-27.5269,-17.853418,-25.5127,-12.26623,-26.886,-18.479385,-27.2217,-15.14348
358.09999999999997,-27.4658,-17.841778,-25.5432,-12.249858,-26.8249,-18.46938,-27.1606,-15.132958
358.20000000000005,-27.4963,-17.830133,-25.5432,-12.233459,-26.8249,-18.459373,-27.1606,-15.122438
358.3,-27.4658,-17.818485,-25.5432,-12.217033,-26.886,-18.449366,-27.1912,-15.11192
358.4,-27.5269,-17.806835,-25.5432,-12.20058,-26.947,-18.439356,-27.1912,-15.101404
358.5,-27.5269,-17.795181,-25.5127,-12.184098,-26.9165,-18.429346,-27.1912,-15.09089
358.59999999999997,-27.5574,-17.783525,-25.5432,-12.167588,-26.9165,-18.419334,-27.1606,-15.080378
358.70000000000005,-27.5269,-17.771866,-25.5127,-12.151051,-26.886,-18.409323,-27.1301,-15.069867
358.8,-27.4963,-17.760202,-25.5432,-12.134484,-26.947,-18.39931,-27.1606,-15.05936
358.9,-27.5574,-17.748537,-25.5127,-12.117888,-26.9165,-18.389294,-27.1912,-15.048854
359.0,-27.4963,-17.736868,-25.5737,-12.101264,-26.947,-18.379278,-27.1606,-15.03835
359.09999999999997,-27.5269,-17.725195,-25.5737,-12.08461,-26.947,-18.36926,-27.1606,-15.027848
359.20000000000005,-27.5269,-17.71352,-25.6042,-12.067925,-26.9775,-18.359241,-27.1912,-15.017348
359.3,-27.5269,-17.701841,-25.6042,-12.051211,-27.0081,-18.349222,-27.1912,-15.006851
359.4,-27.5879,-17.69016,-25.6348,-12.034467,-27.0081,-18.339201,-27.1912,-14.996356
359.5,-27.5879,-17.678476,-25.6042,-12.017692,-26.9775,-18.32918,-27.1606,-14.985863
359.59999999999997,-27.4963,-17.666788,-25.5737,-12.000885,-26.9775,-18.319157,-27.1606,-14.975372
359.70000000000005,-27.4963,-17.655098,-25.6348,-11.984048,-26.947,-18.309132,-27.1912,-14.964884
359.8,-27.5574,-17.643404,-25.6042,-11.967179,-26.9775,-18.299107,-27.1912,-14.954397
359.9,-27.5269,-17.631706,-25.6042,-11.950278,-27.0081,-18.28908,-27.2522,-14.943913
360.0,-27.5574,-17.620007,-25.6348,-11.933345,-26.9775,-18.27905,-27.2217,-14.933432
360.09999999999997,-27.5879,-17.608303,-25.6042,-11.916379,-27.0081,-18.269022,-27.1606,-14.922952
360.20000000000005,-27.5269,-17.596596,-25.6042,-11.899381,-27.0386,-18.258991,-27.1912,-14.912475
360.3,-27.5269,-17.584887,-25.6042,-11.882349,-27.0081,-18.24896,-27.1606,-14.901999
360.4,-27.5269,-17.573174,-25.6348,-11.865284,-26.9775,-18.238928,-27.1912,-14.891527
360.5,-27.5879,-17.561457,-25.6348,-11.848186,-26.9775,-18.228893,-27.2217,-14.881057
360.59999999999997,-27.5879,-17.549738,-25.6348,-11.831053,-27.0386,-18.218859,-27.2217,-14.870588
360.70000000000005,-27.5879,-17.538015,-25.6348,-11.813886,-27.0386,-18.208822,-27.1606,-14.860123
360.8,-27.5879,-17.526289,-25.6653,-11.796683,-27.0996,-18.198786,-27.1912,-14.849659
360.9,-27.6184,-17.51456,-25.6653,-11.779446,-27.0691,-18.188747,-27.1912,-14.839198
361.0,-27.5574,-17.502829,-25.6653,-11.762173,-27.0386,-18.178707,-27.2217,-14.82874
361.09999999999997,-27.5879,-17.491093,-25.6348,-11.7448635,-27.0081,-18.168667,-27.2522,-14.818284
361.20000000000005,-27.5879,-17.479353,-25.6348,-11.727518,-27.0081,-18.158625,-27.2217,-14.807831
361.3,-27.5574,-17.467611,-25.6348,-11.710135,-27.0691,-18.14858,-27.2217,-14.7973795
361.4,-27.5879,-17.455866,-25.6653,-11.692717,-27.0996,-18.138536,-27.2217,-14.786931
361.5,-27.5879,-17.444117,-25.6958,-11.67526,-27.1301,-18.12849,-27.2217,-14.776485
361.59999999999997,-27.5879,-17.432365,-25.6653,-11.657765,-27.0996,-18.118444,-27.2217,-14.766042
361.70000000000005,-27.5879,-17.42061,-25.6653,-11.640232,-27.0996,-18.108397,-27.2522,-14.755601
361.8,-27.5269,-17.408852,-25.6653,-11.622661,-27.0996,-18.098347,-27.2217,-14.745163
361.9,-27.5269,-17.397089,-25.6653,-11.60505,-27.0691,-18.088297,-27.2217,-14.734727
362.0,-27.5574,-17.385324,-25.6958,-11.5873995,-27.0691,-18.078245,-27.1912,-14.724294
362.09999999999997,-27.5574,-17.373556,-25.6653,-11.56971,-27.1301,-18.068193,-27.1912,-14.713863
362.20000000000005,-27.5879,-17.361784,-25.6958,-11.551979,-27.0996,-18.05814,-27.2522,-14.703435
362.3,-27.5879,-17.35001,-25.6653,-11.534208,-27.1301,-18.048084,-27.2522,-14.693009
362.4,-27.6184,-17.338232,-25.6958,-11.516396,-27.0691,-18.038029,-27.2827,-14.682587
362.5,-27.6184,-17.32645,-25.6653,-11.498542,-27.1606,-18.027971,-27.2827,-14.672167
362.59999999999997,-27.5574,-17.314665,-25.6958,-11.480645,-27.0996,-18.017914,-27.2522,-14.66175
362.70000000000005,-27.6184,-17.302877,-25.7263,-11.462707,-27.1301,-18.007854,-27.2827,-14.651336
362.8,-27.5879,-17.291086,-25.7263,-11.444725,-27.0691,-17.997793,-27.2827,-14.6409235
362.9,-27.6184,-17.279291,-25.7263,-11.4267,-27.0996,-17.987732,-27.2522,-14.630514
363.0,-27.5879,-17.267492,-25.7568,-11.40863,-27.1301,-17.977669,-27.2827,-14.620108
363.09999999999997,-27.6184,-17.25569,-25.7568,-11.390516,-27.1301,-17.967606,-27.2827,-14.609704
363.20000000000005,-27.5879,-17.243885,-25.7263,-11.372357,-27.1301,-17.95754,-27.2827,-14.599303
363.3,-27.5879,-17.232077,-25.6958,-11.354153,-27.0996,-17.947474,-27.3132,-14.588905
363.4,-27.6489,-17.220264,-25.6958,-11.335902,-27.0996,-17.937407,-27.2827,-14.57851
363.5,-27.6489,-17.208448,-25.7263,-11.317605,-27.1301,-17.927338,-27.2522,-14.568118
363.59999999999997,-27.6794,-17.19663,-25.7568,-11.299261,-27.1301,-17.917269,-27.3437,-14.557729
363.70000000000005,-27.6489,-17.184809,-25.7263,-11.2808695,-27.1301,-17.907198,-27.2522,-14.547343
363.8,-27.6184,-17.172983,-25.6958,-11.26243,-27.1606,-17.897127,-27.2827,-14.536961
363.9,-27.6184,-17.161154,-25.6958,-11.243942,-27.1606,-17.887054,-27.2522,-14.526581
364.0,-27.6184,-17.14932,-25.7263,-11.225405,-27.1606,-17.87698,-27.3132,-14.516204
364.09999999999997,-27.6184,-17.137486,-25.6958,-11.206818,-27.1301,-17.866905,-27.2522,-14.50583
364.20000000000005,-27.6489,-17.125647,-25.6958,-11.18818,-27.1301,-17.856829,-27.3132,-14.495459
364.3,-27.6184,-17.113804,-25.6653,-11.169492,-27.1301,-17.846752,-27.2522,-14.48509
364.4,-27.6184,-17.101957,-25.6653,-11.150752,-27.1301,-17.836674,-27.2522,-14.474726
364.5,-27.6184,-17.090107,-25.7568,-11.13196,-27.1301,-17.826595,-27.2827,-14.464364
364.59999999999997,-27.6184,-17.078253,-25.7263,-11.113115,-27.1606,-17.816515,-27.3132,-14.454005
364.70000000000005,-27.6184,-17.066397,-25.7263,-11.094217,-27.1606,-17.806433,-27.3132,-14.44365
364.8,-27.6184,-17.054537,-25.6958,-11.075265,-27.1912,-17.79635,-27.2827,-14.433298
364.9,-27.6489,-17.042673,-25.7568,-11.056258,-27.2217,-17.786266,-27.3132,-14.422949
365.0,-27.6489,-17.030806,-25.7568,-11.037196,-27.2522,-17.776182,-27.3132,-14.412603
365.09999999999997,-27.6184,-17.018934,-25.7568,-11.018078,-27.1606,-17.766096,-27.2827,-14.402261
365.20000000000005,-27.6184,-17.00706,-25.7263,-10.998903,-27.1912,-17.75601,-27.3132,-14.391922
365.3,-27.6794,-16.995182,-25.7568,-10.9796715,-27.1912,-17.745922,-27.2827,-14.381586
365.4,-27.6489,-16.983301,-25.7874,-10.9603815,-27.1606,-17.735832,-27.2827,-14.371254
365.5,-27.6489,-16.971416,-25.7568,-10.941033,-27.1301,-17.725742,-27.2522,-14.360925
365.59999999999997,-27.6489,-16.959528,-25.7874,-10.921626,-27.1606,-17.71565,-27.2827,-14.350599
365.70000000000005,-27.6489,-16.947636,-25.7568,-10.902159,-27.1301,-17.705559,-27.2827,-14.340277
365.8,-27.6489,-16.93574,-25.7263,-10.88263,-27.1606,-17.695465,-27.3437,-14.329958
365.9,-27.6184,-16.92384,-25.7568,-10.86304,-27.2217,-17.685371,-27.2827,-14.319642
366.0,-27.6184,-16.911936,-25.7874,-10.843388,-27.1912,-17.675276,-27.3132,-14.30933
366.09999999999997,-27.6794,-16.90003,-25.7263,-10.823672,-27.1606,-17.66518,-27.2827,-14.299022
366.20000000000005,-27.6489,-16.88812,-25.7263,-10.803892,-27.2217,-17.655083,-27.3132,-14.288716
366.3,-27.6489,-16.876207,-25.7263,-10.784048,-27.2217,-17.644983,-27.3437,-14.278415
366.4,-27.71,-16.86429,-25.7263,-10.764138,-27.2522,-17.634884,-27.2827,-14.268117
366.5,-27.71,-16.85237,-25.6958,-10.744162,-27.2827,-17.624783,-27.3132,-14.257823
366.59999999999997,-27.6489,-16.840445,-25.7568,-10.724118,-27.2217,-17.614681,-27.3437,-14.247532
366.70000000000005,-27.71,-16.828516,-25.7568,-10.704007,-27.2217,-17.604578,-27.3437,-14.237245
366.8,-27.6794,-16.816584,-25.7568,-10.683826,-27.2217,-17.594475,-27.3437,-14.226961
366.9,-27.6489,-16.804647,-25.7874,-10.663576,-27.2827,-17.58437,-27.3437,-14.2166815
367.0,-27.6794,-16.792707,-25.7874,-10.643255,-27.2217,-17.574265,-27.3437,-14.206406
367.09999999999997,-27.6794,-16.780764,-25.7568,-10.622863,-27.2522,-17.564157,-27.3437,-14.196134
367.20000000000005,-27.6794,-16.768816,-25.8179,-10.602398,-27.2827,-17.55405,-27.3437,-14.185865
367.3,-27.6794,-16.756866,-25.8179,-10.58186,-27.2522,-17.543941,-27.3437,-14.175601
367.4,-27.7405,-16.744913,-25.8484,-10.561247,-27.2217,-17.533833,-27.3437,-14.16534
367.5,-27.6794,-16.732956,-25.8484,-10.540559,-27.2827,-17.523722,-27.3132,-14.155084
367.59999999999997,-27.71,-16.720995,-25.8179,-10.519794,-27.2522,-17.51361,-27.3437,-14.144831
367.70000000000005,-27.7405,-16.70903,-25.8484,-10.498952,-27.2827,-17.503498,-27.3743,-14.134582
367.8,-27.71,-16.697062,-25.7874,-10.478031,-27.2827,-17.493383,-27.3132,-14.124336
367.9,-27.71,-16.68509,-25.8484,-10.457031,-27.2827,-17.483269,-27.3132,-14.114095
368.0,-27.7405,-16.673113,-25.8484,-10.43595,-27.2827,-17.473152,-27.3437,-14.103858
368.09999999999997,-27.7405,-16.661133,-25.8179,-10.414788,-27.3132,-17.463036,-27.3437,-14.093625
368.20000000000005,-27.7405,-16.649149,-25.8789,-10.393543,-27.2827,-17.452917,-27.3743,-14.083396
368.3,-27.771,-16.637161,-25.8179,-10.372214,-27.1912,-17.442799,-27.3743,-14.073171
368.4,-27.71,-16.62517,-25.8179,-10.3508005,-27.2827,-17.432678,-27.3743,-14.06295
368.5,-27.71,-16.613174,-25.8789,-10.3293,-27.2827,-17.422558,-27.3437,-14.052733
368.59999999999997,-27.7405,-16.601175,-25.8789,-10.307713,-27.3132,-17.412436,-27.3437,-14.0425205
368.70000000000005,-27.771,-16.589172,-25.8179,-10.2860365,-27.3132,-17.402313,-27.3437,-14.032312
368.8,-27.7405,-16.577166,-25.8179,-10.264271,-27.3132,-17.392189,-27.3743,-14.022108
368.9,-27.771,-16.565155,-25.8179,-10.2424135,-27.3437,-17.382065,-27.3743,-14.011909
369.0,-27.71,-16.55314,-25.8179,-10.220464,-27.3437,-17.371939,-27.3132,-14.001713
369.09999999999997,-27.771,-16.541122,-25.8789,-10.198421,-27.3132,-17.361813,-27.2827,-13.991522
369.2,-27.7405,-16.5291,-25.8484,-10.176282,-27.3437,-17.351685,-27.3437,-13.981335
369.3,-27.7405,-16.517075,-25.8484,-10.154047,-27.3437,-17.341557,-27.3132,-13.971152
369.40000000000003,-27.771,-16.505045,-25.9399,-10.131715,-27.3132,-17.331427,-27.3437,-13.960975
369.5,-27.7405,-16.493011,-25.8789,-10.109283,-27.2827,-17.321297,-27.3132,-13.950801
369.59999999999997,-27.771,-16.480974,-25.8484,-10.086752,-27.3132,-17.311165,-27.3132,-13.940632
369.7,-27.7405,-16.468933,-25.9094,-10.064118,-27.2827,-17.301033,-27.3132,-13.930468
369.8,-27.71,-16.456886,-25.9094,-10.041381,-27.2827,-17.290901,-27.3437,-13.920307
369.90000000000003,-27.7405,-16.444836,-25.9094,-10.018538,-27.3132,-17.280767,-27.2827,-13.9101515
370.0,-27.7405,-16.432781,-25.8789,-9.99559,-27.3437,-17.270634,-27.3132,-13.900001
370.09999999999997,-27.7405,-16.420723,-25.8484,-9.972533,-27.3743,-17.260498,-27.2827,-13.889854
370.2,-27.8015,-16.40866,-25.8789,-9.949367,-27.3743,-17.250362,-27.3132,-13.879713
370.3,-27.832,-16.396595,-25.8789,-9.926089,-27.3437,-17.240225,-27.2827,-13.869576
370.40000000000003,-27.7405,-16.384525,-25.9094,-9.9026985,-27.3437,-17.230087,-27.2827,-13.859445
370.5,-27.7405,-16.372452,-25.9399,-9.879193,-27.3132,-17.219948,-27.2827,-13.849318
370.59999999999997,-27.8015,-16.360374,-25.9094,-9.855572,-27.3437,-17.209808,-27.2827,-13.839195
370.7,-27.771,-16.348293,-25.8789,-9.831832,-27.3132,-17.199667,-27.3437,-13.829078
370.8,-27.8015,-16.336208,-25.8789,-9.807972,-27.3437,-17.189526,-27.3437,-13.818965
370.90000000000003,-27.771,-16.324118,-25.8484,-9.783991,-27.3437,-17.179382,-27.3132,-13.808857
371.0,-27.832,-16.312023,-25.8484,-9.759886,-27.3437,-17.169239,-27.3437,-13.798754
371.09999999999997,-27.832,-16.299925,-25.9094,-9.735655,-27.3743,-17.159096,-27.2522,-13.788656
371.2,-27.832,-16.287823,-25.9094,-9.711297,-27.3743,-17.14895,-27.3132,-13.7785635
371.3,-27.8015,-16.275717,-25.9705,-9.68681,-27.3437,-17.138805,-27.3132,-13.768476
371.40000000000003,-27.8015,-16.263607,-25.9094,-9.66219,-27.3132,-17.128658,-27.2827,-13.758393
371.5,-27.8015,-16.251493,-25.9094,-9.637438,-27.3437,-17.118511,-27.2827,-13.748316
371.59999999999997,-27.8625,-16.239374,-25.8789,-9.61255,-27.3437,-17.108362,-27.2827,-13.738243
371.7,-27.771,-16.227251,-25.9399,-9.587523,-27.4048,-17.098213,-27.2827,-13.728176
371.8,-27.832,-16.215124,-25.8789,-9.562357,-27.3743,-17.088062,-27.2522,-13.718114
371.90000000000003,-27.7405,-16.202993,-25.9094,-9.537048,-27.4048,-17.077911,-27.2522,-13.708057
372.0,-27.771,-16.190859,-25.9094,-9.511596,-27.3743,-17.06776,-27.3132,-13.698007
372.09999999999997,-27.71,-16.17872,-25.9094,-9.485996,-27.3743,-17.057608,-27.3437,-13.687961
372.2,-27.7405,-16.166576,-25.9399,-9.460247,-27.4353,-17.047455,-27.2827,-13.67792
372.3,-27.7405,-16.154428,-25.9094,-9.434346,-27.4353,-17.0373,-27.3437,-13.667886
372.40000000000003,-27.7405,-16.142277,-25.9399,-9.408291,-27.3743,-17.027145,-27.3132,-13.657856
372.5,-27.771,-16.130121,-25.9399,-9.382079,-27.4048,-17.016989,-27.2827,-13.647832
372.59999999999997,-27.771,-16.117962,-26.001,-9.355708,-27.4048,-17.006832,-27.2827,-13.637814
372.7,-27.7405,-16.105797,-25.9705,-9.329175,-27.3743,-16.996675,-27.2827,-13.627801
372.8,-27.771,-16.093628,-25.9705,-9.302477,-27.4048,-16.986517,-27.3132,-13.617794
372.90000000000003,-27.7405,-16.081455,-26.001,-9.275612,-27.3743,-16.976358,-27.3132,-13.607793
373.0,-27.771,-16.069279,-25.9705,-9.248576,-27.4048,-16.966198,-27.3743,-13.597797
373.09999999999997,-27.71,-16.057096,-25.9705,-9.221367,-27.3743,-16.956038,-27.3437,-13.587808
373.2,-27.7405,-16.04491,-25.9705,-9.193982,-27.4048,-16.945877,-27.3132,-13.577824
373.3,-27.771,-16.03272,-25.9705,-9.166418,-27.3437,-16.935715,-27.3132,-13.567845
373.40000000000003,-27.771,-16.020527,-26.001,-9.138671,-27.3743,-16.925552,-27.3132,-13.557873
373.5,-27.7405,-16.008327,-25.8789,-9.110739,-27.4048,-16.915388,-27.3437,-13.547906
373.59999999999997,-27.771,-15.996124,-25.9094,-9.082618,-27.3743,-16.905224,-27.3437,-13.537946
373.7,-27.771,-15.983916,-26.001,-9.054305,-27.3437,-16.89506,-27.3132,-13.527991
373.8,-27.771,-15.9717045,-25.9399,-9.025797,-27.3437,-16.884893,-27.2827,-13.518043
373.90000000000003,-27.771,-15.959488,-25.9399,-8.997089,-27.3743,-16.874727,-27.2827,-13.5081005
374.0,-27.7405,-15.947268,-25.9705,-8.96818,-27.4048,-16.864561,-27.2827,-13.498164
374.09999999999997,-27.771,-15.935042,-25.9399,-8.939063,-27.4048,-16.854393,-27.3437,-13.4882345
374.2,-27.7405,-15.922812,-25.9705,-8.909737,-27.3743,-16.844225,-27.3437,-13.478311
374.3,-27.8015,-15.910579,-25.9705,-8.880197,-27.4048,-16.834055,-27.3132,-13.468393
374.40000000000003,-27.771,-15.89834,-25.9705,-8.850439,-27.3743,-16.823885,-27.3437,-13.458482
374.5,-27.7405,-15.886097,-26.001,-8.82046,-27.4048,-16.813715,-27.3132,-13.448577
374.59999999999997,-27.7405,-15.87385,-26.0315,-8.790256,-27.4353,-16.803543,-27.3437,-13.438679
374.7,-27.8015,-15.861598,-26.0315,-8.759821,-27.4048,-16.793371,-27.3132,-13.428787
374.8,-27.771,-15.849341,-26.062,-8.729152,-27.4048,-16.7832,-27.3132,-13.418901
374.90000000000003,-27.771,-15.83708,-26.0315,-8.698244,-27.4353,-16.773026,-27.3437,-13.409022
375.0,-27.8015,-15.824815,-26.0315,-8.667093,-27.4353,-16.762852,-27.3132,-13.39915
375.09999999999997,-27.7405,-15.812545,-26.0315,-8.635695,-27.4353,-16.752678,-27.3437,-13.389284
375.2,-27.7405,-15.80027,-26.001,-8.604045,-27.4353,-16.742502,-27.3743,-13.379425
375.3,-27.7405,-15.787991,-26.0315,-8.572137,-27.4353,-16.732327,-27.3437,-13.369573
375.40000000000003,-27.71,-15.775707,-26.001,-8.539967,-27.4048,-16.72215,-27.3743,-13.359727
375.5,-27.771,-15.763419,-26.062,-8.507529,-27.4048,-16.711973,-27.3437,-13.349889
375.59999999999997,-27.71,-15.751126,-26.001,-8.474819,-27.4353,-16.701796,-27.3743,-13.340057
375.7,-27.771,-15.738829,-26.001,-8.441831,-27.4048,-16.691618,-27.3743,-13.330233
375.8,-27.7405,-15.726526,-26.0315,-8.408559,-27.4658,-16.681438,-27.3743,-13.320415
375.90000000000003,-27.7405,-15.714219,-26.001,-8.374997,-27.4048,-16.671259,-27.4048,-13.310604
376.0,-27.8015,-15.701907,-25.9705,-8.341141,-27.4353,-16.66108,-27.4048,-13.3008
376.09999999999997,-27.771,-15.689591,-26.0315,-8.306984,-27.4048,-16.650898,-27.3743,-13.291004
376.2,-27.7405,-15.677271,-26.062,-8.27252,-27.3437,-16.640717,-27.4353,-13.281215
376.3,-27.71,-15.664946,-26.062,-8.237742,-27.4353,-16.630535,-27.4658,-13.271433
376.40000000000003,-27.7405,-15.652616,-26.0315,-8.202645,-27.4658,-16.620352,-27.4658,-13.261659
376.5,-27.7405,-15.640281,-26.0315,-8.167221,-27.4353,-16.610168,-27.4963,-13.251891
376.59999999999997,-27.7405,-15.627941,-26.062,-8.131464,-27.4353,-16.599985,-27.4658,-13.242131
376.7,-27.7405,-15.615597,-26.062,-8.0953665,-27.4658,-16.589802,-27.4658,-13.232379
376.8,-27.7405,-15.603248,-26.062,-8.058922,-27.4658,-16.579617,-27.4658,-13.222634
376.90000000000003,-27.771,-15.590894,-26.0925,-8.022122,-27.4353,-16.569431,-27.4658,-13.212897
377.0,-27.71,-15.578535,-26.0315,-7.9849606,-27.4658,-16.559246,-27.4963,-13.203168
377.09999999999997,-27.8015,-15.566171,-26.0315,-7.9474287,-27.4353,-16.549059,-27.5269,-13.193446
377.2,-27.7405,-15.553802,-26.0315,-7.9095187,-27.4658,-16.538872,-27.5269,-13.183732
377.3,-27.7405,-15.541428,-26.062,-7.8712225,-27.4353,-16.528685,-27.5269,-13.174026
377.40000000000003,-27.771,-15.529049,-26.0315,-7.8325315,-27.4353,-16.518497,-27.4963,-13.164327
377.5,-27.8015,-15.516665,-26.0315,-7.7934365,-27.4963,-16.508308,-27.4963,-13.154636
377.59999999999997,-27.771,-15.504277,-26.0315,-7.753929,-27.4963,-16.49812,-27.4658,-13.144954
377.7,-27.771,-15.491884,-26.0315,-7.7139997,-27.4963,-16.48793,-27.4963,-13.135279
377.8,-27.7405,-15.479486,-26.0925,-7.6736393,-27.4353,-16.477741,-27.4963,-13.125612
377.90000000000003,-27.8015,-15.467083,-26.0315,-7.632838,-27.4048,-16.46755,-27.5269,-13.115953
378.0,-27.771,-15.454675,-26.062,-7.591585,-27.4353,-16.45736,-27.5269,-13.106303
378.09999999999997,-27.771,-15.442262,-26.0925,-7.549871,-27.4048,-16.447168,-27.5574,-13.096662
378.2,-27.8931,-15.429844,-26.062,-7.507684,-27.4048,-16.436977,-27.5574,-13.087028
378.3,-27.8015,-15.41742,-26.0925,-7.4650145,-27.4048,-16.426785,-27.5269,-13.077402
378.40000000000003,-27.771,-15.404992,-26.062,-7.4218497,-27.4353,-16.416592,-27.5574,-13.067785
378.5,-27.8015,-15.392559,-26.0925,-7.3781786,-27.4048,-16.406399,-27.5269,-13.058177
378.59999999999997,-27.771,-15.38012,-26.123,-7.333989,-27.4658,-16.396206,-27.5879,-13.048577
378.7,-27.7405,-15.367677,-26.0925,-7.289269,-27.4658,-16.386013,-27.5879,-13.038986
378.8,-27.8015,-15.355228,-26.123,-7.244005,-27.4658,-16.375818,-27.5879,-13.029404
378.90000000000003,-27.771,-15.342774,-26.0925,-7.1981845,-27.4353,-16.365623,-27.5574,-13.01983
379.0,-27.771,-15.330316,-26.0925,-7.151793,-27.4658,-16.355429,-27.5574,-13.010264
379.09999999999997,-27.771,-15.317852,-26.062,-7.1048164,-27.4353,-16.345234,-27.5879,-13.000709
379.2,-27.8015,-15.305383,-26.0925,-7.057241,-27.4353,-16.335037,-27.5574,-12.991161
379.3,-27.832,-15.292909,-26.123,-7.009051,-27.4353,-16.32484,-27.5879,-12.981624
379.40000000000003,-27.8015,-15.280429,-26.123,-6.960231,-27.4353,-16.314644,-27.6489,-12.972095
379.5,-27.8015,-15.267944,-26.0925,-6.910765,-27.4658,-16.304447,-27.6184,-12.962575
379.59999999999997,-27.771,-15.255454,-26.0925,-6.8606367,-27.4963,-16.29425,-27.6184,-12.953064
379.7,-27.771,-15.242959,-26.062,-6.8098288,-27.4963,-16.284054,-27.6794,-12.9435625
379.8,-27.832,-15.230458,-26.062,-6.758323,-27.4658,-16.273855,-27.6489,-12.934071
379.90000000000003,-27.8015,-15.217953,-26.0925,-6.706102,-27.4658,-16.263657,-27.6489,-12.924588
380.0,-27.8015,-15.205441,-26.062,-6.653146,-27.4963,-16.253458,-27.7405,-12.915115
380.09999999999997,-27.832,-15.1929245,-26.0925,-6.5994353,-27.4658,-16.24326,-27.71,-12.905652
380.2,-27.8015,-15.180403,-26.062,-6.5449505,-27.4963,-16.23306,-27.6794,-12.896198
380.3,-27.8015,-15.167875,-26.062,-6.48967,-27.5269,-16.222862,-27.71,-12.886754
380.40000000000003,-27.8015,-15.155342,-26.062,-6.433572,-27.4963,-16.212662,-27.71,-12.877319
380.5,-27.771,-15.142804,-26.062,-6.3766336,-27.5269,-16.202461,-27.71,-12.867895
380.59999999999997,-27.771,-15.13026,-26.0925,-6.3188324,-27.4658,-16.19226,-27.6794,-12.85848
380.7,-27.771,-15.117711,-26.062,-6.2601433,-27.4658,-16.18206,-27.771,-12.849075
380.8,-27.8015,-15.105156,-26.123,-6.2005415,-27.4963,-16.17186,-27.7405,-12.839681
380.90000000000003,-27.8015,-15.092596,-26.1536,-6.1400013,-27.4353,-16.16166,-27.7405,-12.830296
381.0,-27.8015,-15.08003,-26.123,-6.0784955,-27.4353,-16.151459,-27.71,-12.820921
381.1,-27.832,-15.067459,-26.123,-6.015996,-27.5269,-16.141256,-27.6794,-12.811557
381.2,-27.8015,-15.054882,-26.1536,-5.952474,-27.4963,-16.131054,-27.6794,-12.802203
381.29999999999995,-27.771,-15.042299,-26.1536,-5.8878994,-27.4963,-16.120852,-27.6794,-12.79286
381.40000000000003,-27.8015,-15.029711,-26.123,-5.8222404,-27.4963,-16.11065,-27.71,-12.783527
381.5,-27.771,-15.0171175,-26.123,-5.755465,-27.4963,-16.100447,-27.6794,-12.774205
381.6,-27.832,-15.0045185,-26.1536,-5.687539,-27.5269,-16.090244,-27.6489,-12.764894
381.7,-27.8015,-14.991914,-26.123,-5.6184278,-27.5269,-16.080042,-27.6489,-12.755592
381.79999999999995,-27.8625,-14.979303,-26.0925,-5.5480947,-27.4963,-16.06984,-27.6489,-12.746303
381.90000000000003,-27.832,-14.966687,-26.1536,-5.476502,-27.4963,-16.059637,-27.71,-12.737023
382.0,-27.832,-14.954065,-26.123,-5.40361,-27.5269,-16.049433,-27.71,-12.727755
382.1,-27.8931,-14.941438,-26.123,-5.329378,-27.5269,-16.039228,-27.7405,-12.718497
382.2,-27.832,-14.928803,-26.1841,-5.2537627,-27.4963,-16.029024,-27.771,-12.709251
382.29999999999995,-27.832,-14.916163,-26.1536,-5.17672,-27.5269,-16.01882,-27.71,-12.700016
382.40000000000003,-27.8015,-14.903518,-26.1536,-5.0982037,-27.5574,-16.008615,-27.7405,-12.690792
382.5,-27.8015,-14.890866,-26.1536,-5.018165,-27.4963,-15.998411,-27.71,-12.68158
382.6,-27.832,-14.878209,-26.1841,-4.9365544,-27.4963,-15.988207,-27.771,-12.672379
382.7,-27.8015,-14.865546,-26.123,-4.8533187,-27.4963,-15.978003,-27.771,-12.663189
382.79999999999995,-27.8015,-14.852878,-26.0925,-4.768404,-27.5269,-15.967798,-27.7405,-12.654012
382.90000000000003,-27.8931,-14.840202,-26.1536,-4.6817527,-27.5269,-15.957594,-27.7405,-12.644846
383.0,-27.8625,-14.827521,-26.1536,-4.5933056,-27.4963,-15.94739,-27.771,-12.635692
383.1,-27.8625,-14.814835,-26.1536,-4.5030007,-27.4963,-15.937185,-27.71,-12.62655
383.2,-27.9236,-14.802141,-26.1536,-4.4107738,-27.4963,-15.926981,-27.7405,-12.617419
383.29999999999995,-27.832,-14.789442,-26.1841,-4.3165565,-27.4353,-15.916777,-27.7405,-12.608301
383.40000000000003,-27.832,-14.776737,-26.2146,-4.2202783,-27.4963,-15.906571,-27.7405,-12.5991955
383.5,-27.8015,-14.764026,-26.2146,-4.1218657,-27.4963,-15.896366,-27.7405,-12.590101
383.6,-27.8931,-14.751308,-26.1841,-4.0212417,-27.4353,-15.886161,-27.771,-12.581019
383.7,-27.832,-14.7385845,-26.2146,-3.9183254,-27.4658,-15.875956,-27.771,-12.57195
383.79999999999995,-27.8931,-14.725855,-26.1841,-3.8130329,-27.4963,-15.86575,-27.771,-12.562894
383.90000000000003,-27.8625,-14.713119,-26.2146,-3.705276,-27.4963,-15.855545,-27.771,-12.55385
384.0,-27.8931,-14.7003765,-26.2146,-3.5949626,-27.4658,-15.84534,-27.771,-12.544819
384.1,-27.832,-14.687628,-26.1841,-3.4819963,-27.4963,-15.8351345,-27.7405,-12.535801
384.2,-27.8931,-14.674873,-26.1841,-3.3662763,-27.4658,-15.82493,-27.7405,-12.526795
384.29999999999995,-27.8931,-14.662112,-26.1536,-3.2476969,-27.4658,-15.814726,-27.771,-12.517803
384.40000000000003,-27.8625,-14.649345,-26.2451,-3.1261475,-27.4353,-15.804522,-27.832,-12.508823
384.5,-27.8625,-14.636572,-26.2146,-3.0015125,-27.4963,-15.794317,-27.771,-12.499857
384.6,-27.8625,-14.623792,-26.2451,-2.8736708,-27.4048,-15.784113,-27.7405,-12.490904
384.7,-27.8625,-14.611005,-26.2451,-2.7424958,-27.4353,-15.773909,-27.771,-12.481964
384.79999999999995,-27.9236,-14.598212,-26.2756,-2.6078544,-27.4658,-15.763704,-27.8015,-12.473038
384.90000000000003,-27.8625,-14.585413,-26.2146,-2.4696076,-27.4963,-15.7535,-27.832,-12.464125
385.0,-27.832,-14.572607,-26.2146,-2.32761,-27.5269,-15.743296,-27.771,-12.455226
385.1,-27.8625,-14.559794,-26.2146,-2.1817088,-27.5269,-15.733091,-27.832,-12.446341
385.2,-27.8625,-14.546975,-26.2451,-2.0317445,-27.5269,-15.722887,-27.8015,-12.4374695
385.29999999999995,-27.8931,-14.53415,-26.2451,-1.87755,-27.5269,-15.712684,-27.8625,-12.428612
385.40000000000003,-27.8625,-14.521318,-26.2756,-1.7189503,-27.4963,-15.70248,-27.832,-12.419768
385.5,-27.8625,-14.50848,-26.2451,-1.5557622,-27.4963,-15.692277,-27.832,-12.410939
385.6,-27.8625,-14.495635,-26.2756,-1.3877941,-27.4963,-15.682074,-27.832,-12.402124
385.7,-27.8625,-14.482783,-26.3062,-1.2148458,-27.4658,-15.67187,-27.832,-12.393324
385.79999999999995,-27.8625,-14.469925,-26.2756,-1.0367076,-27.4963,-15.661667,-27.832,-12.384538
385.90000000000003,-27.8625,-14.457059,-26.2451,-0.85316074,-27.5574,-15.651464,-27.832,-12.375767
386.0,-27.8625,-14.444186,-26.2756,-0.66397625,-27.5269,-15.641262,-27.8015,-12.36701
386.1,-27.8625,-14.431307,-26.2451,-0.46891534,-27.4963,-15.63106,-27.771,-12.358268
386.2,-27.9236,-14.418421,-26.2756,-0.26772857,-27.5269,-15.620857,-27.832,-12.349541
386.29999999999995,-27.8931,-14.405528,-26.2451,-0.060155973,-27.5574,-15.610656,-27.832,-12.340829
386.40000000000003,-27.8931,-14.392628,-26.2756,0.15407354,-27.5269,-15.600454,-27.832,-12.332132
386.5,-27.8931,-14.379721,-26.3977,0.3752423,-27.5574,-15.590253,-27.8931,-12.323451
386.6,-27.8625,-14.366807,-26.3367,0.60364425,-27.5269,-15.580051,-27.8625,-12.314785
386.7,-27.8931,-14.353887,-26.3977,0.8395851,-27.5574,-15.569851,-27.9236,-12.306134
386.79999999999995,-27.8931,-14.340959,-26.3062,1.0833826,-27.5574,-15.55965,-27.8625,-12.2975
386.90000000000003,-27.8931,-14.328024,-26.3062,1.3353664,-27.5574,-15.54945,-27.8625,-12.28888
387.0,-27.9236,-14.315082,-26.3977,1.5958784,-27.5574,-15.53925,-27.832,-12.280277
387.1,-27.9236,-14.302133,-26.3367,1.8652726,-27.5574,-15.529051,-27.832,-12.271689
387.2,-27.9236,-14.289176,-26.3367,2.1439152,-27.5269,-15.518851,-27.8931,-12.263118
387.29999999999995,-27.8931,-14.276213,-26.3062,2.4321835,-27.5269,-15.508653,-27.8625,-12.254562
387.40000000000003,-27.8931,-14.263242,-26.3672,2.7304664,-27.5269,-15.498454,-27.8625,-12.246023
387.5,-27.9236,-14.250263,-26.3672,3.0391629,-27.5574,-15.488256,-27.832,-12.2375
387.6,-27.8931,-14.237278,-26.3062,3.358681,-27.5574,-15.478059,-27.832,-12.228994
387.7,-27.9236,-14.224285,-26.3367,3.6894357,-27.5574,-15.467861,-27.8625,-12.220505
387.79999999999995,-27.9236,-14.211285,-26.3367,4.0318475,-27.4963,-15.4576645,-27.8625,-12.212032
387.90000000000003,-27.9236,-14.1982765,-26.3672,4.386338,-27.4963,-15.447468,-27.8625,-12.203577
388.0,-27.9846,-14.185262,-26.4282,4.7533293,-27.5269,-15.437272,-27.9236,-12.195139
388.1,-27.9236,-14.172239,-26.3977,5.1332355,-27.5269,-15.427076,-27.8625,-12.186718
388.2,-27.9846,-14.159209,-26.3672,5.526459,-27.5574,-15.416882,-27.8625,-12.178314
388.29999999999995,-27.9541,-14.146172,-26.3977,5.9333844,-27.5574,-15.406687,-27.9236,-12.169928
388.40000000000003,-27.9541,-14.133126,-26.3977,6.354369,-27.5574,-15.396493,-27.832,-12.161558
388.5,-27.8625,-14.120073,-26.3977,6.789734,-27.5879,-15.386299,-27.8625,-12.153207
388.6,-27.8625,-14.107013,-26.3977,7.2397523,-27.5574,-15.376106,-27.8931,-12.144874
388.7,-27.832,-14.093945,-26.4282,7.7046385,-27.5879,-15.365913,-27.8625,-12.136558
388.79999999999995,-27.832,-14.080869,-26.4282,8.18453,-27.5269,-15.355721,-27.8625,-12.12826
388.90000000000003,-27.8931,-14.067785,-26.4282,8.679478,-27.5574,-15.34553,-27.8015,-12.11998
389.0,-27.8625,-14.054693,-26.4893,9.18942,-27.5269,-15.335339,-27.832,-12.111719
389.1,-27.8625,-14.041594,-26.4282,9.7141695,-27.5879,-15.325149,-27.8015,-12.103477
389.2,-27.832,-14.028486,-26.3977,10.253391,-27.5574,-15.314959,-27.8015,-12.095253
389.29999999999995,-27.8625,-14.01537,-26.3977,10.806581,-27.5269,-15.3047695,-27.8015,-12.087048
389.40000000000003,-27.8931,-14.002247,-26.4282,11.373041,-27.5574,-15.29458,-27.771,-12.078861
389.5,-27.8931,-13.989116,-26.4282,11.951864,-27.5574,-15.284392,-27.832,-12.070694
389.6,-27.832,-13.975976,-26.4282,12.541907,-27.5269,-15.274205,-27.832,-12.062546
389.7,-27.8931,-13.962829,-26.4282,13.141776,-27.4963,-15.264018,-27.832,-12.054417
389.79999999999995,-27.8625,-13.949673,-26.4587,13.749809,-27.5574,-15.253832,-27.832,-12.046308
389.90000000000003,-27.8625,-13.936508,-26.4282,14.364066,-27.5269,-15.243647,-27.8015,-12.038218
390.0,-27.8931,-13.923336,-26.4282,14.982326,-27.5269,-15.233462,-27.8015,-12.030148
390.1,-27.9236,-13.910155,-26.4282,15.602082,-27.5269,-15.223278,-27.8015,-12.022098
390.2,-27.9236,-13.896966,-26.4282,16.220562,-27.5269,-15.213095,-27.8015,-12.014068
390.29999999999995,-27.8931,-13.883768,-26.4893,16.834734,-27.4963,-15.202912,-27.832,-12.006058
390.40000000000003,-27.8625,-13.870563,-26.4587,17.441345,-27.5574,-15.192731,-27.8625,-11.998069
390.5,-27.8931,-13.857348,-26.4587,18.036957,-27.5269,-15.182549,-27.8015,-11.9901
390.6,-27.832,-13.844126,-26.4893,18.617989,-27.5574,-15.172369,-27.832,-11.982152
390.7,-27.8625,-13.830894,-26.4587,19.180775,-27.5574,-15.1621895,-27.832,-11.974225
390.79999999999995,-27.832,-13.817655,-26.4587,19.721622,-27.4963,-15.152011,-27.8015,-11.966319
390.90000000000003,-27.8625,-13.804406,-26.4282,20.236883,-27.5574,-15.141833,-27.8015,-11.958434
391.0,-27.8931,-13.791149,-26.4587,20.723013,-27.5574,-15.131656,-27.832,-11.95057
391.1,-27.8625,-13.777883,-26.4587,21.176647,-27.5574,-15.121479,-27.832,-11.942727
391.2,-27.8625,-13.764607,-26.4282,21.594658,-27.5269,-15.111303,-27.832,-11.934906
391.29999999999995,-27.8931,-13.751324,-26.4587,21.974213,-27.5269,-15.101129,-27.771,-11.927107
391.40000000000003,-27.8931,-13.73803,-26.4282,22.31283,-27.5269,-15.090955,-27.771,-11.91933
391.5,-27.8931,-13.724729,-26.4587,22.60842,-27.4963,-15.080782,-27.8015,-11.911574
391.6,-27.8625,-13.711418,-26.4282,22.859314,-27.4963,-15.07061,-27.771,-11.903841
391.7,-27.8625,-13.698098,-26.4282,23.064287,-27.5269,-15.060439,-27.8015,-11.896131
391.79999999999995,-27.8625,-13.68477,-26.4282,23.222569,-27.5574,-15.050269,-27.832,-11.888442
391.90000000000003,-27.8625,-13.671432,-26.4587,23.333836,-27.4963,-15.0401,-27.8015,-11.880776
392.0,-27.8625,-13.658084,-26.4282,23.398209,-27.5879,-15.029932,-27.832,-11.873134
392.1,-27.8931,-13.644728,-26.4282,23.416225,-27.5574,-15.019765,-27.8015,-11.865514
392.2,-27.8625,-13.631362,-26.4587,23.388811,-27.5574,-15.009599,-27.8015,-11.857918
392.29999999999995,-27.8931,-13.617987,-26.4893,23.317244,-27.5574,-14.9994335,-27.8015,-11.850345
392.40000000000003,-27.8931,-13.604602,-26.4587,23.20311,-27.4963,-14.989269,-27.832,-11.842795
392.5,-27.9236,-13.5912075,-26.4282,23.048264,-27.5269,-14.979106,-27.8015,-11.83527
392.6,-27.8625,-13.577804,-26.4282,22.854773,-27.5269,-14.968944,-27.771,-11.827768
392.7,-27.8625,-13.56439,-26.4282,22.624872,-27.5269,-14.958782,-27.8015,-11.820291
392.79999999999995,-27.9541,-13.550967,-26.4587,22.360914,-27.5574,-14.948622,-27.7405,-11.812838
392.90000000000003,-27.9541,-13.537535,-26.4587,22.065325,-27.5879,-14.938463,-27.8015,-11.8054085
393.0,-27.8931,-13.524093,-26.4282,21.740559,-27.6184,-14.928306,-27.771,-11.798004
393.1,-27.9236,-13.51064,-26.4587,21.389055,-27.6794,-14.918149,-27.771,-11.790625
393.2,-27.9236,-13.497178,-26.4587,21.013208,-27.5879,-14.907993,-27.771,-11.783271
393.29999999999995,-27.8931,-13.4837055,-26.4893,20.615334,-27.5879,-14.897839,-27.8015,-11.775942
393.40000000000003,-27.9236,-13.470223,-26.4587,20.197636,-27.6184,-14.887686,-27.8015,-11.768639
393.5,-27.9236,-13.456731,-26.4893,19.762196,-27.6184,-14.877534,-27.8015,-11.76136
393.6,-27.8931,-13.443229,-26.4893,19.310951,-27.5879,-14.867383,-27.771,-11.754107
393.7,-27.9541,-13.429716,-26.4893,18.84568,-27.5879,-14.857233,-27.8015,-11.746881
393.8,-27.9236,-13.416193,-26.5198,18.368002,-27.6489,-14.847085,-27.771,-11.73968
393.9,-27.8931,-13.40266,-26.4893,17.879364,-27.5879,-14.836938,-27.771,-11.732506
394.0,-27.8931,-13.389117,-26.4587,17.381046,-27.5269,-14.826792,-27.771,-11.725358
394.1,-27.9236,-13.375564,-26.5198,16.874165,-27.5269,-14.816648,-27.8015,-11.718237
394.2,-27.9236,-13.3619995,-26.4587,16.35967,-27.5879,-14.806504,-27.8015,-11.7111435
394.3,-27.8931,-13.348425,-26.4587,15.83836,-27.5879,-14.796362,-27.8015,-11.704077
394.4,-27.8931,-13.33484,-26.5503,15.310881,-27.6184,-14.7862215,-27.8015,-11.697038
394.5,-27.8931,-13.321243,-26.4893,14.7777405,-27.6184,-14.776082,-27.8015,-11.690025
394.6,-27.9236,-13.307636,-26.4893,14.239319,-27.5879,-14.7659445,-27.832,-11.683041
394.7,-27.8931,-13.294019,-26.5198,13.695874,-27.5269,-14.755808,-27.8015,-11.6760845
394.8,-27.9541,-13.28039,-26.5198,13.147555,-27.5269,-14.745673,-27.832,-11.669156
394.9,-27.8931,-13.26675,-26.5198,12.594411,-27.5574,-14.735539,-27.832,-11.662256
395.0,-27.9236,-13.253099,-26.4893,12.0364,-27.5879,-14.725408,-27.8015,-11.655385
395.1,-27.9236,-13.239438,-26.4893,11.473402,-27.5879,-14.715277,-27.8015,-11.648542
395.2,-27.9541,-13.225765,-26.5198,10.905228,-27.5269,-14.705148,-27.832,-11.641728
395.3,-27.9541,-13.212081,-26.5198,10.33163,-27.5574,-14.69502,-27.8015,-11.634944
395.4,-27.9846,-13.198385,-26.5503,9.75231,-27.5879,-14.684894,-27.832,-11.628188
395.5,-27.9236,-13.184678,-26.4893,9.166932,-27.5879,-14.674769,-27.832,-11.621462
395.6,-28.0151,-13.170959,-26.5198,8.575134,-27.5574,-14.664646,-27.8625,-11.614766
395.7,-27.9846,-13.157229,-26.4893,7.9765368,-27.6184,-14.654525,-27.8625,-11.6081
395.8,-27.9846,-13.143488,-26.5198,7.3707566,-27.5879,-14.644404,-27.8625,-11.601464
395.9,-27.9846,-13.129735,-26.5503,6.7574205,-27.6184,-14.634286,-27.832,-11.594859
396.0,-27.9541,-13.11597,-26.4893,6.136178,-27.5879,-14.624169,-27.8625,-11.5882845
396.1,-28.0151,-13.102193,-26.5808,5.5067167,-27.5879,-14.614055,-27.8625,-11.58174
396.2,-28.0151,-13.088404,-26.5198,4.868778,-27.6184,-14.603941,-27.8625,-11.575228
396.3,-28.0151,-13.074603,-26.5198,4.2221775,-27.6184,-14.593829,-27.832,-11.568747
396.4,-27.9846,-13.06079,-26.4893,3.5668185,-27.6489,-14.583719,-27.832,-11.562297
396.5,-27.9541,-13.046965,-26.5198,2.9027119,-27.5574,-14.573611,-27.8931,-11.555879
396.6,-27.9541,-13.033128,-26.5198,2.2299898,-27.5879,-14.563504,-27.8625,-11.549493
396.7,-27.9846,-13.019279,-26.5503,1.5489165,-27.6184,-14.553399,-27.8625,-11.5431385
396.8,-27.9236,-13.005417,-26.5503,0.8598962,-27.6184,-14.543296,-27.8625,-11.536817
396.9,-27.9846,-12.991542,-26.5808,0.16347468,-27.6184,-14.533195,-27.9236,-11.530528
397.0,-27.9541,-12.977654,-26.5503,-0.5396638,-27.5574,-14.523095,-27.8931,-11.524272
397.1,-27.9541,-12.963755,-26.5503,-1.2486985,-27.5574,-14.512998,-27.8931,-11.518049
397.2,-27.9236,-12.949842,-26.5198,-1.9626752,-27.6184,-14.502902,-27.8625,-11.51186
397.3,-27.9236,-12.935917,-26.5198,-2.6805062,-27.6184,-14.492808,-27.8625,-11.505704
397.4,-27.9541,-12.921979,-26.5198,-3.40097,-27.5879,-14.482717,-27.832,-11.499582
397.5,-27.9846,-12.908028,-26.4893,-4.122713,-27.6184,-14.472627,-27.8931,-11.493495
397.6,-27.9846,-12.894063,-26.5198,-4.844259,-27.5879,-14.462539,-27.8625,-11.487442
397.7,-27.9846,-12.880085,-26.5198,-5.564022,-27.5879,-14.452453,-27.8931,-11.481423
397.8,-27.9846,-12.866094,-26.4893,-6.2803326,-27.6794,-14.4423685,-27.8931,-11.47544
397.9,-27.9846,-12.852089,-26.5503,-6.9914637,-27.6184,-14.432286,-27.8931,-11.469491
398.0,-27.9846,-12.838071,-26.5808,-7.695666,-27.5879,-14.422206,-27.8931,-11.463577
398.1,-27.9541,-12.824039,-26.5808,-8.391203,-27.5879,-14.4121275,-27.8625,-11.4577
398.2,-27.9846,-12.809995,-26.5503,-9.076388,-27.6184,-14.402051,-27.8625,-11.451858
398.3,-27.9846,-12.795936,-26.5503,-9.7496195,-27.6184,-14.391977,-27.8931,-11.446052
398.4,-28.0151,-12.781863,-26.6113,-10.409409,-27.6489,-14.381906,-27.8931,-11.440282
398.5,-27.9846,-12.7677765,-26.6113,-11.054407,-27.6184,-14.371836,-27.8931,-11.434549
398.6,-27.9846,-12.753675,-26.6113,-11.683426,-27.6489,-14.361768,-27.8931,-11.428853
398.7,-27.9846,-12.73956,-26.6113,-12.29545,-27.6489,-14.351702,-27.8625,-11.423194
398.8,-27.9846,-12.7254305,-26.5503,-12.889643,-27.6794,-14.341639,-27.8931,-11.417573
398.9,-27.9846,-12.711287,-26.5503,-13.465345,-27.6489,-14.331577,-27.8931,-11.411989
399.0,-27.9541,-12.697128,-26.5808,-14.022077,-27.6184,-14.321518,-27.8625,-11.406444
399.1,-28.0151,-12.682956,-26.5503,-14.559522,-27.6184,-14.311461,-27.8625,-11.400936
399.2,-28.0151,-12.668768,-26.5503,-15.077518,-27.6184,-14.301407,-27.9236,-11.395467
399.3,-27.9541,-12.654566,-26.5198,-15.576047,-27.6489,-14.291355,-27.9236,-11.390037
399.4,-27.9236,-12.640348,-26.5808,-16.055212,-27.6489,-14.281305,-27.9541,-11.384645
399.5,-27.9236,-12.626116,-26.6113,-16.515224,-27.6184,-14.271257,-27.9541,-11.379293
399.6,-27.9541,-12.611868,-26.5503,-16.956388,-27.5879,-14.261212,-27.9236,-11.3739805
399.7,-27.9846,-12.597605,-26.5198,-17.379086,-27.6184,-14.251169,-27.9236,-11.368708
399.8,-27.9541,-12.583326,-26.5808,-17.78376,-27.6184,-14.241129,-27.9236,-11.363475
399.9,-28.0151,-12.569033,-26.5808,-18.170906,-27.6489,-14.2310915,-27.9541,-11.358282
400.0,-27.9846,-12.554724,-26.5808,-18.541054,-27.6184,-14.221056,-27.9541,-11.35313
400.1,-28.0151,-12.540399,-26.5808,-18.89476,-27.6489,-14.211023,-27.9541,-11.34802
400.2,-27.9541,-12.526058,-26.5808,-19.232601,-27.5879,-14.200993,-27.9541,-11.34295
400.3,-27.9236,-12.511702,-26.6113,-19.555162,-27.6489,-14.190965,-27.9541,-11.337922
400.4,-27.9236,-12.497329,-26.5503,-19.863035,-27.6184,-14.18094,-27.9541,-11.332935
400.5,-27.8625,-12.48294,-26.5198,-20.156805,-27.6184,-14.170917,-27.9846,-11.327991
400.6,-27.9846,-12.468534,-26.5808,-20.437056,-27.6489,-14.160896,-27.9846,-11.323089
400.7,-27.9846,-12.454112,-26.6418,-20.70436,-27.6184,-14.150879,-28.0151,-11.318229
400.8,-27.9846,-12.439673,-26.5808,-20.959274,-27.6184,-14.140864,-27.9541,-11.313412
400.9,-27.9541,-12.425218,-26.6113,-21.202347,-27.6489,-14.130853,-27.9541,-11.308639
401.0,-27.9846,-12.410746,-26.5503,-21.434107,-27.6184,-14.120843,-27.9541,-11.303908
401.1,-27.9846,-12.396256,-26.6113,-21.655066,-27.6489,-14.110836,-27.9236,-11.299222
401.2,-27.9846,-12.38175,-26.6113,-21.865717,-27.71,-14.100832,-27.9541,-11.29458
401.3,-27.9236,-12.367227,-26.6418,-22.066536,-27.6794,-14.090831,-27.9236,-11.289983
401.4,-27.9541,-12.352686,-26.6724,-22.257978,-27.6794,-14.0808325,-27.9541,-11.28543
401.5,-27.9846,-12.338127,-26.6113,-22.440481,-27.6794,-14.070837,-27.9846,-11.280922
401.6,-27.9846,-12.323551,-26.6113,-22.614466,-27.6489,-14.060844,-28.0151,-11.27646
401.7,-27.9541,-12.308957,-26.6418,-22.78033,-27.6489,-14.050855,-27.9846,-11.272042
401.8,-27.9846,-12.294345,-26.6418,-22.93846,-27.6489,-14.040868,-27.9541,-11.267671
401.9,-28.0151,-12.279715,-26.6724,-23.089216,-27.6489,-14.030884,-27.9846,-11.263346
402.0,-27.9846,-12.265066,-26.6724,-23.23295,-27.6794,-14.020903,-27.9236,-11.259068
402.1,-27.9846,-12.250399,-26.7029,-23.369993,-27.6489,-14.010924,-27.9541,-11.254836
402.2,-27.9846,-12.235713,-26.6724,-23.500664,-27.6489,-14.00095,-27.9541,-11.250651
402.3,-28.0151,-12.221008,-26.6724,-23.625261,-27.6794,-13.990978,-27.9846,-11.246514
402.4,-28.0151,-12.206285,-26.7334,-23.744072,-27.6794,-13.9810095,-27.9846,-11.242425
402.5,-28.0762,-12.191544,-26.7029,-23.857368,-27.6489,-13.971044,-28.0151,-11.238383
402.6,-28.0457,-12.176782,-26.7029,-23.96541,-27.6489,-13.9610815,-27.9846,-11.23439
402.7,-28.0762,-12.162001,-26.6724,-24.068445,-27.6794,-13.951122,-28.0151,-11.230446
402.8,-28.1067,-12.147201,-26.6724,-24.166708,-27.6794,-13.941166,-27.9846,-11.22655
402.9,-28.0457,-12.1323805,-26.7334,-24.260422,-27.71,-13.931213,-27.9846,-11.222704
403.0,-28.0762,-12.11754,-26.6724,-24.349798,-27.771,-13.921264,-28.0151,-11.218907
403.1,-28.0762,-12.10268,-26.6724,-24.435038,-27.6794,-13.911317,-28.0151,-11.21516
403.2,-28.0457,-12.0878,-26.7334,-24.516333,-27.71,-13.901374,-27.9846,-11.211464
403.3,-28.0762,-12.0729,-26.6724,-24.593866,-27.6794,-13.891434,-27.9541,-11.207818
403.4,-28.0457,-12.057979,-26.6724,-24.667812,-27.6794,-13.881497,-27.9541,-11.204224
403.5,-28.0151,-12.043036,-26.6418,-24.738335,-27.6489,-13.871564,-27.9541,-11.20068
403.6,-28.0457,-12.028073,-26.7029,-24.805588,-27.71,-13.861634,-27.9541,-11.197187
403.7,-28.0457,-12.013089,-26.7029,-24.869724,-27.71,-13.851708,-27.9846,-11.1937475
403.8,-28.0151,-11.998084,-26.7334,-24.930883,-27.71,-13.841785,-28.0151,-11.190359
403.9,-28.0457,-11.983058,-26.7334,-24.989199,-27.6794,-13.831866,-27.9846,-11.187024
404.0,-28.0151,-11.96801,-26.7334,-25.0448,-27.6794,-13.821951,-27.9846,-11.183742
404.1,-28.0457,-11.95294,-26.7639,-25.097809,-27.71,-13.812038,-28.0151,-11.180512
404.2,-27.9846,-11.937848,-26.7334,-25.148342,-27.71,-13.80213,-28.0151,-11.177337
404.3,-28.0151,-11.922734,-26.7334,-25.196508,-27.6794,-13.792225,-28.0151,-11.174214
404.4,-28.0457,-11.907598,-26.7334,-25.242413,-27.6489,-13.782324,-27.9541,-11.171146
404.5,-28.0151,-11.892438,-26.7334,-25.286156,-27.6489,-13.772427,-27.9541,-11.168133
404.6,-28.0151,-11.877255,-26.7029,-25.327831,-27.6794,-13.762533,-27.9846,-11.1651745
404.7,-28.0762,-11.86205,-26.7334,-25.36753,-27.6489,-13.752644,-27.9846,-11.1622715
404.8,-28.0457,-11.846822,-26.7334,-25.40534,-27.6489,-13.742758,-28.0151,-11.159424
404.9,-28.0457,-11.83157,-26.7639,-25.44134,-27.6794,-13.732876,-28.0151,-11.156631
405.0,-28.0457,-11.816295,-26.7334,-25.475609,-27.6489,-13.722998,-27.9846,-11.153895
405.1,-28.0151,-11.800996,-26.7639,-25.508223,-27.71,-13.713123,-27.9541,-11.1512165
405.2,-28.0151,-11.785672,-26.7639,-25.539251,-27.6794,-13.703253,-28.0151,-11.148594
405.3,-28.0457,-11.770325,-26.8249,-25.568762,-27.6184,-13.693386,-27.9541,-11.1460285
405.4,-28.0457,-11.754952,-26.7944,-25.596819,-27.6794,-13.683523,-27.9846,-11.14352
405.5,-28.0762,-11.739555,-26.8249,-25.623484,-27.6184,-13.673665,-27.9846,-11.14107
405.6,-28.0151,-11.7241335,-26.7944,-25.648815,-27.6489,-13.663811,-28.0151,-11.138679
405.7,-28.0151,-11.708686,-26.8249,-25.672869,-27.6489,-13.65396,-27.9846,-11.136346
405.8,-28.0457,-11.693213,-26.7639,-25.695698,-27.6489,-13.644114,-27.9846,-11.134071
405.9,-28.0457,-11.677715,-26.7639,-25.717354,-27.6489,-13.634272,-27.9846,-11.131856
406.0,-28.1067,-11.662191,-26.7944,-25.737885,-27.6794,-13.6244335,-27.9846,-11.129701
406.1,-28.0762,-11.646641,-26.7944,-25.757336,-27.6794,-13.6146,-27.9541,-11.127605
406.2,-28.0762,-11.631063,-26.7639,-25.775751,-27.6794,-13.604771,-27.9846,-11.12557
406.3,-28.0457,-11.615459,-26.7029,-25.793173,-27.6489,-13.594946,-28.0151,-11.123596
406.4,-28.0457,-11.599829,-26.7639,-25.809643,-27.6184,-13.585125,-27.9541,-11.121682
406.5,-28.0762,-11.584171,-26.8555,-25.825197,-27.6794,-13.575309,-28.0151,-11.11983
406.6,-28.0762,-11.568486,-26.7639,-25.839874,-27.7405,-13.565496,-28.0151,-11.118039
406.7,-28.0762,-11.552773,-26.7944,-25.853708,-27.71,-13.555689,-27.9846,-11.11631
406.8,-28.0762,-11.537032,-26.8249,-25.866732,-27.6794,-13.545886,-27.9846,-11.114644
406.9,-28.1067,-11.521263,-26.8555,-25.878977,-27.6489,-13.536088,-27.9846,-11.113041
407.0,-28.0762,-11.5054655,-26.8249,-25.890476,-27.6184,-13.526294,-27.9541,-11.111501
407.1,-28.0762,-11.489639,-26.8249,-25.901257,-27.6489,-13.516504,-27.9846,-11.1100235
407.2,-28.0457,-11.4737835,-26.8249,-25.911346,-27.6489,-13.50672,-27.9541,-11.10861
407.3,-28.0457,-11.457898,-26.8249,-25.920773,-27.6184,-13.49694,-27.9846,-11.107261
407.4,-28.1067,-11.441983,-26.8249,-25.929562,-27.6489,-13.4871645,-27.9846,-11.105976
407.5,-28.0457,-11.426039,-26.8555,-25.937737,-27.6184,-13.477394,-27.9846,-11.104755
407.6,-28.0457,-11.410064,-26.8249,-25.945322,-27.6184,-13.4676285,-27.9846,-11.1036005
407.7,-28.0762,-11.394058,-26.8555,-25.95234,-27.5879,-13.457868,-27.9846,-11.10251
407.8,-28.1067,-11.378022,-26.8249,-25.95881,-27.6489,-13.448112,-27.9846,-11.101486
407.9,-28.1067,-11.361955,-26.8555,-25.964756,-27.6489,-13.43836,-27.9846,-11.100529
408.0,-28.1067,-11.345856,-26.886,-25.970194,-27.6489,-13.428615,-28.0151,-11.099637
408.1,-28.1067,-11.329724,-26.8249,-25.975145,-27.6489,-13.418874,-28.0151,-11.098812
408.2,-28.1067,-11.313561,-26.8249,-25.979626,-27.6489,-13.409138,-28.0151,-11.098055
408.3,-28.1067,-11.297366,-26.8555,-25.983654,-27.6184,-13.399406,-27.9846,-11.097365
408.4,-28.1372,-11.281137,-26.8555,-25.987247,-27.5879,-13.389681,-28.0457,-11.096744
408.5,-28.1372,-11.264876,-26.8249,-25.990421,-27.6489,-13.37996,-28.0151,-11.0961895
408.6,-28.1372,-11.248581,-26.8249,-25.993189,-27.6184,-13.370245,-27.9846,-11.095704
408.7,-28.1372,-11.232252,-26.8555,-25.995567,-27.6489,-13.360535,-27.9846,-11.095287
408.8,-28.1372,-11.215889,-26.8555,-25.997568,-27.6489,-13.35083,-28.0151,-11.09494
408.9,-28.1372,-11.1994915,-26.8249,-25.999207,-27.6794,-13.34113,-28.0151,-11.094663
409.0,-28.1067,-11.183059,-26.8555,-26.000494,-27.6794,-13.331436,-28.0151,-11.094455
409.1,-28.1677,-11.166591,-26.8555,-26.001444,-27.6794,-13.321748,-27.9846,-11.094317
409.2,-28.1677,-11.150087,-26.8555,-26.002068,-27.71,-13.312064,-28.0457,-11.094251
409.3,-28.1677,-11.133548,-26.8555,-26.002377,-27.6184,-13.302386,-27.9541,-11.0942545
409.4,-28.1677,-11.116972,-26.8555,-26.002382,-27.6794,-13.292714,-27.9541,-11.09433
409.5,-28.1372,-11.100359,-26.9165,-26.002094,-27.6794,-13.283048,-28.0151,-11.094477
409.6,-28.1677,-11.083709,-26.886,-26.001522,-27.6794,-13.273387,-27.9541,-11.094695
409.7,-28.1372,-11.067021,-26.886,-26.000675,-27.6489,-13.263732,-28.0151,-11.094986
409.8,-28.1372,-11.050296,-26.886,-25.999565,-27.71,-13.254083,-27.9846,-11.095349
409.9,-28.1677,-11.033532,-26.886,-25.9982,-27.6489,-13.244439,-27.9846,-11.095785
410.0,-28.1677,-11.016729,-26.886,-25.996586,-27.6489,-13.234801,-28.0151,-11.096294
410.1,-28.1677,-10.999887,-26.8555,-25.994734,-27.6489,-13.225169,-27.9846,-11.096877
410.2,-28.1982,-10.983006,-26.886,-25.99265,-27.6184,-13.215543,-28.0457,-11.097533
410.3,-28.1982,-10.966084,-26.8555,-25.990341,-27.6489,-13.205923,-28.0151,-11.098264
410.4,-28.1982,-10.9491205,-26.9165,-25.987818,-27.6794,-13.196309,-28.0762,-11.099069
410.5,-28.1677,-10.9321165,-26.9165,-25.985085,-27.6489,-13.186701,-28.0151,-11.099949
410.6,-28.1677,-10.9150715,-26.9165,-25.982147,-27.6794,-13.177099,-28.0457,-11.1009035
410.7,-28.2288,-10.8979845,-26.886,-25.979015,-27.6489,-13.167503,-28.0457,-11.1019335
410.8,-28.1982,-10.880855,-26.947,-25.975693,-27.6184,-13.157914,-28.0151,-11.10304
410.9,-28.1982,-10.863682,-26.9165,-25.972185,-27.6794,-13.148331,-28.0151,-11.104221
411.0,-28.2288,-10.846466,-26.9165,-25.9685,-27.6489,-13.138754,-28.0151,-11.105479
411.1,-28.1982,-10.829206,-26.9165,-25.964643,-27.6794,-13.129184,-27.9846,-11.106814
411.2,-28.1982,-10.811902,-26.947,-25.960619,-27.6184,-13.11962,-27.9846,-11.108226
411.3,-28.2288,-10.794553,-26.947,-25.956432,-27.6489,-13.110063,-28.0151,-11.1097145
411.4,-28.2288,-10.777159,-26.947,-25.952087,-27.6184,-13.100512,-28.0457,-11.111281
411.5,-28.1982,-10.759719,-26.947,-25.94759,-27.6489,-13.090967,-28.0457,-11.112926
411.6,-28.2288,-10.742232,-26.9165,-25.942945,-27.6489,-13.0814295,-28.0457,-11.114648
411.7,-28.1982,-10.724699,-26.947,-25.938156,-27.6184,-13.071898,-27.9846,-11.116448
411.8,-28.2593,-10.707118,-26.9165,-25.933228,-27.6184,-13.062374,-27.9846,-11.118328
411.9,-28.2593,-10.689488,-26.947,-25.928165,-27.6489,-13.052856,-28.0151,-11.120286
412.0,-28.1982,-10.67181,-26.9165,-25.922972,-27.6794,-13.043345,-28.0151,-11.122324
412.1,-28.2288,-10.654083,-26.9165,-25.91765,-27.6489,-13.033842,-28.0151,-11.124441
412.2,-28.2593,-10.636306,-26.886,-25.912205,-27.6489,-13.024345,-27.9846,-11.126638
412.3,-28.2288,-10.618479,-26.886,-25.90664,-27.6489,-13.014855,-28.0457,-11.128915
412.4,-28.2593,-10.6006,-26.947,-25.900957,-27.6184,-13.005373,-28.0762,-11.131272
412.5,-28.2288,-10.58267,-26.947,-25.89516,-27.6489,-12.995897,-28.0151,-11.13371
412.6,-28.1677,-10.564688,-26.947,-25.889256,-27.6489,-12.986429,-28.0457,-11.136229
412.7,-28.2593,-10.546653,-26.9165,-25.883244,-27.6489,-12.976968,-28.0457,-11.138828
412.8,-28.2593,-10.528564,-26.9165,-25.877127,-27.6184,-12.967514,-28.0151,-11.141509
412.9,-28.2593,-10.510422,-26.9775,-25.870909,-27.71,-12.958068,-28.0151,-11.144272
413.0,-28.2593,-10.492224,-27.0081,-25.864592,-27.6794,-12.948628,-28.0457,-11.147117
413.1,-28.2593,-10.47397,-26.947,-25.85818,-27.6794,-12.939197,-28.0151,-11.1500435
413.2,-28.2898,-10.455661,-26.9165,-25.851673,-27.6794,-12.929772,-28.0457,-11.153052
413.3,-28.2288,-10.437295,-26.886,-25.845076,-27.6489,-12.920356,-28.0457,-11.156144
413.4,-28.2593,-10.418871,-27.0081,-25.83839,-27.6794,-12.910947,-28.0457,-11.159318
413.5,-28.2288,-10.400389,-26.947,-25.83162,-27.6184,-12.901546,-28.0457,-11.162575
413.6,-28.2593,-10.381847,-27.0081,-25.824764,-27.6184,-12.892152,-28.0457,-11.1659155
413.7,-28.2898,-10.363247,-26.947,-25.817827,-27.6489,-12.882767,-28.0457,-11.169339
413.8,-28.2288,-10.344585,-26.947,-25.81081,-27.6489,-12.873389,-28.0457,-11.172847
413.9,-28.2593,-10.325863,-26.947,-25.803715,-27.6794,-12.864019,-28.0151,-11.176438
414.0,-28.2593,-10.307078,-26.9775,-25.796545,-27.71,-12.854658,-28.0762,-11.180114
414.1,-28.2898,-10.288231,-26.9775,-25.7893,-27.6794,-12.8453045,-28.0457,-11.183873
414.2,-28.3203,-10.26932,-26.9165,-25.781984,-27.6489,-12.835959,-28.0762,-11.187717
414.3,-28.2593,-10.250344,-26.947,-25.7746,-27.6489,-12.826622,-28.0457,-11.191647
414.4,-28.2898,-10.231303,-26.9775,-25.767145,-27.6489,-12.817293,-28.0457,-11.19566
414.5,-28.2898,-10.212196,-26.9775,-25.759624,-27.6184,-12.807973,-28.0457,-11.199759
414.6,-28.2898,-10.193023,-26.947,-25.752037,-27.6489,-12.79866,-28.1067,-11.203942
414.7,-28.2898,-10.17378,-26.9165,-25.744387,-27.6489,-12.789356,-28.1067,-11.208211
414.8,-28.2593,-10.1544695,-26.9775,-25.736675,-27.71,-12.780061,-28.0457,-11.212565
414.9,-28.2593,-10.135089,-26.9165,-25.728903,-27.6794,-12.770774,-28.0457,-11.217006
415.0,-28.2898,-10.115638,-26.947,-25.721071,-27.71,-12.761496,-28.0457,-11.221532
415.1,-28.2898,-10.096115,-27.0081,-25.71318,-27.7405,-12.752226,-28.0457,-11.226144
415.2,-28.2593,-10.07652,-26.9775,-25.705235,-27.7405,-12.742966,-28.1067,-11.230842
415.3,-28.2593,-10.056851,-26.9165,-25.697233,-27.7405,-12.733714,-28.1067,-11.235626
415.4,-28.2898,-10.037108,-26.9775,-25.689177,-27.771,-12.724471,-28.0762,-11.240497
415.5,-28.3203,-10.01729,-26.947,-25.681068,-27.71,-12.715238,-28.1067,-11.245454
415.6,-28.2898,-9.9973955,-26.9775,-25.672909,-27.71,-12.706013,-28.1067,-11.250498
415.7,-28.2593,-9.977423,-26.947,-25.664698,-27.7405,-12.696797,-28.0762,-11.255629
415.8,-28.2898,-9.957372,-26.947,-25.656437,-27.771,-12.687592,-28.0762,-11.260846
415.9,-28.2898,-9.937241,-26.947,-25.648129,-27.7405,-12.678394,-28.1067,-11.26615
416.0,-28.3203,-9.917029,-26.9165,-25.639772,-27.8015,-12.669207,-28.1067,-11.271542
416.1,-28.2898,-9.896736,-26.947,-25.63137,-27.7405,-12.660028,-28.1067,-11.2770195
416.2,-28.2593,-9.87636,-26.9775,-25.622923,-27.71,-12.65086,-28.1067,-11.282585
416.3,-28.2593,-9.8559,-26.9775,-25.614431,-27.7405,-12.641701,-28.0762,-11.288238
416.4,-28.2593,-9.835354,-27.0081,-25.605896,-27.7405,-12.632551,-28.1067,-11.293978
416.5,-28.2593,-9.814721,-27.0081,-25.597319,-27.771,-12.623411,-28.1372,-11.299805
416.6,-28.2288,-9.794001,-26.9775,-25.5887,-27.771,-12.614282,-28.1372,-11.305719
416.7,-28.3203,-9.773191,-27.0081,-25.580038,-27.7405,-12.605162,-28.1372,-11.311721
416.8,-28.3203,-9.752292,-27.0081,-25.571337,-27.771,-12.596052,-28.1372,-11.31781
416.9,-28.2288,-9.7313,-27.0081,-25.562597,-27.771,-12.586952,-28.1372,-11.323987
417.0,-28.3203,-9.7102165,-27.0081,-25.55382,-27.7405,-12.577863,-28.1067,-11.330252
417.1,-28.2593,-9.689038,-27.0081,-25.545004,-27.771,-12.568783,-28.1067,-11.336604
417.2,-28.2593,-9.667764,-27.0081,-25.536152,-27.771,-12.559713,-28.1677,-11.343043
417.3,-28.2898,-9.646393,-27.0386,-25.527262,-27.8015,-12.550654,-28.1067,-11.34957
417.4,-28.2593,-9.624924,-27.0691,-25.518337,-27.8015,-12.541606,-28.1067,-11.356185
417.5,-28.3203,-9.603354,-27.0081,-25.509377,-27.8015,-12.532568,-28.1372,-11.362887
417.6,-28.2593,-9.581684,-27.0386,-25.500383,-27.832,-12.5235405,-28.1372,-11.369678
417.7,-28.2593,-9.559911,-27.0081,-25.491356,-27.8015,-12.5145235,-28.1677,-11.3765545
417.8,-28.2593,-9.538033,-27.0691,-25.482296,-27.771,-12.505518,-28.1067,-11.383519
417.9,-28.2593,-9.516048,-27.0081,-25.473202,-27.8015,-12.496523,-28.1067,-11.390572
418.0,-28.2898,-9.493957,-27.0386,-25.464077,-27.8015,-12.487539,-28.1372,-11.397711
418.1,-28.2288,-9.471756,-27.0081,-25.45492,-27.8015,-12.478566,-28.1372,-11.404938
418.2,-28.2288,-9.449444,-27.0691,-25.445732,-27.8015,-12.4696045,-28.1677,-11.412251
418.3,-28.2898,-9.427019,-27.0691,-25.436514,-27.8015,-12.460654,-28.1372,-11.419652
418.4,-28.2898,-9.404481,-27.0691,-25.427267,-27.832,-12.4517145,-28.1372,-11.42714
418.5,-28.3203,-9.381826,-27.1301,-25.417992,-27.7405,-12.442786,-28.1372,-11.434715
418.6,-28.2898,-9.359054,-27.0386,-25.408688,-27.771,-12.433869,-28.1067,-11.442377
418.7,-28.2898,-9.336162,-27.0081,-25.399355,-27.8015,-12.424964,-28.1067,-11.450126
418.8,-28.3203,-9.3131485,-27.0386,-25.389994,-27.771,-12.416071,-28.1372,-11.457961
418.9,-28.3203,-9.290011,-27.0081,-25.380606,-27.8015,-12.407189,-28.1372,-11.465882
419.0,-28.3508,-9.266749,-26.9775,-25.371191,-27.771,-12.398319,-28.1067,-11.47389
419.09999999999997,-28.3203,-9.24336,-27.0081,-25.36175,-27.771,-12.3894615,-28.1372,-11.481984
419.20000000000005,-28.2898,-9.21984,-27.0386,-25.352282,-27.8015,-12.380615,-28.1677,-11.490164
419.3,-28.2898,-9.19619,-27.0386,-25.342789,-27.8015,-12.371781,-28.2288,-11.49843
419.4,-28.2898,-9.172406,-27.0996,-25.333271,-27.771,-12.36296,-28.1677,-11.506782
419.5,-28.3203,-9.148486,-27.0386,-25.323729,-27.8015,-12.354151,-28.1677,-11.515219
419.59999999999997,-28.3203,-9.124429,-27.0081,-25.314161,-27.8015,-12.345354,-28.1677,-11.523742
419.70000000000005,-28.2898,-9.100231,-27.0691,-25.304571,-27.771,-12.33657,-28.1372,-11.53235
419.8,-28.2898,-9.075891,-27.0996,-25.294956,-27.771,-12.327798,-28.1677,-11.541042
419.9,-28.2898,-9.051405,-27.0996,-25.285318,-27.8015,-12.319038,-28.1677,-11.54982
420.0,-28.3203,-9.0267725,-27.0386,-25.275658,-27.8015,-12.310292,-28.1677,-11.5586815
420.09999999999997,-28.3203,-9.00199,-27.0996,-25.265974,-27.8015,-12.3015585,-28.1372,-11.567628
420.20000000000005,-28.3203,-8.9770565,-27.0996,-25.25627,-27.7405,-12.292838,-28.1677,-11.576658
420.3,-28.2898,-8.951967,-27.0691,-25.246542,-27.771,-12.28413,-28.1677,-11.585772
420.4,-28.3203,-8.926721,-27.0996,-25.236794,-27.7405,-12.275435,-28.1982,-11.594969
420.5,-28.3203,-8.901315,-27.0691,-25.227024,-27.771,-12.266754,-28.1677,-11.604249
420.59999999999997,-28.3203,-8.875746,-27.0996,-25.217234,-27.7405,-12.258086,-28.1982,-11.613612
420.70000000000005,-28.3508,-8.850011,-27.1301,-25.207422,-27.832,-12.249432,-28.2288,-11.623058
420.8,-28.2593,-8.824108,-27.0996,-25.19759,-27.771,-12.240791,-28.1982,-11.6325865
420.9,-28.2898,-8.798034,-27.0996,-25.187738,-27.7405,-12.232164,-28.1982,-11.642197
421.0,-28.2898,-8.771786,-27.0996,-25.177866,-27.71,-12.223552,-28.1677,-11.651889
421.09999999999997,-28.2898,-8.74536,-27.0691,-25.167974,-27.7405,-12.214952,-28.1982,-11.661662
421.20000000000005,-28.2898,-8.718754,-27.0996,-25.158064,-27.7405,-12.2063675,-28.2288,-11.671516
421.3,-28.2898,-8.691964,-27.0996,-25.148134,-27.6794,-12.197797,-28.2288,-11.681452
421.4,-28.3203,-8.664988,-27.0996,-25.138186,-27.71,-12.18924,-28.2288,-11.691467
421.5,-28.2288,-8.637821,-27.1301,-25.12822,-27.71,-12.180698,-28.2593,-11.701563
421.59999999999997,-28.2593,-8.610461,-27.1301,-25.118235,-27.771,-12.172171,-28.1982,-11.711738
421.70000000000005,-28.2593,-8.582904,-27.0996,-25.108232,-27.771,-12.163657,-28.1982,-11.721992
421.8,-28.2898,-8.555146,-27.0691,-25.098211,-27.771,-12.155158,-28.2288,-11.732325
421.9,-28.2898,-8.527184,-27.1301,-25.088173,-27.8625,-12.146674,-28.1982,-11.742736
422.0,-28.2593,-8.499013,-27.0996,-25.078117,-27.8015,-12.138206,-28.1982,-11.753225
422.09999999999997,-28.2898,-8.470631,-27.0996,-25.068045,-27.771,-12.129751,-28.1982,-11.763792
422.20000000000005,-28.3203,-8.442033,-27.1301,-25.057955,-27.8015,-12.121312,-28.1677,-11.774436
422.3,-28.3508,-8.413215,-27.1606,-25.04785,-27.8015,-12.112888,-28.1372,-11.785157
422.4,-28.3508,-8.384172,-27.1912,-25.037727,-27.771,-12.10448,-28.1982,-11.795955
422.5,-28.2898,-8.354902,-27.1606,-25.02759,-27.7405,-12.096087,-28.1982,-11.806828
422.59999999999997,-28.2898,-8.325399,-27.1606,-25.017435,-27.771,-12.08771,-28.2288,-11.817776
422.70000000000005,-28.2593,-8.29566,-27.1606,-25.007265,-27.832,-12.079349,-28.2288,-11.828799
422.8,-28.2898,-8.265678,-27.1606,-24.99708,-27.771,-12.071003,-28.1982,-11.839897
422.9,-28.3203,-8.235451,-27.1912,-24.98688,-27.7405,-12.062674,-28.1982,-11.8510685
423.0,-28.2898,-8.204972,-27.1912,-24.976664,-27.7405,-12.05436,-28.1982,-11.862313
423.09999999999997,-28.2898,-8.174238,-27.1912,-24.966433,-27.7405,-12.046063,-28.2288,-11.873631
423.20000000000005,-28.2593,-8.143243,-27.1606,-24.956186,-27.771,-12.037783,-28.2288,-11.88502
423.3,-28.2898,-8.111981,-27.1301,-24.945925,-27.7405,-12.029518,-28.1982,-11.896482
423.4,-28.2593,-8.080449,-27.1912,-24.93565,-27.7405,-12.021271,-28.1982,-11.908015
423.5,-28.2593,-8.04864,-27.1912,-24.92536,-27.771,-12.01304,-28.1677,-11.919619
423.59999999999997,-28.3203,-8.016549,-27.1912,-24.915056,-27.771,-12.004826,-28.1677,-11.931293
423.70000000000005,-28.3508,-7.98417,-27.1912,-24.90474,-27.771,-11.996629,-28.1982,-11.943036
423.8,-28.2593,-7.951497,-27.1912,-24.894407,-27.832,-11.988449,-28.1982,-11.954848
423.9,-28.2593,-7.9185247,-27.1912,-24.884062,-27.771,-11.980287,-28.1372,-11.966729
424.0,-28.2288,-7.8852463,-27.1606,-24.873703,-27.8015,-11.972141,-28.1982,-11.978678
424.09999999999997,-28.3203,-7.8516555,-27.1606,-24.86333,-27.8625,-11.964013,-28.2288,-11.990693
424.20000000000005,-28.2898,-7.817746,-27.1606,-24.852945,-27.771,-11.955903,-28.2898,-12.002775
424.3,-28.3508,-7.783511,-27.1301,-24.842546,-27.771,-11.94781,-28.2288,-12.014923
424.4,-28.2898,-7.7489443,-27.0996,-24.832136,-27.8015,-11.939735,-28.2593,-12.027137
424.5,-28.2898,-7.714038,-27.1301,-24.821712,-27.8015,-11.931679,-28.2898,-12.039415
424.59999999999997,-28.2898,-7.678785,-27.1606,-24.811275,-27.7405,-11.92364,-28.2898,-12.051758
424.70000000000005,-28.2593,-7.643178,-27.2522,-24.800827,-27.771,-11.915621,-28.2593,-12.064163
424.8,-28.2288,-7.607209,-27.1912,-24.790365,-27.8015,-11.907619,-28.2288,-12.076632
424.9,-28.2288,-7.570871,-27.1606,-24.779892,-27.771,-11.899636,-28.2593,-12.089162
425.0,-28.2593,-7.5341554,-27.1606,-24.769407,-27.832,-11.891672,-28.2288,-12.101754
425.09999999999997,-28.2288,-7.4970536,-27.1912,-24.75891,-27.8015,-11.883727,-28.2593,-12.114407
425.20000000000005,-28.2593,-7.4595575,-27.1606,-24.7484,-27.832,-11.875801,-28.2898,-12.127119
425.3,-28.2288,-7.421658,-27.1912,-24.737879,-27.8015,-11.867894,-28.2288,-12.139891
425.4,-28.2288,-7.3833466,-27.1912,-24.727346,-27.832,-11.860006,-28.2288,-12.152721
425.5,-28.2593,-7.344613,-27.2217,-24.716803,-27.8015,-11.8521385,-28.2288,-12.16561
425.59999999999997,-28.2593,-7.3054485,-27.1912,-24.706247,-27.8015,-11.844291,-28.2898,-12.1785555
425.70000000000005,-28.2593,-7.265843,-27.2217,-24.69568,-27.832,-11.836462,-28.2898,-12.191558
425.8,-28.2898,-7.225786,-27.1912,-24.685104,-27.8015,-11.828653,-28.2898,-12.204616
425.9,-28.2898,-7.185268,-27.1912,-24.674517,-27.832,-11.820865,-28.2593,-12.217729
426.0,-28.2593,-7.144277,-27.2217,-24.663918,-27.832,-11.813097,-28.2898,-12.230895
426.09999999999997,-28.2898,-7.1028023,-27.1912,-24.653309,-27.8015,-11.805349,-28.2593,-12.244115
426.20000000000005,-28.2288,-7.0608325,-27.2217,-24.642689,-27.8625,-11.797623,-28.2593,-12.257388
426.3,-28.2288,-7.018356,-27.1912,-24.632057,-27.8015,-11.789916,-28.2593,-12.270713
426.4,-28.2288,-6.97536,-27.2522,-24.621416,-27.771,-11.78223,-28.2593,-12.284089
426.5,-28.2288,-6.9318323,-27.2217,-24.610765,-27.8015,-11.774566,-28.3203,-12.297515
426.59999999999997,-28.2288,-6.88776,-27.1912,-24.600103,-27.8015,-11.766923,-28.2288,-12.31099
426.70000000000005,-28.2593,-6.84313,-27.2217,-24.589432,-27.8015,-11.759301,-28.2898,-12.324515
426.8,-28.3203,-6.7979283,-27.2217,-24.57875,-27.771,-11.751701,-28.2593,-12.338088
426.9,-28.2593,-6.7521405,-27.2522,-24.56806,-27.7405,-11.7441225,-28.2898,-12.351707
427.0,-28.2898,-6.705752,-27.2522,-24.55736,-27.8015,-11.736566,-28.3203,-12.365374
427.09999999999997,-28.2593,-6.658747,-27.2522,-24.54665,-27.771,-11.729032,-28.3203,-12.379085
427.20000000000005,-28.2898,-6.611111,-27.2522,-24.53593,-27.771,-11.721519,-28.3508,-12.39284
427.3,-28.2593,-6.562827,-27.2827,-24.525202,-27.832,-11.714029,-28.3203,-12.40664
427.4,-28.1982,-6.513879,-27.2522,-24.514463,-27.8625,-11.706562,-28.3203,-12.420483
427.5,-28.2593,-6.4642487,-27.2217,-24.503716,-27.8625,-11.699118,-28.2898,-12.434367
427.59999999999997,-28.3508,-6.413919,-27.2522,-24.492958,-27.8015,-11.691696,-28.3203,-12.448294
427.70000000000005,-28.2898,-6.362871,-27.2827,-24.482191,-27.8015,-11.684298,-28.2898,-12.46226
427.8,-28.2593,-6.3110857,-27.2827,-24.471416,-27.8015,-11.676922,-28.3813,-12.476267
427.9,-28.2898,-6.2585435,-27.2827,-24.460632,-27.832,-11.66957,-28.3203,-12.490312
428.0,-28.2593,-6.2052236,-27.2827,-24.449839,-27.8015,-11.662242,-28.2898,-12.504395
428.09999999999997,-28.2898,-6.151105,-27.2827,-24.439037,-27.832,-11.654938,-28.2898,-12.518515
428.20000000000005,-28.2288,-6.0961657,-27.3437,-24.428226,-27.832,-11.647657,-28.3203,-12.532671
428.3,-28.2593,-6.040383,-27.2827,-24.417408,-27.8015,-11.640401,-28.3203,-12.546863
428.4,-28.2593,-5.983733,-27.3132,-24.40658,-27.8625,-11.633169,-28.2898,-12.561089
428.5,-28.2593,-5.9261923,-27.3437,-24.395744,-27.832,-11.625961,-28.3203,-12.575348
428.59999999999997,-28.3203,-5.8677344,-27.3437,-24.384901,-27.8625,-11.618778,-28.2898,-12.58964
428.70000000000005,-28.3508,-5.808334,-27.3437,-24.374048,-27.8625,-11.61162,-28.2898,-12.603963
428.8,-28.2898,-5.7479634,-27.3437,-24.363188,-27.8625,-11.604487,-28.2898,-12.618317
428.9,-28.2898,-5.686595,-27.3743,-24.35232,-27.8015,-11.59738,-28.3203,-12.632701
429.0,-28.3203,-5.624199,-27.3437,-24.341444,-27.8625,-11.590298,-28.3508,-12.647114
429.09999999999997,-28.2898,-5.5607452,-27.3437,-24.330559,-27.832,-11.583241,-28.3203,-12.661555
429.20000000000005,-28.3203,-5.4962025,-27.3132,-24.319666,-27.8625,-11.576211,-28.3203,-12.6760235
429.3,-28.2898,-5.4305377,-27.3132,-24.308765,-27.8625,-11.569206,-28.2898,-12.690518
429.4,-28.3203,-5.3637166,-27.3132,-24.297857,-27.8931,-11.562228,-28.2898,-12.705038
429.5,-28.3508,-5.2957044,-27.3437,-24.286942,-27.8931,-11.555276,-28.2898,-12.719583
429.59999999999997,-28.3203,-5.2264643,-27.3437,-24.276018,-27.8625,-11.54835,-28.2898,-12.734151
429.70000000000005,-28.3203,-5.155958,-27.3132,-24.265089,-27.9236,-11.541452,-28.3203,-12.748741
429.8,-28.3203,-5.0841465,-27.3743,-24.254152,-27.8931,-11.534581,-28.3508,-12.763353
429.9,-28.3203,-5.010988,-27.3132,-24.243208,-27.8931,-11.527737,-28.3508,-12.777987
430.0,-28.3203,-4.93644,-27.3743,-24.232256,-27.832,-11.52092,-28.2898,-12.79264
430.09999999999997,-28.3508,-4.8604574,-27.3437,-24.221296,-27.8625,-11.514131,-28.3203,-12.807312
430.20000000000005,-28.3508,-4.782994,-27.3437,-24.210331,-27.8931,-11.50737,-28.3203,-12.822002
430.3,-28.3508,-4.704001,-27.3132,-24.199358,-27.8625,-11.500637,-28.3203,-12.836709
430.4,-28.3508,-4.6234283,-27.3132,-24.188377,-27.8931,-11.493933,-28.3508,-12.851432
430.5,-28.3203,-4.5412235,-27.3743,-24.177391,-27.8931,-11.487256,-28.3203,-12.86617
430.59999999999997,-28.3508,-4.4573317,-27.3743,-24.166397,-27.8625,-11.480609,-28.3508,-12.880922
430.70000000000005,-28.3203,-4.371696,-27.4048,-24.155397,-27.8625,-11.47399,-28.3203,-12.895689
430.8,-28.3813,-4.2842565,-27.4048,-24.14439,-27.8625,-11.4674015,-28.3508,-12.910468
430.9,-28.3508,-4.1949515,-27.4048,-24.133377,-27.8625,-11.460841,-28.2898,-12.925259
431.0,-28.3508,-4.1037164,-27.4048,-24.122356,-27.8625,-11.45431,-28.3203,-12.94006
431.09999999999997,-28.3508,-4.0104837,-27.3743,-24.11133,-27.8625,-11.44781,-28.2898,-12.95487
431.20000000000005,-28.3813,-3.9151826,-27.4353,-24.100296,-27.8625,-11.4413395,-28.3813,-12.969689
431.3,-28.3508,-3.8177395,-27.4048,-24.089256,-27.9236,-11.434899,-28.3203,-12.984517
431.4,-28.3203,-3.7180777,-27.4048,-24.07821,-27.8931,-11.42849,-28.3203,-12.9993515
431.5,-28.3508,-3.6161168,-27.4048,-24.06716,-27.9541,-11.422111,-28.3203,-13.014192
431.59999999999997,-28.3508,-3.511773,-27.4048,-24.0561,-27.9236,-11.415762,-28.3203,-13.0290365
431.7,-28.3203,-3.404959,-27.4353,-24.045036,-27.8931,-11.409445,-28.3203,-13.043886
431.8,-28.3508,-3.2955828,-27.4048,-24.033966,-27.8625,-11.403159,-28.2898,-13.058739
431.90000000000003,-28.3813,-3.1835487,-27.4048,-24.02289,-27.8625,-11.396905,-28.2898,-13.073594
432.0,-28.3813,-3.0687568,-27.4048,-24.011808,-27.832,-11.390683,-28.3203,-13.08845
432.09999999999997,-28.3203,-2.9511027,-27.3743,-24.000721,-27.8625,-11.384493,-28.2898,-13.103308
432.2,-28.3508,-2.8304768,-27.3437,-23.989628,-27.9236,-11.378335,-28.3508,-13.118164
432.3,-28.3203,-2.7067645,-27.3743,-23.978529,-27.8625,-11.37221,-28.3203,-13.133019
432.40000000000003,-28.3508,-2.5798466,-27.3743,-23.967424,-27.9541,-11.3661175,-28.3508,-13.147872
432.5,-28.3813,-2.4495978,-27.3743,-23.956314,-27.9236,-11.360058,-28.3508,-13.162722
432.59999999999997,-28.3813,-2.3158872,-27.3437,-23.945198,-27.8625,-11.354032,-28.3813,-13.1775675
432.7,-28.4424,-2.178578,-27.3743,-23.934076,-27.8625,-11.34804,-28.3203,-13.192409
432.8,-28.3813,-2.037527,-27.4048,-23.922949,-27.9236,-11.342081,-28.3203,-13.207244
432.90000000000003,-28.3508,-1.892585,-27.3743,-23.911816,-27.8931,-11.336157,-28.3508,-13.222073
433.0,-28.3508,-1.7435955,-27.4048,-23.900677,-27.8931,-11.330267,-28.3203,-13.236894
433.09999999999997,-28.3508,-1.590395,-27.4048,-23.889532,-27.8625,-11.324411,-28.3508,-13.251706
433.2,-28.3203,-1.4328126,-27.4353,-23.878384,-27.8625,-11.31859,-28.3508,-13.266509
433.3,-28.3203,-1.27067,-27.4353,-23.86723,-27.8931,-11.312804,-28.3203,-13.2813015
433.40000000000003,-28.3203,-1.1037809,-27.3743,-23.85607,-27.8931,-11.307054,-28.2898,-13.296083
433.5,-28.3813,-0.93195057,-27.4048,-23.844904,-27.8931,-11.301339,-28.3508,-13.310853
433.59999999999997,-28.3813,-0.7549759,-27.4048,-23.833735,-27.9236,-11.29566,-28.3203,-13.325609
433.7,-28.3813,-0.57264525,-27.4048,-23.82256,-27.8931,-11.290017,-28.3508,-13.340352
433.8,-28.3813,-0.3847376,-27.4353,-23.81138,-27.8931,-11.28441,-28.3813,-13.355081
433.90000000000003,-28.3508,-0.1910229,-27.4048,-23.800196,-27.8931,-11.27884,-28.3508,-13.369794
434.0,-28.3508,0.008738667,-27.3437,-23.789005,-27.8931,-11.273307,-28.3813,-13.38449
434.09999999999997,-28.4119,0.2147965,-27.4353,-23.777811,-27.8931,-11.267811,-28.3508,-13.39917
434.2,-28.4119,0.42741007,-27.4353,-23.766611,-27.8931,-11.262352,-28.3508,-13.413832
434.3,-28.3813,0.64684933,-27.4658,-23.755407,-27.8625,-11.256931,-28.4119,-13.428474
434.40000000000003,-28.3813,0.873394,-27.4658,-23.744198,-27.8625,-11.251549,-28.4119,-13.443097
434.5,-28.3813,1.1073351,-27.4353,-23.732985,-27.8625,-11.246204,-28.3813,-13.4577
434.59999999999997,-28.3508,1.3489736,-27.4048,-23.721766,-27.8931,-11.240898,-28.3508,-13.4722805
434.7,-28.4424,1.5986216,-27.4963,-23.710543,-27.8931,-11.235631,-28.3508,-13.486839
434.8,-28.4119,1.8566017,-27.4048,-23.699316,-27.8625,-11.230403,-28.4119,-13.501375
434.90000000000003,-28.4119,2.123247,-27.4353,-23.688084,-27.8625,-11.225214,-28.3813,-13.515887
435.0,-28.3813,2.3989003,-27.4963,-23.676847,-27.8931,-11.220064,-28.4119,-13.5303755
435.09999999999997,-28.3813,2.6839144,-27.4658,-23.665607,-27.9236,-11.214954,-28.3508,-13.544838
435.2,-28.3813,2.9786513,-27.4353,-23.654362,-27.8931,-11.209885,-28.3508,-13.559275
435.3,-28.3813,3.28348,-27.4658,-23.643112,-27.8931,-11.204856,-28.3813,-13.573684
435.40000000000003,-28.3813,3.598776,-27.4353,-23.631859,-27.8931,-11.199868,-28.3813,-13.588065
435.5,-28.3508,3.9249198,-27.4353,-23.620602,-27.8625,-11.1949215,-28.4119,-13.602419
435.59999999999997,-28.3508,4.2622933,-27.4658,-23.60934,-27.9236,-11.190016,-28.3813,-13.616743
435.7,-28.3508,4.611277,-27.4658,-23.598074,-27.9236,-11.185152,-28.4119,-13.631037
435.8,-28.3508,4.972247,-27.5269,-23.586803,-27.8931,-11.180329,-28.3508,-13.6453
435.90000000000003,-28.3203,5.3455696,-27.4963,-23.57553,-27.9236,-11.1755495,-28.3508,-13.659532
436.0,-28.3508,5.731594,-27.4963,-23.56425,-27.8931,-11.170812,-28.3508,-13.673731
436.09999999999997,-28.3508,6.1306486,-27.5269,-23.552969,-27.8931,-11.166117,-28.3508,-13.687898
436.2,-28.3813,6.5430307,-27.5879,-23.541683,-27.8625,-11.161465,-28.3203,-13.70203
436.3,-28.4119,6.9689984,-27.5269,-23.530394,-27.8625,-11.156857,-28.3508,-13.716128
436.40000000000003,-28.3813,7.408759,-27.5574,-23.5191,-27.8625,-11.152292,-28.3813,-13.730191
436.5,-28.3508,7.8624578,-27.5269,-23.507803,-27.8625,-11.147772,-28.3813,-13.744219
436.59999999999997,-28.4119,8.330164,-27.5574,-23.496502,-27.832,-11.143295,-28.3813,-13.758209
436.7,-28.4119,8.811856,-27.5574,-23.485197,-27.8625,-11.138864,-28.3813,-13.772162
436.8,-28.4119,9.307406,-27.5574,-23.473888,-27.8625,-11.134477,-28.3813,-13.7860775
436.90000000000003,-28.4424,9.816561,-27.5269,-23.462576,-27.8625,-11.130136,-28.3813,-13.799954
437.0,-28.3813,10.338923,-27.5879,-23.45126,-27.832,-11.125839,-28.3508,-13.813792
437.09999999999997,-28.4119,10.873937,-27.5269,-23.43994,-27.8625,-11.121589,-28.3813,-13.82759
437.2,-28.3813,11.420862,-27.6184,-23.428616,-27.8625,-11.117385,-28.3508,-13.841347
437.3,-28.3813,11.978762,-27.5574,-23.417288,-27.8931,-11.113228,-28.3813,-13.8550625
437.40000000000003,-28.4119,12.54648,-27.5879,-23.405958,-27.8625,-11.1091175,-28.3508,-13.868736
437.5,-28.3508,13.122631,-27.5879,-23.394625,-27.8625,-11.105054,-28.3813,-13.882367
437.59999999999997,-28.4119,13.705585,-27.5269,-23.383287,-27.8625,-11.101038,-28.3508,-13.895955
437.7,-28.4424,14.29346,-27.5574,-23.371946,-27.8625,-11.09707,-28.3813,-13.909499
437.8,-28.4119,14.884121,-27.5879,-23.360601,-27.8625,-11.093149,-28.3813,-13.922998
437.90000000000003,-28.4119,15.4751835,-27.5574,-23.349255,-27.8931,-11.089277,-28.3203,-13.936453
438.0,-28.3813,16.064022,-27.5879,-23.337904,-27.832,-11.085454,-28.3203,-13.949862
438.09999999999997,-28.3508,16.647793,-27.5879,-23.32655,-27.9236,-11.081679,-28.3813,-13.963223
438.2,-28.3508,17.22346,-27.5879,-23.315193,-27.9236,-11.077954,-28.3203,-13.976539
438.3,-28.4119,17.787825,-27.6184,-23.303833,-27.8931,-11.074279,-28.3203,-13.989806
438.40000000000003,-28.4119,18.33758,-27.5879,-23.292469,-27.9541,-11.070654,-28.3813,-14.003025
438.5,-28.3813,18.869349,-27.5574,-23.281103,-27.8931,-11.06708,-28.3508,-14.016195
438.59999999999997,-28.4119,19.379742,-27.5574,-23.269733,-27.9236,-11.063556,-28.3813,-14.029317
438.7,-28.3813,19.86542,-27.5879,-23.25836,-27.8931,-11.060082,-28.3813,-14.042389
438.8,-28.4119,20.323145,-27.5879,-23.246984,-27.8931,-11.056661,-28.3508,-14.05541
438.90000000000003,-28.3813,20.749851,-27.5574,-23.235605,-27.9236,-11.05329,-28.3508,-14.06838
439.0,-28.3508,21.14269,-27.5879,-23.224224,-27.8931,-11.049973,-28.3813,-14.081299
439.09999999999997,-28.4119,21.499088,-27.5879,-23.21284,-27.9236,-11.046707,-28.3508,-14.094166
439.2,-28.4424,21.81679,-27.5879,-23.20145,-27.9541,-11.043494,-28.3813,-14.10698
439.3,-28.3813,22.093893,-27.5879,-23.19006,-27.8931,-11.040335,-28.2898,-14.119741
439.40000000000003,-28.4119,22.32888,-27.6184,-23.178665,-27.8931,-11.037229,-28.3508,-14.132449
439.5,-28.4424,22.520636,-27.6489,-23.167269,-27.9236,-11.034176,-28.3203,-14.145103
439.59999999999997,-28.4424,22.66845,-27.5879,-23.155869,-27.9541,-11.0311775,-28.3508,-14.157703
439.7,-28.3813,22.772022,-27.6184,-23.144466,-27.9541,-11.028234,-28.3508,-14.170248
439.8,-28.4119,22.831451,-27.5879,-23.133062,-27.9541,-11.025344,-28.3203,-14.182737
439.90000000000003,-28.4424,22.847212,-27.5879,-23.121655,-27.9846,-11.02251,-28.3203,-14.19517
440.0,-28.4729,22.820131,-27.6184,-23.110245,-27.9541,-11.019731,-28.3508,-14.207547
440.09999999999997,-28.3813,22.751356,-27.5879,-23.098831,-27.9846,-11.017008,-28.3508,-14.219867
440.2,-28.3508,22.642317,-27.6184,-23.087416,-27.9541,-11.01434,-28.3813,-14.232129
440.3,-28.4119,22.494684,-27.6489,-23.075998,-27.9541,-11.01173,-28.3508,-14.244334
440.40000000000003,-28.4729,22.310326,-27.6184,-23.064577,-27.8931,-11.009176,-28.3203,-14.256481
440.5,-28.4729,22.091267,-27.5879,-23.053154,-27.9236,-11.00668,-28.3508,-14.268569
440.59999999999997,-28.3813,21.839642,-27.5879,-23.041729,-27.9541,-11.004241,-28.3203,-14.280599
440.7,-28.4424,21.557655,-27.5879,-23.0303,-27.8931,-11.00186,-28.3508,-14.292568
440.8,-28.4424,21.247545,-27.6184,-23.01887,-27.9236,-10.9995365,-28.3203,-14.304478
440.90000000000003,-28.3813,20.911541,-27.6184,-23.007437,-27.9236,-10.9972725,-28.2898,-14.316327
441.0,-28.4424,20.551834,-27.5879,-22.996,-27.9541,-10.995067,-28.2898,-14.328116
441.09999999999997,-28.4119,20.17055,-27.6184,-22.984562,-27.9541,-10.992921,-28.3508,-14.339845
441.2,-28.4424,19.769718,-27.6184,-22.973122,-27.9541,-10.990834,-28.3203,-14.351511
441.3,-28.4729,19.351263,-27.6489,-22.96168,-27.9236,-10.988808,-28.3508,-14.363116
441.40000000000003,-28.3813,18.916979,-27.6489,-22.950233,-27.9846,-10.986841,-28.3508,-14.37466
441.5,-28.4119,18.468523,-27.6184,-22.938786,-27.9846,-10.984936,-28.3508,-14.38614
441.59999999999997,-28.4119,18.007404,-27.6794,-22.927336,-27.9541,-10.983091,-28.3508,-14.397557
441.7,-28.4119,17.53498,-27.6489,-22.915884,-27.9846,-10.981309,-28.3508,-14.408912
441.8,-28.4119,17.052462,-27.6184,-22.904428,-27.9541,-10.979588,-28.3203,-14.420203
441.90000000000003,-28.4119,16.5609,-27.6184,-22.892971,-27.9846,-10.977929,-28.3203,-14.431431
442.0,-28.4119,16.061203,-27.6489,-22.881512,-27.9846,-10.976333,-28.3508,-14.442595
442.09999999999997,-28.3813,15.554135,-27.6489,-22.87005,-27.9846,-10.974799,-28.3203,-14.453693
442.2,-28.3508,15.040325,-27.6489,-22.858587,-28.0151,-10.973329,-28.3203,-14.464727
442.3,-28.3813,14.520269,-27.6794,-22.847122,-28.0151,-10.971922,-28.3203,-14.475697
442.40000000000003,-28.3813,13.994345,-27.6794,-22.835655,-27.9541,-10.970579,-28.3508,-14.4866
442.5,-28.4119,13.462815,-27.71,-22.824186,-27.9846,-10.9693,-28.3508,-14.497438
442.59999999999997,-28.4119,12.925841,-27.6794,-22.812714,-27.9846,-10.968086,-28.3813,-14.508211
442.7,-28.3813,12.383489,-27.6489,-22.801239,-27.9236,-10.966937,-28.3813,-14.518917
442.8,-28.4119,11.835737,-27.71,-22.789762,-27.9236,-10.965854,-28.3813,-14.529557
442.90000000000003,-28.3508,11.282493,-27.6794,-22.778284,-27.9846,-10.964836,-28.3508,-14.540131
443.0,-28.3203,10.723593,-27.6184,-22.766804,-27.9846,-10.963884,-28.3203,-14.550637
443.09999999999997,-28.4119,10.158819,-27.5879,-22.755322,-28.0151,-10.962999,-28.3203,-14.561076
443.2,-28.4424,9.587906,-27.6794,-22.743837,-28.0457,-10.962181,-28.3508,-14.571447
443.3,-28.3508,9.010551,-27.6794,-22.732351,-28.0151,-10.96143,-28.3813,-14.581752
443.40000000000003,-28.3813,8.426427,-27.6489,-22.720863,-28.0151,-10.960746,-28.3508,-14.591988
443.5,-28.2898,7.8351884,-27.6489,-22.709373,-28.0151,-10.96013,-28.3508,-14.602156
443.6,-28.3203,7.2364874,-27.6184,-22.697882,-28.0151,-10.959582,-28.2898,-14.612255
443.7,-28.3813,6.6299853,-27.6184,-22.686388,-28.0151,-10.959104,-28.3203,-14.622287
443.79999999999995,-28.3203,6.015367,-27.6489,-22.674892,-28.0151,-10.9586935,-28.3508,-14.63225
443.90000000000003,-28.3508,5.392355,-27.6794,-22.663395,-28.0151,-10.958353,-28.3203,-14.642143
444.0,-28.3203,4.7607255,-27.6489,-22.651896,-28.0762,-10.958082,-28.3508,-14.651968
444.1,-28.3508,4.120327,-27.6489,-22.640394,-28.0151,-10.957881,-28.2898,-14.661723
444.2,-28.2898,3.4710946,-27.6184,-22.628891,-28.0151,-10.95775,-28.3203,-14.671409
444.29999999999995,-28.2898,2.8130689,-27.6489,-22.617386,-27.9846,-10.95769,-28.2898,-14.681025
444.40000000000003,-28.3203,2.1464076,-27.6794,-22.60588,-28.0151,-10.957702,-28.2898,-14.690571
444.5,-28.3203,1.4713978,-27.6489,-22.594374,-28.0151,-10.957785,-28.3203,-14.7000475
444.6,-28.3203,0.7884618,-27.6794,-22.582865,-28.0151,-10.957939,-28.3508,-14.709454
444.7,-28.3203,0.09815812,-27.6794,-22.571354,-28.0762,-10.958166,-28.3203,-14.71879
444.79999999999995,-28.3508,-0.5988215,-27.71,-22.559841,-28.0457,-10.958466,-28.2593,-14.728056
444.90000000000003,-28.2898,-1.3016534,-27.7405,-22.548326,-28.0762,-10.9588375,-28.2288,-14.737251
445.0,-28.3203,-2.0093856,-27.7405,-22.53681,-28.0151,-10.959283,-28.2593,-14.746376
445.1,-28.3508,-2.7209363,-27.71,-22.525291,-28.0457,-10.959802,-28.3508,-14.75543
445.2,-28.3508,-3.4350946,-27.6794,-22.513773,-28.0151,-10.960394,-28.3508,-14.764413
445.29999999999995,-28.3508,-4.150522,-27.7405,-22.502253,-28.0457,-10.961061,-28.3813,-14.773325
445.40000000000003,-28.3508,-4.865762,-27.6794,-22.49073,-28.0457,-10.961802,-28.3203,-14.782166
445.5,-28.3203,-5.5792537,-27.6794,-22.479206,-28.0762,-10.962618,-28.3203,-14.7909355
445.6,-28.3203,-6.289354,-27.71,-22.46768,-28.0151,-10.963509,-28.3508,-14.799634
445.7,-28.3203,-6.994366,-27.6794,-22.456152,-28.0762,-10.964475,-28.3508,-14.808261
445.79999999999995,-28.3508,-7.6925735,-27.6794,-22.444624,-28.0457,-10.965517,-28.3508,-14.816816
445.90000000000003,-28.3508,-8.382273,-27.71,-22.433094,-28.1067,-10.966636,-28.2898,-14.8253
446.0,-28.3203,-9.06181,-27.6794,-22.421562,-28.0457,-10.967831,-28.2593,-14.833713
446.1,-28.3203,-9.729611,-27.71,-22.410028,-28.0762,-10.969103,-28.3203,-14.842053
446.2,-28.3203,-10.384218,-27.71,-22.398495,-28.0457,-10.970452,-28.2593,-14.850322
446.29999999999995,-28.3203,-11.024305,-27.6794,-22.38696,-28.0457,-10.971879,-28.2898,-14.858519
446.40000000000003,-28.3508,-11.648703,-27.71,-22.375422,-28.1067,-10.973383,-28.3508,-14.866644
446.5,-28.2898,-12.256409,-27.71,-22.363882,-28.0457,-10.974965,-28.3508,-14.874697
446.6,-28.2898,-12.846597,-27.7405,-22.352343,-28.0762,-10.976626,-28.3508,-14.882678
446.7,-28.2898,-13.418613,-27.71,-22.340801,-28.0457,-10.978366,-28.3813,-14.890587
446.79999999999995,-28.2898,-13.971978,-27.71,-22.329258,-28.0762,-10.980185,-28.3508,-14.898424
446.90000000000003,-28.2898,-14.506372,-27.7405,-22.317713,-28.1067,-10.982082,-28.3508,-14.906189
447.0,-28.2898,-15.021628,-27.7405,-22.306168,-28.0762,-10.98406,-28.3508,-14.913881
447.1,-28.2898,-15.5177145,-27.7405,-22.29462,-28.0762,-10.986117,-28.3508,-14.921502
447.2,-28.2593,-15.994723,-27.71,-22.283072,-28.0762,-10.9882555,-28.3813,-14.92905
447.29999999999995,-28.2898,-16.452854,-27.771,-22.271523,-28.1067,-10.990474,-28.3508,-14.936526
447.40000000000003,-28.2593,-16.892395,-27.771,-22.259972,-28.1372,-10.992773,-28.3813,-14.943931
447.5,-28.3203,-17.313713,-27.7405,-22.248419,-28.1372,-10.995153,-28.3508,-14.951262
447.6,-28.2593,-17.717236,-27.7405,-22.236864,-28.0762,-10.997615,-28.3813,-14.958522
447.7,-28.2593,-18.10344,-27.7405,-22.22531,-28.1067,-11.000158,-28.3813,-14.965709
447.79999999999995,-28.2593,-18.47284,-27.7405,-22.213753,-28.0762,-11.002784,-28.3508,-14.972824
447.90000000000003,-28.2593,-18.825977,-27.771,-22.202194,-28.0457,-11.005491,-28.3203,-14.979867
448.0,-28.2593,-19.163414,-27.71,-22.190636,-28.1067,-11.008282,-28.3508,-14.986837
448.1,-28.2593,-19.485722,-27.71,-22.179075,-28.0457,-11.011154,-28.3508,-14.993735
448.2,-28.3203,-19.793476,-27.71,-22.167515,-28.1067,-11.01411,-28.4119,-15.000562
448.29999999999995,-28.2593,-20.087252,-27.7405,-22.155952,-28.0762,-11.017149,-28.4119,-15.007316
448.40000000000003,-28.2593,-20.36762,-27.71,-22.144388,-28.0762,-11.020271,-28.3508,-15.013998
448.5,-28.2898,-20.635141,-27.71,-22.132824,-28.1067,-11.023478,-28.3508,-15.020608
448.6,-28.3203,-20.890366,-27.7405,-22.121258,-28.0762,-11.026768,-28.3508,-15.027145
448.7,-28.2898,-21.133827,-27.7405,-22.10969,-28.0457,-11.030143,-28.3508,-15.033611
448.79999999999995,-28.2593,-21.366047,-27.771,-22.098122,-28.0457,-11.033602,-28.3508,-15.040005
448.90000000000003,-28.2898,-21.587528,-27.71,-22.086552,-28.1067,-11.037146,-28.3508,-15.046327
449.0,-28.2593,-21.798758,-27.771,-22.074982,-28.1067,-11.040774,-28.3508,-15.052577
449.1,-28.2288,-22.000202,-27.7405,-22.06341,-28.1067,-11.044489,-28.3508,-15.058755
449.2,-28.2593,-22.192314,-27.7405,-22.051836,-28.1067,-11.048288,-28.3508,-15.064861
449.29999999999995,-28.2898,-22.375523,-27.7405,-22.040262,-28.1067,-11.052174,-28.4119,-15.070896
449.40000000000003,-28.2898,-22.550243,-27.71,-22.028687,-28.0762,-11.056145,-28.3813,-15.076859
449.5,-28.3203,-22.716871,-27.71,-22.01711,-28.1067,-11.060202,-28.4119,-15.082751
449.6,-28.3203,-22.875784,-27.6794,-22.005533,-28.1372,-11.064345,-28.3813,-15.088572
449.7,-28.2898,-23.027344,-27.71,-21.993954,-28.0457,-11.068575,-28.4119,-15.09432
449.79999999999995,-28.2898,-23.171896,-27.6794,-21.982374,-28.0762,-11.072891,-28.4424,-15.0999975
449.90000000000003,-28.2898,-23.309769,-27.71,-21.970793,-28.0151,-11.077294,-28.3508,-15.105603
450.0,-28.3203,-23.441275,-27.6794,-21.959211,-28.0762,-11.081785,-28.3813,-15.111138
450.1,-28.2898,-23.566713,-27.71,-21.947628,-28.0457,-11.086363,-28.4119,-15.116602
450.2,-28.3203,-23.686369,-27.7405,-21.936045,-28.0762,-11.091028,-28.4119,-15.121995
450.29999999999995,-28.3508,-23.800512,-27.71,-21.92446,-28.0457,-11.09578,-28.3508,-15.127316
450.40000000000003,-28.3508,-23.909399,-27.71,-21.912874,-28.1067,-11.10062,-28.3508,-15.132567
450.5,-28.3203,-24.013277,-27.6794,-21.901287,-28.0457,-11.105548,-28.3813,-15.137748
450.6,-28.3508,-24.112377,-27.6794,-21.8897,-28.0457,-11.110564,-28.3813,-15.142858
450.7,-28.3508,-24.206923,-27.71,-21.87811,-28.1067,-11.115668,-28.3813,-15.147897
450.79999999999995,-28.3203,-24.297123,-27.7405,-21.86652,-28.1067,-11.120861,-28.4119,-15.152865
450.90000000000003,-28.3203,-24.38318,-27.7405,-21.854929,-28.0457,-11.126142,-28.4424,-15.1577635
451.0,-28.2898,-24.465284,-27.7405,-21.843336,-28.1067,-11.131511,-28.4119,-15.162591
451.1,-28.3203,-24.543615,-27.7405,-21.831743,-28.0762,-11.136969,-28.4119,-15.167349
451.2,-28.3203,-24.618347,-27.71,-21.820148,-28.0762,-11.142515,-28.3813,-15.172036
451.29999999999995,-28.3508,-24.689644,-27.7405,-21.808554,-28.1067,-11.14815,-28.3813,-15.176654
451.40000000000003,-28.3508,-24.757662,-27.7405,-21.796957,-28.1067,-11.153874,-28.3813,-15.181202
451.5,-28.3508,-24.82255,-27.71,-21.78536,-28.0762,-11.159688,-28.3813,-15.18568
451.6,-28.2898,-24.884447,-27.71,-21.773762,-28.1067,-11.16559,-28.4729,-15.190089
451.7,-28.3508,-24.94349,-27.71,-21.762163,-28.1067,-11.171581,-28.3813,-15.194428
451.79999999999995,-28.3203,-24.999804,-27.771,-21.750563,-28.0762,-11.177662,-28.4119,-15.198699
451.90000000000003,-28.3508,-25.053513,-27.71,-21.738962,-28.0457,-11.183831,-28.3813,-15.2029
452.0,-28.2898,-25.10473,-27.771,-21.72736,-28.0762,-11.19009,-28.3813,-15.207032
452.1,-28.3508,-25.153568,-27.71,-21.715757,-28.1067,-11.196439,-28.3508,-15.211096
452.2,-28.3203,-25.20013,-27.7405,-21.704153,-28.0762,-11.202876,-28.3508,-15.215091
452.29999999999995,-28.3813,-25.244516,-27.71,-21.692549,-28.0457,-11.209403,-28.3813,-15.219017
452.40000000000003,-28.3508,-25.286821,-27.7405,-21.680944,-28.0151,-11.21602,-28.3813,-15.222875
452.5,-28.3508,-25.327137,-27.7405,-21.669338,-28.0457,-11.222726,-28.4119,-15.226664
452.6,-28.3508,-25.365547,-27.771,-21.657732,-28.0762,-11.229522,-28.4119,-15.230385
452.7,-28.3508,-25.402136,-27.71,-21.646124,-28.1067,-11.236406,-28.4119,-15.234037
452.79999999999995,-28.3508,-25.436981,-27.71,-21.634516,-28.0762,-11.243381,-28.4119,-15.237622
452.90000000000003,-28.3508,-25.470156,-27.71,-21.622906,-28.0762,-11.250444,-28.4119,-15.241139
453.0,-28.3813,-25.501732,-27.6794,-21.611296,-28.0762,-11.257598,-28.3813,-15.244589
453.1,-28.3813,-25.531778,-27.71,-21.599684,-28.0151,-11.26484,-28.3508,-15.247971
453.2,-28.3813,-25.560358,-27.6794,-21.588072,-28.0457,-11.272172,-28.4119,-15.251286
453.29999999999995,-28.4119,-25.587532,-27.71,-21.576458,-28.0457,-11.279593,-28.4424,-15.254533
453.40000000000003,-28.3813,-25.61336,-27.6489,-21.564844,-28.0151,-11.287104,-28.5034,-15.257713
453.5,-28.3508,-25.637897,-27.6489,-21.553228,-28.0151,-11.294703,-28.4729,-15.260827
453.6,-28.3508,-25.661198,-27.71,-21.541613,-28.0151,-11.302391,-28.4729,-15.263874
453.7,-28.3508,-25.683313,-27.71,-21.529997,-28.0762,-11.310168,-28.4729,-15.266854
453.79999999999995,-28.3508,-25.70429,-27.71,-21.51838,-28.0762,-11.318034,-28.4424,-15.269769
453.90000000000003,-28.3203,-25.724176,-27.71,-21.506762,-28.0457,-11.325989,-28.4424,-15.272616
454.0,-28.3203,-25.743015,-27.71,-21.495142,-28.0151,-11.334032,-28.4119,-15.275398
454.1,-28.3203,-25.76085,-27.6794,-21.483522,-28.0151,-11.342164,-28.4729,-15.278114
454.2,-28.3203,-25.777721,-27.71,-21.4719,-28.0151,-11.350385,-28.4119,-15.280765
454.29999999999995,-28.2898,-25.793667,-27.71,-21.46028,-28.0457,-11.358693,-28.4119,-15.28335
454.40000000000003,-28.2898,-25.808723,-27.71,-21.448658,-28.0762,-11.36709,-28.4729,-15.28587
454.5,-28.2898,-25.822927,-27.6794,-21.437035,-28.0762,-11.375575,-28.4424,-15.288324
454.6,-28.3203,-25.836311,-27.6489,-21.425411,-28.0457,-11.384148,-28.4424,-15.290713
454.7,-28.2898,-25.848907,-27.71,-21.413786,-28.0151,-11.392808,-28.4424,-15.293037
454.79999999999995,-28.2898,-25.860746,-27.71,-21.40216,-28.0151,-11.401555,-28.4119,-15.295298
454.90000000000003,-28.3203,-25.871857,-27.7405,-21.390533,-28.0151,-11.41039,-28.4119,-15.297493
455.0,-28.2898,-25.882269,-27.6794,-21.378906,-28.0457,-11.419312,-28.4729,-15.299624
455.1,-28.2898,-25.892008,-27.71,-21.36728,-28.0151,-11.42832,-28.4424,-15.301691
455.2,-28.2898,-25.9011,-27.7405,-21.35565,-28.0457,-11.437415,-28.4729,-15.303694
455.29999999999995,-28.3203,-25.90957,-27.7405,-21.34402,-28.0762,-11.446596,-28.5034,-15.305633
455.40000000000003,-28.2593,-25.917442,-27.7405,-21.33239,-28.0762,-11.455864,-28.4424,-15.307508
455.5,-28.3203,-25.924738,-27.7405,-21.320759,-28.0457,-11.465218,-28.5034,-15.30932
455.6,-28.2593,-25.931479,-27.7405,-21.309126,-28.0762,-11.474656,-28.4424,-15.3110695
455.7,-28.2898,-25.937685,-27.7405,-21.297493,-28.0457,-11.48418,-28.4424,-15.312756
455.79999999999995,-28.2898,-25.943377,-27.7405,-21.28586,-28.0762,-11.49379,-28.4729,-15.314379
455.90000000000003,-28.3203,-25.948574,-27.71,-21.274225,-28.1067,-11.503484,-28.5034,-15.315939
456.0,-28.2898,-25.953293,-27.7405,-21.26259,-28.0457,-11.513262,-28.4729,-15.317436
456.1,-28.2898,-25.957554,-27.771,-21.250954,-28.0457,-11.523125,-28.5034,-15.3188715
456.2,-28.2288,-25.96137,-27.7405,-21.239317,-28.0762,-11.533071,-28.4729,-15.320245
456.3,-28.2898,-25.96476,-27.7405,-21.22768,-28.0457,-11.5431,-28.4424,-15.321556
456.4,-28.2898,-25.96774,-27.71,-21.216042,-28.0762,-11.553213,-28.5034,-15.322805
456.5,-28.3203,-25.970322,-27.71,-21.204403,-28.0762,-11.563409,-28.4729,-15.323993
456.6,-28.2898,-25.97252,-27.7405,-21.192762,-28.0457,-11.573687,-28.5339,-15.325119
456.7,-28.2898,-25.97435,-27.7405,-21.181122,-28.0457,-11.584046,-28.5034,-15.326184
456.8,-28.3203,-25.975822,-27.7405,-21.16948,-28.0762,-11.594488,-28.5034,-15.3271885
456.9,-28.3203,-25.976952,-27.7405,-21.157837,-28.0762,-11.605011,-28.4729,-15.328132
457.0,-28.3508,-25.977749,-27.7405,-21.146194,-28.1067,-11.615615,-28.4729,-15.329014
457.1,-28.3203,-25.978226,-27.771,-21.13455,-28.0762,-11.626299,-28.4729,-15.329836
457.2,-28.2898,-25.978394,-27.771,-21.122906,-28.0457,-11.637063,-28.4729,-15.330598
457.3,-28.3508,-25.978262,-27.832,-21.11126,-28.1067,-11.647907,-28.4729,-15.3313
457.4,-28.3508,-25.977842,-27.832,-21.099613,-28.0762,-11.658831,-28.4729,-15.331942
457.5,-28.3508,-25.977142,-27.832,-21.087967,-28.0457,-11.669832,-28.4729,-15.332523
457.6,-28.3203,-25.976173,-27.832,-21.076319,-28.0762,-11.680912,-28.5034,-15.333046
457.7,-28.3203,-25.974943,-27.8015,-21.06467,-28.0762,-11.69207,-28.5034,-15.333509
457.8,-28.3203,-25.973461,-27.8015,-21.05302,-28.0151,-11.703305,-28.5034,-15.333914
457.9,-28.2898,-25.971735,-27.8015,-21.04137,-28.0762,-11.714617,-28.4729,-15.334259
458.0,-28.2898,-25.969774,-27.771,-21.02972,-28.0762,-11.726005,-28.5339,-15.334545
458.1,-28.3508,-25.967585,-27.8015,-21.018068,-28.0457,-11.737469,-28.5034,-15.334773
458.2,-28.3203,-25.965174,-27.8625,-21.006416,-28.0457,-11.749008,-28.5034,-15.334943
458.3,-28.3508,-25.96255,-27.832,-20.994762,-28.0151,-11.760622,-28.5339,-15.335054
458.4,-28.3203,-25.959719,-27.8015,-20.983109,-28.0151,-11.77231,-28.5034,-15.335108
458.5,-28.3203,-25.956688,-27.832,-20.971455,-28.0151,-11.784072,-28.5339,-15.335103
458.6,-28.3508,-25.953463,-27.8015,-20.959799,-28.0457,-11.795907,-28.5645,-15.335041
458.7,-28.3508,-25.95005,-27.771,-20.948143,-27.9846,-11.807815,-28.5034,-15.334922
458.8,-28.3203,-25.946455,-27.771,-20.936485,-28.0151,-11.819794,-28.5034,-15.334745
458.9,-28.3203,-25.942684,-27.771,-20.924828,-28.0457,-11.831844,-28.5034,-15.334512
459.0,-28.2593,-25.938742,-27.8015,-20.913168,-28.0762,-11.8439665,-28.4424,-15.334221
459.1,-28.3508,-25.934633,-27.771,-20.901508,-28.0457,-11.856158,-28.4729,-15.333874
459.2,-28.2898,-25.930365,-27.7405,-20.889849,-28.0457,-11.86842,-28.5034,-15.33347
459.3,-28.3203,-25.92594,-27.771,-20.878187,-28.0762,-11.88075,-28.5339,-15.333011
459.4,-28.3203,-25.921364,-27.771,-20.866526,-28.0457,-11.893148,-28.5034,-15.332495
459.5,-28.3203,-25.916641,-27.771,-20.854862,-28.0457,-11.905615,-28.5034,-15.331923
459.6,-28.3203,-25.911777,-27.771,-20.843199,-28.0762,-11.918148,-28.5034,-15.331295
459.7,-28.3203,-25.906775,-27.771,-20.831535,-28.0762,-11.930748,-28.5034,-15.330612
459.8,-28.3203,-25.901638,-27.7405,-20.81987,-28.0457,-11.943414,-28.5034,-15.329874
459.9,-28.2898,-25.89637,-27.7405,-20.808205,-28.0762,-11.956144,-28.5339,-15.329081
460.0,-28.2593,-25.890976,-27.771,-20.796537,-28.0762,-11.968939,-28.5339,-15.328233
460.1,-28.2898,-25.88546,-27.7405,-20.78487,-28.0457,-11.981797,-28.5339,-15.32733
460.2,-28.2898,-25.879824,-27.771,-20.773203,-28.0457,-11.994719,-28.5339,-15.326372
460.3,-28.3508,-25.874071,-27.7405,-20.761534,-28.0762,-12.007702,-28.5339,-15.32536
460.4,-28.3203,-25.868206,-27.771,-20.749865,-28.0762,-12.020747,-28.5034,-15.324294
460.5,-28.3203,-25.862232,-27.771,-20.738194,-28.0762,-12.033854,-28.5034,-15.323174
460.6,-28.3203,-25.856152,-27.771,-20.726522,-28.0762,-12.04702,-28.5034,-15.3220005
460.7,-28.3203,-25.849966,-27.771,-20.71485,-28.1067,-12.0602455,-28.5339,-15.320773
460.8,-28.3203,-25.84368,-27.8015,-20.703176,-28.1372,-12.073529,-28.5339,-15.319492
460.9,-28.3203,-25.837296,-27.771,-20.691504,-28.1372,-12.086871,-28.5339,-15.318159
461.0,-28.2898,-25.830816,-27.8015,-20.679829,-28.1372,-12.100269,-28.5339,-15.316772
461.1,-28.3508,-25.824244,-27.8015,-20.668154,-28.1067,-12.113724,-28.5339,-15.315333
461.2,-28.2898,-25.817581,-27.771,-20.656477,-28.0151,-12.127234,-28.5645,-15.313842
461.3,-28.2898,-25.81083,-27.7405,-20.6448,-28.0762,-12.1407995,-28.5339,-15.312298
461.4,-28.3813,-25.803991,-27.8015,-20.633121,-28.1067,-12.154418,-28.5339,-15.310701
461.5,-28.3508,-25.79707,-27.8015,-20.621443,-28.0762,-12.16809,-28.595,-15.309052
461.6,-28.3203,-25.790068,-27.771,-20.609764,-28.0762,-12.181814,-28.5034,-15.307352
461.7,-28.3508,-25.782986,-27.8015,-20.598083,-28.0762,-12.19559,-28.5339,-15.3056
461.8,-28.3203,-25.775826,-27.771,-20.586403,-28.1372,-12.209416,-28.5034,-15.303797
461.9,-28.3508,-25.76859,-27.8015,-20.57472,-28.0762,-12.223292,-28.5645,-15.301942
462.0,-28.3813,-25.761282,-27.8015,-20.563038,-28.1067,-12.237218,-28.5339,-15.300036
462.1,-28.3203,-25.7539,-27.771,-20.551353,-28.1067,-12.251191,-28.4729,-15.2980795
462.2,-28.2898,-25.74645,-27.8015,-20.539669,-28.1372,-12.265212,-28.5645,-15.296072
462.3,-28.3508,-25.738932,-27.8015,-20.527985,-28.1067,-12.279279,-28.5339,-15.294014
462.4,-28.2898,-25.731346,-27.771,-20.516298,-28.1067,-12.293391,-28.5339,-15.291905
462.5,-28.2898,-25.723696,-27.8015,-20.504612,-28.1372,-12.3075485,-28.5339,-15.289747
462.6,-28.3203,-25.71598,-27.771,-20.492924,-28.0762,-12.32175,-28.5339,-15.2875395
462.7,-28.3203,-25.708204,-27.8015,-20.481236,-28.1372,-12.335994,-28.5645,-15.285281
462.8,-28.3508,-25.700367,-27.7405,-20.469545,-28.1067,-12.35028,-28.5034,-15.282973
462.9,-28.2898,-25.69247,-27.7405,-20.457855,-28.1677,-12.364607,-28.5034,-15.280617
463.0,-28.3203,-25.684515,-27.771,-20.446165,-28.1982,-12.378975,-28.595,-15.278211
463.1,-28.3203,-25.676502,-27.771,-20.434473,-28.1982,-12.393382,-28.5645,-15.275756
463.2,-28.2593,-25.668434,-27.771,-20.422781,-28.1067,-12.407827,-28.5645,-15.273252
463.3,-28.3203,-25.660313,-27.771,-20.411087,-28.1067,-12.422311,-28.5645,-15.270699
463.4,-28.2898,-25.652138,-27.771,-20.399393,-28.1677,-12.4368305,-28.5645,-15.268098
463.5,-28.3203,-25.643911,-27.771,-20.387697,-28.1372,-12.451386,-28.5339,-15.265449
463.6,-28.3203,-25.635635,-27.771,-20.376001,-28.1372,-12.465977,-28.595,-15.262751
463.7,-28.2898,-25.62731,-27.8015,-20.364304,-28.1372,-12.480601,-28.595,-15.260005
463.8,-28.2898,-25.618935,-27.771,-20.352606,-28.1372,-12.495258,-28.595,-15.257212
463.9,-28.2593,-25.610512,-27.8015,-20.340906,-28.1372,-12.509948,-28.5645,-15.254371
464.0,-28.2593,-25.602043,-27.8015,-20.329206,-28.1067,-12.524669,-28.5645,-15.251483
464.1,-28.2593,-25.593529,-27.832,-20.317505,-28.1372,-12.539419,-28.5645,-15.248548
464.2,-28.2593,-25.584969,-27.771,-20.305803,-28.1677,-12.554199,-28.595,-15.245565
464.3,-28.3508,-25.576366,-27.8015,-20.294102,-28.1677,-12.569008,-28.5339,-15.242537
464.4,-28.2898,-25.56772,-27.771,-20.282398,-28.1677,-12.583843,-28.5645,-15.239461
464.5,-28.2898,-25.559032,-27.771,-20.270695,-28.1982,-12.598705,-28.5645,-15.236339
464.6,-28.2898,-25.550304,-27.771,-20.25899,-28.1982,-12.613593,-28.5339,-15.23317
464.7,-28.3203,-25.541534,-27.8015,-20.247284,-28.1982,-12.628506,-28.5645,-15.229955
464.8,-28.2593,-25.532726,-27.8015,-20.235577,-28.1677,-12.643441,-28.5339,-15.226694
464.9,-28.2898,-25.523878,-27.832,-20.22387,-28.1982,-12.6584,-28.5645,-15.223388
465.0,-28.2898,-25.514992,-27.832,-20.21216,-28.1982,-12.67338,-28.5339,-15.220036
465.1,-28.2593,-25.50607,-27.8015,-20.20045,-28.1982,-12.68838,-28.5645,-15.216638
465.2,-28.3508,-25.49711,-27.832,-20.18874,-28.1982,-12.703401,-28.5645,-15.213195
465.3,-28.3203,-25.488115,-27.8625,-20.177029,-28.1982,-12.71844,-28.5339,-15.209706
465.4,-28.3508,-25.479084,-27.8625,-20.165316,-28.1372,-12.733498,-28.6255,-15.206173
465.5,-28.3203,-25.470018,-27.8625,-20.153603,-28.1677,-12.748571,-28.595,-15.202595
465.6,-28.3508,-25.46092,-27.832,-20.141888,-28.1982,-12.763661,-28.595,-15.198972
465.7,-28.3508,-25.451788,-27.832,-20.130173,-28.2288,-12.778767,-28.5645,-15.195305
465.8,-28.3203,-25.442623,-27.832,-20.118456,-28.1982,-12.793885,-28.5339,-15.191593
465.9,-28.3508,-25.433426,-27.8931,-20.106739,-28.1982,-12.809017,-28.5645,-15.187838
466.0,-28.3203,-25.424196,-27.8625,-20.09502,-28.1982,-12.824161,-28.595,-15.184038
466.1,-28.2898,-25.414936,-27.8931,-20.083302,-28.1677,-12.839315,-28.595,-15.180195
466.2,-28.3203,-25.405645,-27.8625,-20.07158,-28.1677,-12.854481,-28.595,-15.176309
466.3,-28.3203,-25.396324,-27.8931,-20.05986,-28.1677,-12.869655,-28.595,-15.172379
466.4,-28.3508,-25.386974,-27.8625,-20.048138,-28.1982,-12.884837,-28.5645,-15.168406
466.5,-28.3203,-25.377596,-27.8625,-20.036415,-28.1982,-12.900026,-28.595,-15.164389
466.6,-28.3203,-25.368189,-27.8625,-20.02469,-28.1677,-12.915222,-28.5645,-15.160329
466.7,-28.3203,-25.358753,-27.8625,-20.012966,-28.1982,-12.930424,-28.595,-15.156227
466.8,-28.3203,-25.34929,-27.8931,-20.00124,-28.1677,-12.945629,-28.6255,-15.152082
466.9,-28.2898,-25.339802,-27.9236,-19.989513,-28.1677,-12.960838,-28.6255,-15.147896
467.0,-28.2898,-25.330286,-27.9236,-19.977785,-28.1982,-12.976049,-28.5645,-15.143666
467.1,-28.2898,-25.320744,-27.8931,-19.966057,-28.1372,-12.991262,-28.595,-15.139395
467.2,-28.3203,-25.311174,-27.8931,-19.954327,-28.1677,-13.006475,-28.595,-15.135081
467.3,-28.2898,-25.30158,-27.8625,-19.942596,-28.1677,-13.021688,-28.595,-15.130726
467.4,-28.3203,-25.291962,-27.8931,-19.930864,-28.2288,-13.0369,-28.595,-15.126329
467.5,-28.3203,-25.282318,-27.9236,-19.91913,-28.1982,-13.052109,-28.595,-15.121891
467.6,-28.2898,-25.27265,-27.8625,-19.907396,-28.1982,-13.067315,-28.595,-15.117412
467.7,-28.3203,-25.262959,-27.8931,-19.89566,-28.2288,-13.082517,-28.656,-15.112891
467.8,-28.2898,-25.253242,-27.9236,-19.883924,-28.2593,-13.097713,-28.6255,-15.10833
467.9,-28.2898,-25.243504,-27.8625,-19.872187,-28.2593,-13.112904,-28.6255,-15.103727
468.0,-28.3203,-25.233742,-27.8931,-19.860449,-28.2593,-13.128087,-28.6255,-15.099084
468.1,-28.2898,-25.223957,-27.8931,-19.84871,-28.2593,-13.143263,-28.6255,-15.0944
468.2,-28.2898,-25.214151,-27.8931,-19.83697,-28.2288,-13.158429,-28.6865,-15.089676
468.3,-28.3203,-25.204323,-27.8931,-19.825228,-28.2593,-13.173586,-28.595,-15.084911
468.4,-28.2898,-25.194473,-27.832,-19.813486,-28.2288,-13.188732,-28.6255,-15.080107
468.5,-28.2898,-25.184603,-27.8931,-19.801743,-28.2593,-13.203867,-28.6255,-15.075262
468.6,-28.3508,-25.174711,-27.8625,-19.789997,-28.2288,-13.218988,-28.6865,-15.070377
468.7,-28.2898,-25.164799,-27.8931,-19.778252,-28.2593,-13.234097,-28.6255,-15.065454
468.8,-28.3203,-25.154865,-27.8625,-19.766504,-28.2288,-13.24919,-28.6255,-15.06049
468.9,-28.3508,-25.144913,-27.8625,-19.754757,-28.1982,-13.264269,-28.6255,-15.055487
469.0,-28.3203,-25.13494,-27.832,-19.743008,-28.2288,-13.279331,-28.6255,-15.050445
469.1,-28.2898,-25.124947,-27.9236,-19.731258,-28.2288,-13.294377,-28.6255,-15.045363
469.2,-28.3203,-25.114935,-27.8625,-19.719507,-28.2288,-13.309405,-28.595,-15.040243
469.3,-28.3508,-25.104904,-27.9236,-19.707754,-28.2288,-13.324414,-28.595,-15.035085
469.4,-28.2898,-25.094854,-27.8931,-19.696001,-28.2288,-13.339403,-28.5645,-15.029887
469.5,-28.2593,-25.084787,-27.9541,-19.684246,-28.2288,-13.354372,-28.595,-15.024652
469.6,-28.3203,-25.074701,-27.8625,-19.672491,-28.2288,-13.369319,-28.6255,-15.019378
469.7,-28.3203,-25.064598,-27.8625,-19.660734,-28.2593,-13.384244,-28.6255,-15.014066
469.8,-28.3203,-25.054476,-27.8625,-19.648975,-28.2593,-13.399146,-28.6255,-15.008716
469.9,-28.3508,-25.044336,-27.8625,-19.637217,-28.2593,-13.414024,-28.6255,-15.003327
470.0,-28.3813,-25.03418,-27.832,-19.625456,-28.2593,-13.428878,-28.6255,-14.997901
470.1,-28.3203,-25.024006,-27.8931,-19.613695,-28.2593,-13.443706,-28.5645,-14.992437
470.2,-28.3508,-25.013815,-27.8625,-19.601933,-28.2898,-13.458507,-28.5645,-14.986937
470.3,-28.2898,-25.003607,-27.8625,-19.590168,-28.2593,-13.47328,-28.595,-14.981399
470.4,-28.2593,-24.993383,-27.8931,-19.578403,-28.2593,-13.488026,-28.6255,-14.975823
470.5,-28.3508,-24.983143,-27.8625,-19.566637,-28.2288,-13.502742,-28.595,-14.970211
470.6,-28.3203,-24.972887,-27.832,-19.55487,-28.2288,-13.517428,-28.595,-14.964561
470.7,-28.3203,-24.962614,-27.9236,-19.543102,-28.2288,-13.532084,-28.6255,-14.958876
470.8,-28.2898,-24.952326,-27.8931,-19.531332,-28.2288,-13.546709,-28.6255,-14.953153
470.9,-28.2898,-24.942022,-27.8931,-19.519562,-28.2593,-13.561302,-28.595,-14.947393
471.0,-28.3508,-24.931704,-27.8625,-19.50779,-28.2288,-13.575862,-28.595,-14.941598
471.1,-28.2898,-24.92137,-27.8931,-19.496016,-28.2898,-13.590388,-28.595,-14.935766
471.2,-28.2898,-24.91102,-27.8931,-19.484241,-28.2593,-13.60488,-28.6255,-14.929898
471.3,-28.2898,-24.900658,-27.8931,-19.472466,-28.2593,-13.619337,-28.656,-14.923994
471.4,-28.2898,-24.89028,-27.9541,-19.46069,-28.2898,-13.633758,-28.6255,-14.918055
471.5,-28.3508,-24.879887,-27.8931,-19.448912,-28.2288,-13.648141,-28.656,-14.912079
471.6,-28.3203,-24.86948,-27.8931,-19.437132,-28.2593,-13.662487,-28.6255,-14.906068
471.7,-28.3508,-24.859058,-27.8931,-19.425352,-28.1982,-13.676795,-28.6255,-14.900022
471.8,-28.2898,-24.848623,-27.8625,-19.41357,-28.2593,-13.691064,-28.6255,-14.89394
471.9,-28.2898,-24.838175,-27.8931,-19.401787,-28.2593,-13.705293,-28.595,-14.887823
472.0,-28.2593,-24.827713,-27.8625,-19.390003,-28.2288,-13.719481,-28.6255,-14.881671
472.1,-28.2898,-24.817238,-27.8625,-19.378218,-28.1982,-13.733629,-28.656,-14.8754835
472.2,-28.2898,-24.80675,-27.832,-19.36643,-28.2288,-13.747735,-28.6255,-14.869262
472.3,-28.3203,-24.796247,-27.8015,-19.354643,-28.2593,-13.761798,-28.595,-14.863005
472.4,-28.2898,-24.785732,-27.8015,-19.342854,-28.2288,-13.775818,-28.595,-14.856713
472.5,-28.2593,-24.775204,-27.8625,-19.331062,-28.2898,-13.789794,-28.656,-14.850388
472.6,-28.2593,-24.764662,-27.832,-19.319271,-28.2593,-13.803725,-28.656,-14.8440275
472.7,-28.2898,-24.754108,-27.8625,-19.307478,-28.1982,-13.817612,-28.6255,-14.837633
472.8,-28.3508,-24.743542,-27.832,-19.295683,-28.2593,-13.831452,-28.595,-14.831204
472.9,-28.3203,-24.732964,-27.832,-19.283888,-28.2898,-13.845246,-28.595,-14.824742
473.0,-28.2898,-24.722372,-27.8625,-19.27209,-28.2898,-13.858994,-28.595,-14.818246
473.1,-28.3203,-24.71177,-27.8625,-19.260292,-28.2593,-13.872693,-28.6255,-14.811716
473.2,-28.3203,-24.701155,-27.832,-19.248491,-28.2593,-13.886344,-28.595,-14.805152
473.3,-28.3508,-24.690529,-27.832,-19.23669,-28.2898,-13.899945,-28.595,-14.798554
473.4,-28.3203,-24.67989,-27.832,-19.224888,-28.2593,-13.913497,-28.595,-14.7919235
473.5,-28.3203,-24.669239,-27.832,-19.213083,-28.2288,-13.926999,-28.595,-14.785259
473.6,-28.2898,-24.658577,-27.832,-19.201279,-28.2593,-13.94045,-28.595,-14.778563
473.7,-28.2898,-24.647903,-27.8625,-19.189472,-28.1982,-13.953849,-28.6255,-14.771832
473.8,-28.3508,-24.63722,-27.832,-19.177664,-28.2593,-13.967196,-28.6255,-14.765069
473.9,-28.3203,-24.626526,-27.832,-19.165855,-28.2593,-13.980492,-28.6255,-14.758273
474.0,-28.3203,-24.61582,-27.832,-19.154045,-28.2593,-13.993733,-28.6255,-14.751445
474.1,-28.2898,-24.605103,-27.832,-19.142233,-28.2593,-14.006922,-28.6255,-14.744583
474.2,-28.2593,-24.594376,-27.832,-19.130419,-28.1982,-14.020056,-28.656,-14.737689
474.3,-28.3203,-24.583637,-27.8015,-19.118605,-28.1677,-14.033134,-28.595,-14.7307625
474.4,-28.2593,-24.57289,-27.832,-19.106789,-28.1982,-14.046158,-28.5645,-14.723804
474.5,-28.2898,-24.56213,-27.8931,-19.09497,-28.1982,-14.059126,-28.656,-14.716814
474.6,-28.2898,-24.551361,-27.8625,-19.08315,-28.1677,-14.072037,-28.595,-14.709791
474.7,-28.2593,-24.54058,-27.832,-19.071331,-28.1677,-14.084891,-28.656,-14.702737
474.8,-28.2898,-24.52979,-27.771,-19.05951,-28.1982,-14.097689,-28.656,-14.69565
474.9,-28.2898,-24.518991,-27.832,-19.047686,-28.1982,-14.110428,-28.6255,-14.688532
475.0,-28.2898,-24.50818,-27.8015,-19.03586,-28.1982,-14.123109,-28.6255,-14.681382
475.1,-28.3203,-24.49736,-27.8015,-19.024035,-28.1372,-14.135731,-28.6255,-14.674201
475.2,-28.2898,-24.48653,-27.8015,-19.012207,-28.1372,-14.1482935,-28.6255,-14.666988
475.3,-28.2593,-24.47569,-27.8015,-19.000378,-28.1372,-14.160796,-28.717,-14.659744
475.4,-28.2593,-24.464842,-27.7405,-18.988546,-28.1982,-14.173239,-28.6865,-14.652469
475.5,-28.2593,-24.453983,-27.771,-18.976715,-28.1067,-14.18562,-28.6255,-14.645162
475.6,-28.2898,-24.443115,-27.8015,-18.964882,-28.1372,-14.197941,-28.6255,-14.637824
475.7,-28.2898,-24.432238,-27.8015,-18.953047,-28.1677,-14.210199,-28.656,-14.630455
475.8,-28.2898,-24.421352,-27.71,-18.94121,-28.1372,-14.222396,-28.6255,-14.623055
475.9,-28.2593,-24.410458,-27.771,-18.929373,-28.1372,-14.23453,-28.6865,-14.615625
476.0,-28.2593,-24.399553,-27.7405,-18.917534,-28.1982,-14.246602,-28.6255,-14.608165
476.1,-28.2898,-24.388641,-27.771,-18.905693,-28.1677,-14.258611,-28.595,-14.600674
476.2,-28.2593,-24.37772,-27.771,-18.89385,-28.1677,-14.2705555,-28.656,-14.593152
476.3,-28.2593,-24.366789,-27.771,-18.882006,-28.1677,-14.282436,-28.595,-14.5856
476.4,-28.2898,-24.35585,-27.7405,-18.870161,-28.1372,-14.294252,-28.656,-14.578017
476.5,-28.2898,-24.344902,-27.771,-18.858315,-28.1372,-14.306004,-28.656,-14.570404
476.6,-28.2593,-24.333946,-27.71,-18.846466,-28.1677,-14.31769,-28.656,-14.562761
476.7,-28.2288,-24.32298,-27.7405,-18.834616,-28.1067,-14.32931,-28.656,-14.555088
476.8,-28.2593,-24.312008,-27.7405,-18.822763,-28.1372,-14.340865,-28.656,-14.547385
476.9,-28.2593,-24.301027,-27.7405,-18.810911,-28.1677,-14.352354,-28.656,-14.539653
477.0,-28.2898,-24.290037,-27.7405,-18.799057,-28.1677,-14.363776,-28.6255,-14.531891
477.1,-28.2898,-24.27904,-27.71,-18.7872,-28.1372,-14.375132,-28.6255,-14.524098
477.2,-28.2898,-24.268034,-27.7405,-18.775343,-28.1067,-14.38642,-28.6255,-14.516276
477.3,-28.2593,-24.25702,-27.71,-18.763483,-28.1677,-14.397641,-28.6255,-14.508426
477.4,-28.3203,-24.246,-27.71,-18.751621,-28.1982,-14.408794,-28.6255,-14.5005455
477.5,-28.2898,-24.234972,-27.71,-18.73976,-28.1677,-14.419879,-28.595,-14.492636
477.6,-28.2898,-24.223936,-27.71,-18.727896,-28.1677,-14.430896,-28.6255,-14.484696
477.7,-28.2898,-24.212893,-27.6794,-18.71603,-28.1677,-14.441844,-28.6255,-14.476728
477.8,-28.2898,-24.201841,-27.6794,-18.704163,-28.1372,-14.452723,-28.6255,-14.468731
477.9,-28.2593,-24.190783,-27.6794,-18.692293,-28.1982,-14.463532,-28.6255,-14.460705
478.0,-28.2593,-24.179716,-27.71,-18.680422,-28.1982,-14.474273,-28.6255,-14.45265
478.1,-28.2898,-24.168642,-27.6489,-18.66855,-28.1982,-14.484943,-28.6255,-14.444566
478.2,-28.2898,-24.15756,-27.6794,-18.656677,-28.1677,-14.4955435,-28.656,-14.436453
478.3,-28.2288,-24.146471,-27.6489,-18.644802,-28.1677,-14.506074,-28.6865,-14.428311
478.4,-28.2593,-24.135374,-27.6489,-18.632925,-28.1372,-14.516534,-28.656,-14.420141
478.5,-28.2593,-24.124271,-27.6794,-18.621046,-28.1677,-14.526923,-28.656,-14.4119425
478.6,-28.2898,-24.113161,-27.6794,-18.609165,-28.1677,-14.537241,-28.656,-14.403716
478.7,-28.3508,-24.102043,-27.6184,-18.597282,-28.1982,-14.547488,-28.6255,-14.395461
478.8,-28.3203,-24.09092,-27.6489,-18.585398,-28.1677,-14.557664,-28.656,-14.387177
478.9,-28.3508,-24.079788,-27.6184,-18.573513,-28.1677,-14.567768,-28.656,-14.378866
479.0,-28.3203,-24.068651,-27.6489,-18.561626,-28.1372,-14.5778,-28.6255,-14.370526
479.1,-28.3203,-24.057507,-27.6184,-18.549738,-28.1677,-14.58776,-28.6255,-14.362159
479.2,-28.3203,-24.046356,-27.6184,-18.537848,-28.1677,-14.597648,-28.6255,-14.353763
479.3,-28.3203,-24.035198,-27.6489,-18.525955,-28.1677,-14.607463,-28.656,-14.345339
479.4,-28.3508,-24.024035,-27.6489,-18.514061,-28.1372,-14.617206,-28.6255,-14.336887
479.5,-28.2898,-24.012863,-27.6184,-18.502165,-28.1067,-14.626876,-28.595,-14.328408
479.6,-28.2898,-24.001686,-27.6184,-18.490267,-28.1372,-14.636474,-28.656,-14.319901
479.7,-28.3203,-23.990503,-27.6489,-18.478367,-28.1372,-14.645998,-28.595,-14.311367
479.8,-28.3203,-23.979313,-27.6184,-18.466467,-28.1677,-14.65545,-28.6255,-14.302805
479.9,-28.3203,-23.968117,-27.5879,-18.454565,-28.1372,-14.664828,-28.6865,-14.294215
480.0,-28.2898,-23.956915,-27.6184,-18.442661,-28.1067,-14.674133,-28.656,-14.285598
480.1,-28.3508,-23.945707,-27.6184,-18.430756,-28.1372,-14.683365,-28.6865,-14.276954
480.2,-28.2898,-23.934494,-27.6489,-18.418848,-28.1372,-14.692522,-28.717,-14.268282
480.3,-28.2898,-23.923273,-27.6184,-18.406939,-28.1067,-14.701606,-28.6865,-14.259583
480.4,-28.3508,-23.912046,-27.6489,-18.395027,-28.1372,-14.710615,-28.656,-14.250857
480.5,-28.3203,-23.900814,-27.6184,-18.383114,-28.1372,-14.719551,-28.656,-14.242105
480.6,-28.3508,-23.889576,-27.6489,-18.371199,-28.1372,-14.728413,-28.656,-14.233324
480.7,-28.3203,-23.878332,-27.6489,-18.359282,-28.1372,-14.7372,-28.6865,-14.224517
480.8,-28.3203,-23.867083,-27.6794,-18.347363,-28.1372,-14.745913,-28.717,-14.215683
480.9,-28.2593,-23.855827,-27.6184,-18.335442,-28.1677,-14.754551,-28.717,-14.206822
481.0,-28.3203,-23.844566,-27.5879,-18.323519,-28.1982,-14.763115,-28.656,-14.197934
481.1,-28.3508,-23.8333,-27.6184,-18.311594,-28.1372,-14.771605,-28.656,-14.189019
481.2,-28.2898,-23.822027,-27.6184,-18.299667,-28.1677,-14.78002,-28.6255,-14.180078
481.3,-28.3203,-23.81075,-27.6184,-18.287739,-28.1372,-14.788361,-28.656,-14.171109
481.4,-28.3508,-23.799467,-27.6489,-18.275808,-28.0762,-14.796626,-28.6865,-14.162115
481.5,-28.3508,-23.78818,-27.6489,-18.263876,-28.1067,-14.804817,-28.6865,-14.153094
481.59999999999997,-28.3813,-23.776886,-27.6794,-18.251942,-28.1677,-14.812933,-28.717,-14.144047
481.70000000000005,-28.3508,-23.765587,-27.6184,-18.240005,-28.1372,-14.820974,-28.717,-14.134973
481.8,-28.3508,-23.754282,-27.6184,-18.228067,-28.1372,-14.82894,-28.6865,-14.125873
481.9,-28.2898,-23.742973,-27.6489,-18.216127,-28.1982,-14.836832,-28.6865,-14.116746
482.0,-28.3508,-23.731659,-27.6184,-18.204185,-28.1677,-14.844648,-28.6865,-14.107594
482.09999999999997,-28.3203,-23.720339,-27.6489,-18.192244,-28.1982,-14.852389,-28.6865,-14.098414
482.20000000000005,-28.3813,-23.709015,-27.6489,-18.180298,-28.1677,-14.860056,-28.6865,-14.08921
482.3,-28.3203,-23.697685,-27.6489,-18.16835,-28.1372,-14.867647,-28.656,-14.079978
482.4,-28.3203,-23.68635,-27.71,-18.1564,-28.1982,-14.875163,-28.6865,-14.070721
482.5,-28.3508,-23.67501,-27.6489,-18.14445,-28.1677,-14.882604,-28.717,-14.061438
482.59999999999997,-28.3813,-23.663666,-27.6489,-18.132496,-28.1372,-14.88997,-28.656,-14.052128
482.70000000000005,-28.3203,-23.652317,-27.6489,-18.12054,-28.1372,-14.897261,-28.656,-14.042792
482.8,-28.3203,-23.640963,-27.6489,-18.108583,-28.1067,-14.904476,-28.717,-14.033431
482.9,-28.3203,-23.629604,-27.6794,-18.096624,-28.1372,-14.911617,-28.6865,-14.024044
483.0,-28.3508,-23.61824,-27.6794,-18.084663,-28.1372,-14.918683,-28.717,-14.014631
483.09999999999997,-28.3508,-23.606873,-27.6794,-18.0727,-28.1067,-14.9256735,-28.7476,-14.005193
483.20000000000005,-28.3203,-23.595499,-27.6794,-18.060736,-28.1067,-14.93259,-28.717,-13.9957285
483.3,-28.3508,-23.584122,-27.6794,-18.048769,-28.1067,-14.93943,-28.717,-13.9862385
483.4,-28.2898,-23.57274,-27.6489,-18.0368,-28.1677,-14.946196,-28.717,-13.976723
483.5,-28.3203,-23.561354,-27.6794,-18.02483,-28.1372,-14.952887,-28.656,-13.967181
483.59999999999997,-28.3203,-23.549963,-27.71,-18.012857,-28.1677,-14.959502,-28.6865,-13.957615
483.70000000000005,-28.3508,-23.538568,-27.6794,-18.000883,-28.1372,-14.966043,-28.7476,-13.948023
483.8,-28.2898,-23.527168,-27.71,-17.988907,-28.1067,-14.972509,-28.717,-13.938405
483.9,-28.3203,-23.515764,-27.6794,-17.976929,-28.1372,-14.978901,-28.7476,-13.9287615
484.0,-28.3813,-23.504356,-27.6794,-17.964949,-28.1372,-14.985218,-28.7781,-13.919093
484.09999999999997,-28.4119,-23.492945,-27.71,-17.952967,-28.1982,-14.99146,-28.7476,-13.909399
484.20000000000005,-28.3203,-23.481527,-27.6794,-17.940983,-28.1677,-14.997627,-28.717,-13.89968
484.3,-28.3508,-23.470106,-27.71,-17.928997,-28.1372,-15.00372,-28.717,-13.8899355
484.4,-28.3203,-23.458681,-27.6794,-17.917007,-28.1372,-15.009739,-28.717,-13.880166
484.5,-28.3203,-23.447252,-27.7405,-17.905016,-28.1372,-15.015683,-28.7781,-13.870371
484.59999999999997,-28.3203,-23.43582,-27.71,-17.893023,-28.0762,-15.021553,-28.7781,-13.860551
484.70000000000005,-28.3508,-23.424383,-27.6794,-17.881027,-28.1067,-15.0273485,-28.7781,-13.850705
484.8,-28.3203,-23.412943,-27.71,-17.86903,-28.1372,-15.03307,-28.717,-13.840835
484.9,-28.3508,-23.401497,-27.6794,-17.85703,-28.0762,-15.038717,-28.717,-13.830939
485.0,-28.3508,-23.390047,-27.6794,-17.84503,-28.1372,-15.044291,-28.7476,-13.821018
485.09999999999997,-28.3508,-23.378593,-27.6489,-17.833027,-28.1067,-15.04979,-28.7476,-13.811072
485.20000000000005,-28.4119,-23.367136,-27.71,-17.821022,-28.1067,-15.055216,-28.7476,-13.801102
485.3,-28.3508,-23.355675,-27.6489,-17.809013,-28.1067,-15.060568,-28.7476,-13.791106
485.4,-28.3508,-23.34421,-27.6794,-17.797003,-28.1067,-15.065846,-28.7476,-13.781085
485.5,-28.3203,-23.33274,-27.71,-17.78499,-28.1372,-15.071052,-28.7476,-13.771039
485.59999999999997,-28.3813,-23.32127,-27.6489,-17.772976,-28.1067,-15.076183,-28.7781,-13.760968
485.70000000000005,-28.3813,-23.309795,-27.6794,-17.76096,-28.0762,-15.081242,-28.717,-13.750873
485.8,-28.3813,-23.298317,-27.71,-17.748941,-28.0762,-15.086226,-28.7476,-13.740752
485.9,-28.4119,-23.286835,-27.6489,-17.736921,-28.0762,-15.091138,-28.7476,-13.730607
486.0,-28.3813,-23.275349,-27.6489,-17.724897,-28.0762,-15.095977,-28.7781,-13.720437
486.09999999999997,-28.3813,-23.263859,-27.6794,-17.712872,-28.0762,-15.100742,-28.7476,-13.710242
486.20000000000005,-28.4119,-23.252365,-27.6489,-17.700844,-28.1372,-15.105435,-28.7781,-13.700023
486.3,-28.3508,-23.240868,-27.6489,-17.688814,-28.0762,-15.110056,-28.7781,-13.689778
486.4,-28.3508,-23.229368,-27.6489,-17.676783,-28.1372,-15.114604,-28.8086,-13.679509
486.5,-28.4119,-23.217865,-27.6184,-17.66475,-28.1372,-15.11908,-28.7476,-13.669215
486.59999999999997,-28.3813,-23.206358,-27.71,-17.652712,-28.1372,-15.123483,-28.7476,-13.658896
486.70000000000005,-28.3813,-23.194847,-27.6489,-17.640673,-28.0762,-15.127814,-28.7476,-13.648553
486.8,-28.4119,-23.183332,-27.6794,-17.628632,-28.1067,-15.132073,-28.717,-13.638185
486.9,-28.4119,-23.171816,-27.6489,-17.616589,-28.1067,-15.136261,-28.7476,-13.627791
487.0,-28.4119,-23.160295,-27.6794,-17.604544,-28.1067,-15.140377,-28.7476,-13.617373
487.09999999999997,-28.3813,-23.148771,-27.6794,-17.592497,-28.1067,-15.144422,-28.7781,-13.606931
487.20000000000005,-28.3508,-23.137245,-27.6489,-17.580446,-28.1067,-15.148395,-28.7476,-13.596463
487.3,-28.3813,-23.125715,-27.6794,-17.568394,-28.1372,-15.152296,-28.7476,-13.585971
487.4,-28.4119,-23.114182,-27.71,-17.55634,-28.1067,-15.156127,-28.7476,-13.575454
487.5,-28.4119,-23.102646,-27.6794,-17.544283,-28.1067,-15.159886,-28.7476,-13.564912
487.59999999999997,-28.4119,-23.091106,-27.6489,-17.532223,-28.1372,-15.163575,-28.717,-13.554345
487.70000000000005,-28.3508,-23.079563,-27.6794,-17.52016,-28.0762,-15.167193,-28.6865,-13.543755
487.8,-28.3813,-23.068018,-27.6794,-17.508097,-28.1067,-15.170741,-28.717,-13.533139
487.9,-28.4424,-23.056469,-27.6794,-17.49603,-28.0762,-15.174218,-28.7476,-13.522499
488.0,-28.4119,-23.044918,-27.6794,-17.483963,-28.1067,-15.177625,-28.717,-13.511834
488.09999999999997,-28.4424,-23.033363,-27.6794,-17.471891,-28.0762,-15.180962,-28.7476,-13.501144
488.20000000000005,-28.4424,-23.021807,-27.71,-17.459818,-28.0762,-15.184228,-28.8086,-13.49043
488.3,-28.3813,-23.010246,-27.6794,-17.447742,-28.1372,-15.187425,-28.717,-13.479691
488.4,-28.3813,-22.998684,-27.6794,-17.435665,-28.1067,-15.190552,-28.717,-13.468926
488.5,-28.4119,-22.987118,-27.7405,-17.423584,-28.1677,-15.19361,-28.7781,-13.458138
488.59999999999997,-28.3813,-22.97555,-27.6794,-17.4115,-28.1067,-15.196599,-28.7781,-13.447326
488.70000000000005,-28.4119,-22.963978,-27.71,-17.399416,-28.1067,-15.199518,-28.7781,-13.436488
488.8,-28.4119,-22.952404,-27.7405,-17.38733,-28.1677,-15.202369,-28.7476,-13.425626
488.9,-28.3813,-22.940826,-27.7405,-17.375238,-28.1067,-15.205151,-28.7476,-13.414739
489.0,-28.3813,-22.929247,-27.6794,-17.363146,-28.0762,-15.207864,-28.7476,-13.403827
489.09999999999997,-28.3813,-22.917664,-27.71,-17.351051,-28.1372,-15.210508,-28.8086,-13.39289
489.20000000000005,-28.3813,-22.906078,-27.71,-17.338953,-28.1372,-15.213085,-28.7476,-13.381928
489.3,-28.3813,-22.894491,-27.7405,-17.326853,-28.0762,-15.215593,-28.7781,-13.370942
489.4,-28.4119,-22.8829,-27.7405,-17.31475,-28.1067,-15.218034,-28.7476,-13.359932
489.5,-28.3508,-22.871307,-27.71,-17.302645,-28.1372,-15.220407,-28.7476,-13.348897
489.59999999999997,-28.3813,-22.85971,-27.771,-17.290537,-28.1372,-15.222712,-28.717,-13.337837
489.70000000000005,-28.3508,-22.848112,-27.7405,-17.278427,-28.1067,-15.22495,-28.717,-13.326753
489.8,-28.3813,-22.836512,-27.71,-17.266315,-28.1372,-15.22712,-28.7476,-13.315643
489.9,-28.3508,-22.824907,-27.7405,-17.2542,-28.1067,-15.229224,-28.7781,-13.304509
490.0,-28.3508,-22.813301,-27.771,-17.242083,-28.1372,-15.231261,-28.7781,-13.29335
490.09999999999997,-28.4119,-22.801693,-27.7405,-17.229963,-28.1067,-15.233232,-28.8086,-13.2821665
490.20000000000005,-28.3813,-22.790081,-27.71,-17.21784,-28.0762,-15.235135,-28.7781,-13.270957
490.3,-28.3813,-22.778467,-27.7405,-17.205715,-28.1067,-15.236973,-28.7781,-13.259723
490.4,-28.3508,-22.766851,-27.7405,-17.193588,-28.1067,-15.238745,-28.7476,-13.248464
490.5,-28.3508,-22.755234,-27.71,-17.181458,-28.0762,-15.240451,-28.7476,-13.23718
490.59999999999997,-28.4119,-22.743612,-27.71,-17.169325,-28.0762,-15.242091,-28.7781,-13.225871
490.70000000000005,-28.4119,-22.731989,-27.7405,-17.15719,-28.1372,-15.243666,-28.7476,-13.214538
490.8,-28.4424,-22.720364,-27.771,-17.145052,-28.1372,-15.245174,-28.7781,-13.203178
490.9,-28.4424,-22.708736,-27.71,-17.132912,-28.1067,-15.246618,-28.7476,-13.191794
491.0,-28.4424,-22.697107,-27.8015,-17.120768,-28.1067,-15.247997,-28.7781,-13.180386
491.09999999999997,-28.4729,-22.685474,-27.7405,-17.108622,-28.1067,-15.249311,-28.7781,-13.168952
491.20000000000005,-28.4119,-22.67384,-27.7405,-17.096474,-28.0457,-15.250561,-28.7476,-13.157493
491.3,-28.4119,-22.662203,-27.71,-17.084322,-28.0151,-15.251746,-28.7781,-13.1460085
491.4,-28.4424,-22.650564,-27.7405,-17.072168,-28.0151,-15.252868,-28.7476,-13.134499
491.5,-28.4424,-22.638924,-27.771,-17.06001,-28.0457,-15.253924,-28.7476,-13.122964
491.59999999999997,-28.4424,-22.62728,-27.7405,-17.047852,-28.0457,-15.254918,-28.7476,-13.111403
491.70000000000005,-28.4424,-22.615633,-27.7405,-17.03569,-28.0762,-15.255848,-28.717,-13.099818
491.8,-28.4424,-22.603985,-27.71,-17.023525,-28.0762,-15.256714,-28.7476,-13.088207
491.9,-28.4729,-22.592335,-27.6794,-17.011358,-28.0762,-15.257517,-28.7476,-13.076571
492.0,-28.4424,-22.580683,-27.71,-16.999187,-28.0457,-15.258257,-28.717,-13.06491
492.09999999999997,-28.4424,-22.569029,-27.7405,-16.987015,-28.0457,-15.258934,-28.717,-13.053223
492.20000000000005,-28.4424,-22.557373,-27.71,-16.97484,-28.0457,-15.259548,-28.7476,-13.04151
492.3,-28.4119,-22.545715,-27.6794,-16.962662,-28.0762,-15.2601,-28.717,-13.029772
492.4,-28.4424,-22.534056,-27.6794,-16.950481,-28.0762,-15.260591,-28.7476,-13.018008
492.5,-28.3813,-22.522394,-27.71,-16.938297,-28.0457,-15.261019,-28.7476,-13.006219
492.59999999999997,-28.3813,-22.51073,-27.71,-16.926111,-28.1067,-15.261385,-28.7781,-12.994404
492.70000000000005,-28.3813,-22.499063,-27.7405,-16.913921,-27.9846,-15.261689,-28.7476,-12.982563
492.8,-28.3813,-22.487394,-27.7405,-16.90173,-28.0762,-15.261932,-28.7781,-12.970696
492.9,-28.4424,-22.475723,-27.6794,-16.889534,-28.0762,-15.262115,-28.7476,-12.958804
493.0,-28.4729,-22.46405,-27.6794,-16.877337,-28.0762,-15.262236,-28.8086,-12.946885
493.09999999999997,-28.4119,-22.452375,-27.6489,-16.865135,-28.0151,-15.262296,-28.7781,-12.93494
493.20000000000005,-28.4119,-22.440699,-27.6489,-16.852932,-28.0151,-15.262295,-28.8086,-12.92297
493.3,-28.4119,-22.42902,-27.6489,-16.840725,-28.0457,-15.262234,-28.7476,-12.910974
493.4,-28.4424,-22.41734,-27.6794,-16.828516,-28.0457,-15.262113,-28.7781,-12.898951
493.5,-28.3813,-22.405657,-27.6184,-16.816303,-28.0151,-15.261931,-28.8086,-12.886902
493.59999999999997,-28.4119,-22.393972,-27.6489,-16.804089,-28.0457,-15.26169,-28.7781,-12.874826
493.70000000000005,-28.4119,-22.382286,-27.6794,-16.79187,-28.0457,-15.261389,-28.8086,-12.862725
493.8,-28.4119,-22.370598,-27.6489,-16.77965,-28.0762,-15.261028,-28.7781,-12.850597
493.9,-28.3508,-22.35891,-27.6489,-16.767426,-28.0457,-15.260609,-28.8086,-12.838443
494.0,-28.3813,-22.34722,-27.6794,-16.7552,-28.0151,-15.26013,-28.7781,-12.8262615
494.09999999999997,-28.3508,-22.335527,-27.6184,-16.74297,-28.0457,-15.259592,-28.8086,-12.8140545
494.2,-28.3813,-22.323833,-27.6489,-16.730738,-28.0151,-15.258996,-28.7781,-12.801821
494.3,-28.3813,-22.312138,-27.6489,-16.718502,-28.0457,-15.258341,-28.7781,-12.78956
494.40000000000003,-28.3813,-22.30044,-27.6489,-16.706264,-28.0762,-15.2576275,-28.8086,-12.777272
494.5,-28.4119,-22.28874,-27.6794,-16.694023,-28.0151,-15.256857,-28.8086,-12.764957
494.59999999999997,-28.3508,-22.277039,-27.6489,-16.68178,-28.0151,-15.256028,-28.7781,-12.752616
494.7,-28.4424,-22.265335,-27.6489,-16.669533,-28.0457,-15.255141,-28.8086,-12.740248
494.8,-28.3508,-22.25363,-27.6489,-16.657284,-28.0151,-15.254197,-28.7781,-12.727852
494.90000000000003,-28.4119,-22.241922,-27.71,-16.645031,-28.0457,-15.253196,-28.7476,-12.715429
495.0,-28.4119,-22.230213,-27.6794,-16.632774,-28.0457,-15.252137,-28.7476,-12.702979
495.09999999999997,-28.3508,-22.218504,-27.71,-16.620516,-28.0457,-15.251022,-28.7476,-12.690501
495.2,-28.3813,-22.206793,-27.71,-16.608253,-28.0762,-15.24985,-28.7781,-12.677997
495.3,-28.4424,-22.19508,-27.6794,-16.59599,-27.9846,-15.248622,-28.8086,-12.665464
495.40000000000003,-28.3508,-22.183365,-27.71,-16.583721,-28.0151,-15.247337,-28.8086,-12.6529045
495.5,-28.3508,-22.171648,-27.6794,-16.57145,-28.0151,-15.245996,-28.8086,-12.640317
495.59999999999997,-28.4424,-22.15993,-27.6489,-16.559175,-28.0457,-15.2446,-28.7781,-12.627702
495.7,-28.4119,-22.148209,-27.6794,-16.546898,-28.0762,-15.243148,-28.8086,-12.615058
495.8,-28.3508,-22.136488,-27.6489,-16.534618,-28.0762,-15.24164,-28.8086,-12.602386
495.90000000000003,-28.3508,-22.124765,-27.6489,-16.522335,-28.1067,-15.240077,-28.8696,-12.589687
496.0,-28.3508,-22.11304,-27.6489,-16.510048,-28.0762,-15.238459,-28.7781,-12.57696
496.09999999999997,-28.3813,-22.101315,-27.6794,-16.497759,-28.0457,-15.236786,-28.8086,-12.564203
496.2,-28.3813,-22.089586,-27.71,-16.485466,-28.0151,-15.235059,-28.8086,-12.551419
496.3,-28.3508,-22.077858,-27.71,-16.47317,-28.0457,-15.233276,-28.7781,-12.538607
496.40000000000003,-28.3813,-22.066128,-27.71,-16.46087,-28.0151,-15.23144,-28.8086,-12.525765
496.5,-28.3813,-22.054396,-27.71,-16.448568,-28.0457,-15.229549,-28.7781,-12.512896
496.59999999999997,-28.3508,-22.042662,-27.71,-16.436262,-27.9846,-15.227605,-28.7781,-12.499997
496.7,-28.4119,-22.030926,-27.6794,-16.423954,-27.9846,-15.225607,-28.7476,-12.487069
496.8,-28.4424,-22.01919,-27.71,-16.411642,-28.0151,-15.223556,-28.7781,-12.4741125
496.90000000000003,-28.4119,-22.007452,-27.71,-16.399326,-28.0151,-15.221451,-28.8086,-12.461126
497.0,-28.4119,-21.995712,-27.71,-16.387009,-27.9846,-15.219293,-28.7781,-12.448112
497.09999999999997,-28.4119,-21.98397,-27.71,-16.374687,-27.9846,-15.217082,-28.8086,-12.435067
497.2,-28.3813,-21.972229,-27.771,-16.362362,-28.0151,-15.214818,-28.8086,-12.421993
497.3,-28.3508,-21.960485,-27.7405,-16.350035,-27.9846,-15.212502,-28.8391,-12.40889
497.40000000000003,-28.4119,-21.94874,-27.7405,-16.337704,-27.9846,-15.210133,-28.8391,-12.395757
497.5,-28.3508,-21.936993,-27.7405,-16.325369,-27.9846,-15.207712,-28.8086,-12.382593
497.59999999999997,-28.4119,-21.925245,-27.6794,-16.31303,-27.9846,-15.205239,-28.8391,-12.3694
497.7,-28.4119,-21.913496,-27.71,-16.30069,-27.9541,-15.202715,-28.8391,-12.356176
497.8,-28.3813,-21.901745,-27.71,-16.288345,-28.0151,-15.200139,-28.8696,-12.342922
497.90000000000003,-28.3813,-21.889992,-27.71,-16.275997,-27.9846,-15.197512,-28.8391,-12.329638
498.0,-28.4119,-21.878239,-27.71,-16.263645,-27.9846,-15.194833,-28.8696,-12.316322
498.09999999999997,-28.3508,-21.866484,-27.71,-16.251291,-28.0151,-15.192102,-28.8696,-12.302977
498.2,-28.4729,-21.854727,-27.771,-16.238934,-28.0151,-15.1893215,-28.8696,-12.2896
498.3,-28.3508,-21.84297,-27.7405,-16.226572,-27.9846,-15.18649,-28.8391,-12.276193
498.40000000000003,-28.3508,-21.831211,-27.7405,-16.214207,-27.9846,-15.183608,-28.8086,-12.262754
498.5,-28.4119,-21.81945,-27.771,-16.201838,-28.0151,-15.1806755,-28.8391,-12.249285
498.59999999999997,-28.4119,-21.807688,-27.7405,-16.189466,-28.0457,-15.177693,-28.9001,-12.235784
498.7,-28.4424,-21.795925,-27.7405,-16.177092,-28.0457,-15.174661,-28.8696,-12.222251
498.8,-28.4424,-21.78416,-27.7405,-16.164713,-28.0151,-15.171578,-28.8696,-12.208687
498.90000000000003,-28.4424,-21.772394,-27.71,-16.15233,-27.9846,-15.168447,-28.8696,-12.19509
499.0,-28.4424,-21.760628,-27.771,-16.139944,-27.9846,-15.165265,-28.8696,-12.181462
499.09999999999997,-28.4729,-21.74886,-27.7405,-16.127556,-27.9541,-15.162035,-28.8086,-12.167802
499.2,-28.4424,-21.73709,-27.771,-16.115164,-27.9846,-15.158756,-28.8086,-12.154109
499.3,-28.4119,-21.725319,-27.7405,-16.102768,-28.0151,-15.155428,-28.8086,-12.140384
499.40000000000003,-28.3813,-21.713547,-27.71,-16.090368,-27.9541,-15.152051,-28.8391,-12.126625
499.5,-28.4424,-21.701773,-27.7405,-16.077965,-27.9846,-15.148625,-28.8391,-12.112834
499.59999999999997,-28.4119,-21.689999,-27.71,-16.065557,-27.9846,-15.145152,-28.7476,-12.0990095
499.7,-28.4729,-21.678223,-27.71,-16.053148,-28.0151,-15.14163,-28.8086,-12.085152
499.8,-28.4424,-21.666445,-27.71,-16.040735,-27.9846,-15.138061,-28.8086,-12.07126
499.90000000000003,-28.4119,-21.654667,-27.71,-16.028318,-27.9236,-15.134443,-28.8086,-12.057336
