target_order,target,neighbor,distance_um,signal_correlation,influence_spikes,distance_bin
0,13,0,206.8146732790517,0.0,-0.03125,1
0,13,1,249.64526471951902,0.0,0.0,1
0,13,2,374.9150522431574,0.0,0.0,2
0,13,3,319.16875226284225,0.0,0.0,2
0,13,4,208.05954994976594,0.0,0.0,1
0,13,5,142.3502610065797,0.0,0.0,1
0,13,6,237.92232171363418,0.0,0.0,1
0,13,7,223.77129962054713,0.0,0.0,1
0,13,8,239.84084622643968,0.0,0.0,1
0,13,9,241.89021859971805,0.0,0.0,1
0,13,10,176.4724603542501,0.0,0.0,1
0,13,11,383.51595071841655,0.0,0.0,2
0,13,12,85.18188554028889,0.0,0.0,0
0,13,15,167.21501452863401,0.0,0.03125,1
0,13,16,295.1652121697381,0.0,0.0,1
0,13,17,202.728274819375,0.0,0.0,1
0,13,18,224.22314363079755,0.0,0.0,1
0,13,19,273.98242836874846,0.0,0.0,1
0,13,20,295.9632389266413,0.0,0.0,1
0,13,21,291.54025538563684,0.0,0.0,1
0,13,22,230.44064206670214,0.0,0.0,1
0,13,23,153.4678814871633,0.0,0.0,1
0,13,24,243.53826277774047,0.0,0.0,1
0,13,25,145.07733052771218,0.0,0.0,1
0,13,26,201.03183140837174,0.0,0.0,1
0,13,27,195.03308122279648,0.0,0.0,1
0,13,28,179.41434987398705,0.0,0.0,1
0,13,29,197.00308674856146,0.0,0.0,1
0,13,30,175.728086130389,0.0,0.0,1
0,13,31,166.81127714520915,0.0,0.0,1
0,13,32,250.35598523017487,0.0,0.0,1
0,13,33,164.02044577132716,0.0,0.0,1
0,13,34,114.18120563174473,0.0,0.0,1
0,13,35,329.4058845791667,0.0,0.0,2
0,13,36,204.5417973377124,0.0,0.0,1
0,13,37,282.4642194402591,0.0,0.0,1
0,13,38,388.24499840245136,0.0,0.0,2
0,13,39,361.74627611218773,0.0,0.0,2
0,13,40,218.27469162272914,0.0,0.0,1
0,13,41,313.21423786719953,0.0,0.0,2
0,13,42,89.0869583266637,0.0,0.0,0
0,13,43,282.47237540914267,0.0,0.0,1
0,13,44,230.62032921169913,0.0,0.0,1
0,13,45,246.83367707997218,0.0,0.0,1
0,13,46,169.3870357607752,0.0,0.0,1
0,13,47,197.65797842976477,0.0,0.0,1
0,13,48,316.97218842559823,0.0,0.0,2
0,13,49,191.30425824989663,0.0,-0.0625,1
0,13,50,238.51615335796947,0.0,0.0,1
0,13,51,112.84420408436935,0.0,0.0,1
0,13,52,321.9209796765605,0.0,0.0,2
0,13,53,268.60646436677183,0.0,-0.03125,1
0,13,54,391.47929721517846,0.0,0.0,2
0,13,55,377.0647730519627,0.0,0.0,2
0,13,56,159.05234606700003,0.0,0.0,1
0,13,57,142.29358414114893,0.0,0.0,1
0,13,58,50.486188948472396,0.0,0.0,0
0,13,59,45.81443906259148,0.0,0.0,0
0,13,60,350.34973947804434,0.0,0.0,2
0,13,61,252.69929090757734,0.0,0.0,1
0,13,62,342.9806366744947,0.0,0.0,2
0,13,63,402.7982286043203,0.0,0.0,2
0,13,64,338.7643284669965,0.0,0.0,2
0,13,65,227.41334561615645,0.0,0.0,1
0,13,66,316.89611007043914,0.0,0.0,2
0,13,67,292.56384401690104,0.0,0.0,1
0,13,68,246.6455077433386,0.0,0.0,1
0,13,69,293.4691123500293,0.0,0.0,1
0,13,70,347.0648354552258,0.0,0.0,2
0,13,71,193.92256755310927,0.0,0.0,1
0,13,72,260.75485230124366,0.0,0.0,1
0,13,73,99.45322359749635,0.0,0.0,0
0,13,74,211.31807333386217,0.0,0.0,1
0,13,75,345.05487972989226,0.0,0.0,2
0,13,76,322.9267100384287,0.0,0.0,2
0,13,77,186.67888589736643,0.0,0.0,1
0,13,78,322.03642700460466,0.0,0.0,2
0,13,79,131.96229891644776,0.0,-0.03125,1
0,13,80,393.9286001493512,0.0,0.0,2
0,13,81,232.02205909884879,0.0,0.0,1
0,13,82,102.2185344215589,0.0,0.0,1
0,13,83,91.6465703978637,0.0,0.0,0
0,13,84,167.12554629393352,0.0,0.0,1
0,13,85,298.75979988922836,0.0,0.0,1
0,13,86,237.63910829849706,0.0,0.0,1
0,13,87,116.5539611303599,0.0,0.0,1
0,13,88,351.7472214595383,0.0,0.0,2
0,13,89,106.63984138398312,0.0,0.0,1
0,13,90,239.84556282496354,0.0,0.0,1
0,13,91,114.50262794579142,0.0,0.0,1
0,13,92,175.5237653785839,0.0,0.0,1
0,13,93,335.306609889038,0.0,0.0,2
0,13,94,72.87579525742014,0.0,0.0,0
0,13,95,295.9057169418192,0.0,0.0,1
0,13,96,217.94991923752238,0.0,0.0,1
0,13,97,53.864938260159434,0.0,0.0,0
0,13,98,295.1657725144896,0.0,0.0,1
0,13,99,164.32157192886987,0.0,0.0,1
0,13,100,294.7454204699087,0.0,0.0,1
0,13,101,54.4565727392391,0.0,0.0,0
0,13,102,49.04253707470094,0.0,0.0,0
0,13,103,268.66570593173935,0.0,0.0,1
0,13,104,134.79755902541388,0.0,0.0,1
0,13,105,378.50711381709704,0.0,0.0,2
0,13,106,278.54317939432195,0.0,0.0,1
0,13,107,279.7150411949561,0.0,0.0,1
0,13,108,170.18001351141822,0.0,0.0,1
0,13,109,386.34436241741423,0.0,0.0,2
0,13,110,140.86319239444538,0.0,0.0,1
0,13,111,131.80801512808156,0.0,0.0,1
0,13,112,316.07076799939256,0.0,0.0,2
0,13,113,279.1194213111173,0.0,0.0,1
0,13,114,138.28417575728122,0.0,0.0,1
0,13,115,216.7107549668107,0.0,0.0,1
0,13,116,338.8280928794298,0.0,0.0,2
0,13,117,99.32373311964201,0.0,0.0,0
0,13,118,334.41651706175867,0.0,0.0,2
0,13,119,364.1057723826368,0.0,-0.03125,2
0,13,120,230.43884635336698,0.0,0.0,1
0,13,121,305.12261644855226,0.0,0.0625,2
0,13,122,212.23004395152157,0.0,0.0,1
0,13,123,327.9969112987631,0.0,0.0,2
0,13,124,209.52126554645014,0.0,0.0,1
0,13,125,170.85411914647165,0.0,0.0,1
0,13,126,274.3747966448262,0.0,0.0,1
0,13,127,342.54819519767113,0.0,0.0,2
0,13,128,236.78291188747534,0.0,0.0,1
0,13,129,81.15219775736709,0.0,0.0,0
0,13,130,414.7196751732671,0.0,0.0,2
0,13,131,314.9108828165146,0.0,0.0,2
0,13,132,181.04691322398793,0.0,0.0,1
0,13,133,236.81763263571878,0.0,0.0,1
0,13,134,228.7289796412338,0.0,0.0,1
0,13,135,338.49075739246365,0.0,0.0,2
0,13,136,207.48883398152353,0.0,0.0,1
0,13,137,187.580456749343,0.0,0.0,1
0,13,138,319.35107597242103,0.0,0.03125,2
0,13,139,338.17620879038316,0.0,0.0,2
0,13,140,176.5339793311154,0.0,0.0,1
0,13,141,120.4309010166255,0.0,0.0,1
0,13,142,111.13287010350724,0.0,0.0,1
0,13,143,98.81507622323468,0.0,0.0,0
0,13,144,214.73660202716619,0.0,0.0,1
0,13,145,307.74902207001315,0.0,0.0,2
0,13,146,278.83040529433293,0.0,0.0,1
0,13,147,318.30640640335025,0.0,0.0,2
0,13,148,358.4511253135791,0.0,0.0,2
0,13,149,213.51931530517072,0.0,0.0,1
0,13,150,174.4800407062371,0.0,0.0,1
0,13,151,268.4691413822377,0.0,0.0,1
0,13,152,336.3321064874686,0.0,0.0,2
0,13,153,81.79788093232034,0.0,0.0,0
0,13,154,139.8898500111146,0.0,0.0,1
0,13,155,229.62230155555392,0.0,0.0,1
0,13,156,233.36167396190757,0.0,0.0,1
0,13,157,106.21549050564006,0.0,0.0,1
0,13,158,184.57359958616078,0.0,0.0,1
0,13,159,195.04617392750126,0.0,0.0,1
0,13,160,279.50428857201473,0.0,0.0,1
0,13,161,335.925827890943,0.0,0.0,2
0,13,162,183.22716476632615,0.0,0.0,1
0,13,163,388.3225997532014,0.0,0.0,2
0,13,164,52.56838718384483,0.0,0.0,0
0,13,165,162.28213306412633,0.0,0.0,1
0,13,166,108.09936021240186,0.0,0.0,1
0,13,167,195.50911437246398,0.0,0.0,1
0,13,168,153.6459562156213,0.0,0.0,1
0,13,169,215.26488862270267,0.0,0.0,1
0,13,170,160.20269610441875,0.0,0.0,1
0,13,171,146.0651893738401,0.0,0.0,1
0,13,172,143.25113701279327,0.0,0.0,1
0,13,173,224.3186221745715,0.0,0.0,1
0,13,174,166.23181393263746,0.0,0.0,1
0,13,175,49.7985789397348,0.0,0.0,0
0,13,176,41.63047302125074,0.0,0.0,0
0,13,177,83.17746000839848,0.0,0.0,0
0,13,178,232.62761979869614,0.0,0.0,1
0,13,179,172.6337058449584,0.0,0.0,1
0,13,180,266.8970716276567,0.0,0.0,1
0,13,181,377.53927332618036,0.0,0.0,2
0,13,182,190.08148702745794,0.0,0.0,1
0,13,183,136.98848935993158,0.0,0.0,1
0,13,184,289.18208143810284,0.0,0.0,1
0,13,185,354.1222691118444,0.0,0.0,2
0,13,186,289.6161034313748,0.0,0.0,1
0,13,187,81.84520992925005,0.0,0.0,0
0,13,188,313.8817862078267,0.0,0.0,2
0,13,189,209.43264279656273,0.0,0.0,1
0,13,190,37.35304941195125,0.0,0.0,0
0,13,191,210.25761097488348,0.0,0.0,1
0,13,192,312.7611937071624,0.0,0.0,2
0,13,193,129.49055354795922,0.0,0.0,1
0,13,194,359.5675965424307,0.0,0.0,2
0,13,195,140.40190735902982,0.0,-0.03125,1
0,13,196,110.7482896104738,0.0,0.0,1
0,13,197,92.03031310349331,0.0,0.0,0
0,13,198,318.31469710369686,0.0,0.0,2
0,13,199,100.48886502157984,0.0,0.0,1
0,13,200,108.89497014316063,0.0,0.0,1
0,13,201,221.8406811199818,0.0,0.0,1
0,13,202,316.742415610816,0.0,0.0,2
0,13,203,439.40627661505573,0.0,0.0,2
0,13,204,425.7760235053391,0.0,0.0,2
0,13,205,244.63724659949918,0.0,0.0,1
0,13,206,278.8979220039336,0.0,0.0,1
0,13,207,122.8073320543698,0.0,0.0,1
0,13,208,396.8347420337761,0.0,0.0,2
0,13,209,188.70477893933466,0.0,0.0,1
0,13,210,128.931237023023,0.0,0.0,1
0,13,211,48.20341711302042,0.0,0.0,0
0,13,212,359.2614845179433,0.0,0.0,2
0,13,213,298.03012360952323,0.0,0.0,1
0,13,214,109.50926321875623,0.0,0.0,1
0,13,215,185.382745125223,0.0,0.0,1
0,13,216,268.43644022985717,0.0,0.0,1
0,13,217,78.05234827488495,0.0,0.0,0
0,13,218,164.5164013988154,0.0,0.0,1
0,13,219,261.2013968084523,0.0,0.0,1
0,13,220,271.85651813309477,0.0,0.0,1
0,13,221,299.03328693298675,0.0,0.0,1
0,13,222,140.56867218996916,0.0,0.0,1
0,13,223,122.98472696323886,0.0,0.0,1
0,13,224,261.1327746287631,0.0,0.0,1
0,13,225,275.47960424901953,0.0,0.0,1
0,13,226,268.5585787146991,0.0,0.0,1
0,13,227,432.805656596771,0.0,0.0625,2
0,13,228,251.59289704668197,0.0,0.0,1
0,13,229,110.68046686705107,0.0,0.0,1
0,13,230,382.3000467963963,0.0,0.0,2
0,13,231,157.10298137185364,0.0,0.0,1
0,13,232,386.4642426631748,0.0,0.0,2
0,13,233,194.2132180961524,0.0,0.0,1
0,13,234,108.2722701928049,0.0,0.0,1
0,13,235,334.7225214248304,0.0,0.0,2
0,13,236,160.53202231469425,0.0,0.0,1
0,13,237,90.86896667311471,0.0,0.0,0
0,13,238,163.49793407340195,0.0,0.0,1
0,13,239,357.0327653533116,0.0,0.0,2
0,13,240,146.70548777506465,0.0,0.0,1
0,13,241,202.35787398554734,0.0,0.0,1
0,13,242,150.96744835176122,0.0,0.0,1
0,13,243,88.9717956528966,0.0,0.0,0
0,13,244,193.61129736914427,0.0,0.0,1
0,13,245,75.73243614497837,0.0,0.0,0
0,13,246,243.04140184956364,0.0,0.0,1
0,13,247,213.11122968257288,0.0,0.0,1
0,13,248,75.34355431318907,0.0,0.0,0
0,13,249,260.6325671745269,0.0,0.0,1
0,13,250,317.3377310261728,0.0,0.0,2
0,13,252,103.63881721770575,0.0,0.0,1
0,13,253,224.44438813992554,0.0,0.0,1
0,13,254,298.9249303743335,0.0,0.0,1
0,13,255,264.41716475168977,0.0,0.0,1
0,13,256,232.10516412836154,0.0,0.0,1
0,13,257,264.4801264438938,0.0,0.0,1
0,13,258,209.4012539036859,0.0,0.0,1
0,13,259,197.52992166257704,0.0,0.0,1
0,13,260,159.51227877527606,0.0,0.0,1
0,13,261,143.8474369625179,0.0,-0.03125,1
0,13,262,335.23431846282915,0.0,0.0,2
0,13,263,155.1078193642909,0.0,0.0,1
0,13,264,312.5198707533692,0.0,0.0,2
0,13,265,119.29017039779183,0.0,0.0,1
0,13,266,349.47431292143204,0.0,0.0,2
0,13,267,212.48372256010762,0.0,0.0,1
0,13,268,330.54020072746414,0.0,0.0,2
0,13,269,105.98670515218664,0.0,0.0,1
0,13,270,106.2478402919492,0.0,0.0,1
0,13,271,207.74046237389618,0.0,0.0,1
0,13,272,203.54547930773307,0.0,0.0,1
0,13,273,55.79135371105459,0.0,0.0,0
0,13,274,331.8912061098872,0.0,0.0,2
0,13,275,77.93297635781697,0.0,0.0,0
0,13,276,199.6547475879194,0.0,0.0,1
0,13,277,287.2481790084628,0.0,0.0,1
0,13,278,244.49114719929548,0.0,0.0,1
0,13,279,173.42271551052974,0.0,0.0,1
0,13,280,186.80373590493778,0.0,0.0,1
0,13,281,163.71913217784962,0.0,0.0,1
0,13,282,359.2990516085636,0.0,0.0,2
0,13,283,114.29639284918308,0.0,0.0,1
0,13,284,104.25981064317094,0.0,0.0,1
0,13,285,67.96470963451061,0.0,0.0,0
0,13,286,182.3830475477574,0.0,0.0,1
0,13,287,207.8345716870452,0.0,0.0,1
0,13,288,342.16918001556564,0.0,0.0,2
0,13,289,149.3329282228429,0.0,0.0,1
0,13,290,94.34717295732192,0.0,0.0,0
0,13,291,75.13290276914684,0.0,0.0,0
0,13,292,33.93551573356464,0.0,0.0,0
0,13,293,188.89647595749344,0.0,0.0,1
0,13,294,182.657546399414,0.0,0.0,1
0,13,295,361.159045388179,0.0,0.0,2
0,13,296,200.09246337128826,0.0,0.0,1
0,13,297,235.22345262039423,0.0,0.0,1
0,13,298,185.769678421897,0.0,0.03125,1
0,13,299,294.1892322898156,0.0,0.0,1
0,13,300,293.1440867254827,0.0,0.0,1
0,13,301,126.07850778261975,0.0,0.0,1
0,13,302,302.53734638938164,0.0,0.0,2
0,13,303,127.22961536728408,0.0,0.0,1
0,13,304,88.7112614731275,0.0,0.0,0
0,13,305,225.06780830667836,0.0,0.0,1
0,13,306,182.26250698201017,0.0,0.0,1
0,13,307,187.19309595594817,0.0,0.0,1
0,13,308,196.51885496859305,0.0,0.0,1
0,13,309,216.99717751369482,0.0,0.0,1
0,13,310,260.7964040907459,0.0,0.0,1
0,13,311,115.95347078924802,0.0,0.0,1
0,13,312,123.73626974741123,0.0,0.0,1
0,13,313,48.72724696772212,0.0,0.0,0
0,13,314,188.93383517450852,0.0,0.0,1
0,13,315,39.02963240226625,0.0,0.0,0
0,13,316,346.8786780337481,0.0,0.0,2
0,13,317,68.54442740950822,0.0,0.0,0
0,13,318,360.07297827089553,0.0,0.0,2
0,13,319,163.05732764521727,0.0,0.0,1
1,25,0,330.0021538074297,0.0,0.0,2
1,25,1,376.89367935667724,0.0,0.0,2
1,25,2,417.8363294959428,0.0,0.0,2
1,25,3,341.04831519522804,0.0,0.0,2
1,25,4,165.41018304340335,0.0,0.0,1
1,25,5,209.563926407648,0.0,0.0,1
1,25,6,346.3921340182568,0.0,0.0,2
1,25,7,231.44129920506205,0.0,0.0,1
1,25,8,229.28067746906285,0.0,0.0,1
1,25,9,97.59953378372467,0.0,0.0,0
1,25,10,232.45392874472705,0.0,0.0,1
1,25,11,419.9340710253965,0.0,0.0,2
1,25,12,95.81984738615918,0.0,0.0,0
1,25,13,145.07733052771218,0.0,0.0,1
1,25,14,140.02033811117317,0.0,0.03125,1
1,25,15,184.24201380286667,0.0,0.03125,1
1,25,16,221.8476550496306,0.0,0.0,1
1,25,17,106.53575704848592,0.0,0.0,1
1,25,18,223.86868500921992,0.0,0.0,1
1,25,19,336.9232115063464,0.0,0.0,2
1,25,20,430.34210512748564,0.0,0.0,2
1,25,21,228.42580817843248,0.0,0.0,1
1,25,22,123.76343545050632,0.0,0.0,1
1,25,23,297.58674178199766,0.0,0.0,1
1,25,24,150.38922705375737,0.0,0.0,1
1,25,26,55.973502056384824,0.0,0.0,0
1,25,27,233.91289928627992,0.0,0.0,1
1,25,28,236.18397994072689,0.0,0.0,1
1,25,29,175.39082359756048,0.0,0.0,1
1,25,30,316.8311871371134,0.0,0.0,2
1,25,31,72.30396387078378,0.0,0.0,0
1,25,32,323.73255880663413,0.0,0.0,2
1,25,33,131.4061927917803,0.0,0.0,1
1,25,34,200.85367691831846,0.0,0.0,1
1,25,35,230.45826908467706,0.0,0.03125,1
1,25,36,131.41151596030116,0.0,0.0,1
1,25,37,154.18672010328643,0.0,0.0,1
1,25,38,360.0391652197967,0.0,0.0,2
1,25,39,297.4458080523248,0.0,0.0,1
1,25,40,324.1327414171429,0.0,0.0,2
1,25,41,366.03853673914625,0.0,0.0,2
1,25,42,210.76307102182287,0.0,0.0,1
1,25,43,297.43035381143847,0.0,0.0,1
1,25,44,98.87404434781423,0.0,0.0,0
1,25,45,192.546345307302,0.0,0.0,1
1,25,46,219.20905639696647,0.0,0.0,1
1,25,47,183.40736210729213,0.0,0.0,1
1,25,48,446.170008499662,0.0,0.0,2
1,25,49,328.9380277280405,0.0,0.0,2
1,25,50,200.18086252951696,0.0,0.0,1
1,25,51,42.88218978551078,0.0,0.0,0
1,25,52,267.52028059421076,0.0,0.0,1
1,25,53,406.07803742515387,0.0,0.0,2
1,25,54,411.9301305043286,0.0,0.0,2
1,25,55,244.43973680905626,0.0,0.0,1
1,25,56,281.24478453088506,0.0,0.0,1
1,25,57,287.08000612816346,0.0,0.0,1
1,25,58,153.6858780045933,0.0,0.0,1
1,25,59,179.10054801197919,0.0,0.0,1
1,25,60,246.83926248679634,0.0,0.0,1
1,25,61,122.60621175657064,0.0,0.0,1
1,25,62,378.48988382673235,0.0,0.0,2
1,25,63,434.93722231820107,0.0,0.0,2
1,25,64,309.2551653012079,0.0,0.0,2
1,25,65,278.63832869283857,0.0,0.0,1
1,25,66,197.34409088070626,0.0,0.0,1
1,25,67,418.1428475559145,0.0,0.0,2
1,25,68,308.03617708173016,0.0,0.0,2
1,25,69,419.95540995501125,0.0,0.0,2
1,25,70,298.1145047534111,0.0,0.0,1
1,25,71,56.716312761130716,0.0,0.0,0
1,25,72,199.6950018750918,0.0,0.0,1
1,25,73,63.22560977432568,0.0,0.0,0
1,25,74,281.4985817019102,0.0,0.0,1
1,25,75,418.9129874205806,0.0,0.0,2
1,25,76,455.9621135340475,0.0,-0.03125,2
1,25,77,302.71611232632586,0.0,0.0,2
1,25,78,457.4425216823695,0.0,0.0,2
1,25,79,205.85932991356694,0.0,0.0,1
1,25,80,424.5419571180034,0.0,0.0,2
1,25,81,232.0530664976183,0.0,0.0,1
1,25,82,43.57574728660478,0.0,0.0,0
1,25,83,230.86542213939978,0.0,0.0,1
1,25,84,311.6943120806577,0.0,0.0,2
1,25,85,302.05182358641997,0.0,0.0,2
1,25,86,369.2831505911292,0.0,0.0,2
1,25,87,230.88988285986468,0.0,0.0,1
1,25,88,415.9150977996349,0.0,0.0,2
1,25,89,221.97452086343742,0.0,0.0,1
1,25,90,245.51953979872692,0.0,0.0,1
1,25,91,226.61017881882154,0.0,0.0,1
1,25,92,304.32889460020624,0.0,0.0,2
1,25,93,381.10628279832326,0.0,0.0,2
1,25,94,131.98880127563902,0.0,0.0,1
1,25,95,431.6044135749734,0.0,0.0,2
1,25,96,88.52710156147262,0.0,-0.03125,0
1,25,97,184.3227585854084,0.0,0.0,1
1,25,98,419.79832331706433,0.0,0.0,2
1,25,99,193.84704799300061,0.0,0.0,1
1,25,100,168.34314013944632,0.0,0.0,1
1,25,101,148.68599488100762,0.0,0.0,1
1,25,102,181.51474831161528,0.0,0.0,1
1,25,103,343.02311417211706,0.0,0.0,2
1,25,104,214.92800680269366,0.0,0.0,1
1,25,105,372.8958952405668,0.0,0.0,2
1,25,106,217.58008248221125,0.0,0.0,1
1,25,107,207.79598140783568,0.0,0.0,1
1,25,108,272.62722126985767,0.0,0.0,1
1,25,109,369.90418308391753,0.0,0.0,2
1,25,110,102.89647845974491,0.0,0.0,1
1,25,111,115.14228288204012,0.0,0.0,1
1,25,112,174.0257501718248,0.0,-0.03125,1
1,25,113,385.1608958137367,0.0,0.0,2
1,25,114,52.40456096750962,0.0,0.0,0
1,25,115,173.26027071459558,0.0,0.0,1
1,25,116,212.16988300799335,0.0,0.0,1
1,25,117,242.24225583218555,0.0,0.0,1
1,25,118,238.4214783900566,0.0,0.0,1
1,25,119,224.77536338285765,0.0,0.0625,1
1,25,120,343.86410314170917,0.0,0.0,2
1,25,121,171.5823495703198,0.0,-0.03125,1
1,25,122,207.61443870113843,0.0,0.0,1
1,25,123,243.82236222603623,0.0,0.0,1
1,25,124,132.35385460704333,0.0,-0.03125,1
1,25,125,130.09443456036152,0.0,0.0,1
1,25,126,226.02015541274343,0.0,0.0,1
1,25,127,225.2733725650361,0.0,0.0,1
1,25,128,351.510291765932,0.0,0.0,2
1,25,129,225.121512422449,0.0,0.0,1
1,25,130,423.1601487688443,0.0,0.0,2
1,25,131,204.76608034022118,0.0,0.0,1
1,25,132,70.86008670867626,0.0,0.0,0
1,25,133,258.80052990959206,0.0,0.0,1
1,25,134,87.00605130147906,0.0,0.0,0
1,25,135,198.30664293227656,0.0,-0.03125,1
1,25,136,274.8656161378644,0.0,0.0,1
1,25,137,319.51972946800316,0.0,0.0,2
1,25,138,179.54103168696358,0.0,-0.0625,1
1,25,139,417.00464097424066,0.0,0.0,2
1,25,140,129.97549937780897,0.0,0.0,1
1,25,141,265.2082737230729,0.0,0.0,1
1,25,142,220.76080343465327,0.0,0.0,1
1,25,143,203.96193676662048,0.0,0.0,1
1,25,144,356.3974378857174,0.0,0.0,2
1,25,145,424.4369627749598,0.0,0.0,2
1,25,146,224.15223769315605,0.0,0.0,1
1,25,147,390.74581327696984,0.0,0.0,2
1,25,148,235.20372704367753,0.0,0.0,1
1,25,149,69.25197217140658,0.0,0.0,0
1,25,150,244.53937078447285,0.0,-0.03125,1
1,25,151,123.41142639018732,0.0,0.0,1
1,25,152,379.4175890322845,0.0,0.0,2
1,25,153,205.07506807266913,0.0,0.03125,1
1,25,154,284.5033874267922,0.0,0.0,1
1,25,155,204.17690278689636,0.0,0.0,1
1,25,156,277.1029758038112,0.0,0.0,1
1,25,157,251.28650568846535,0.0,0.0,1
1,25,158,320.5356334693029,0.0,0.0,2
1,25,159,321.62036648361044,0.0,0.0,2
1,25,160,345.13590869994704,0.0,0.0,2
1,25,161,211.7908152846953,0.0,0.0,1
1,25,162,306.20808624170814,0.0,0.0,2
1,25,163,416.1523145969333,0.0,0.0,2
1,25,164,154.80990025704668,0.0,0.0,1
1,25,165,224.7958987163282,0.0,0.0,1
1,25,166,90.4642396889199,0.0,0.0,0
1,25,167,317.59634797913714,0.0,0.0,2
1,25,168,80.2226816349413,0.0,-0.03125,0
1,25,169,346.4463103622779,0.0,0.0,2
1,25,170,273.01829366449465,0.0,0.0,1
1,25,171,287.82314786621237,0.0,0.0,1
1,25,173,335.65161130525246,0.0,0.0,2
1,25,174,174.7365812613278,0.0,-0.03125,1
1,25,175,149.4870994730372,0.0,0.0,1
1,25,176,107.33347863908497,0.0,0.0,1
1,25,177,211.18246213053595,0.0,0.0,1
1,25,178,328.1993994214667,0.0,0.0,2
1,25,179,317.54199400285455,0.0,0.0,2
1,25,180,142.66235558339855,0.0,0.0,1
1,25,181,240.32277026292192,0.0,0.0,1
1,25,182,46.26723081520167,0.0,0.0,0
1,25,183,269.74574188152576,0.0,0.0,1
1,25,184,234.74062206380947,0.0,0.0,1
1,25,185,304.43964729277354,0.0,0.0,2
1,25,186,383.30215981614697,0.0,0.0,2
1,25,187,67.73661169425297,0.0,0.0,0
1,25,188,410.6887723349159,0.0,0.0,2
1,25,189,210.81849115746658,0.0,0.0,1
1,25,190,172.66935107171844,0.0,0.0,1
1,25,191,340.38249502092197,0.0,0.0,2
1,25,192,192.07622145010075,0.0,0.0,1
1,25,193,35.92298735833951,0.0,0.0,0
1,25,194,349.7727645919699,0.0,0.0,2
1,25,195,194.49414909992637,0.0,0.0,1
1,25,196,136.86250361370801,0.0,0.0,1
1,25,197,222.06332385013192,0.0,0.0,1
1,25,198,227.71608336441346,0.0,0.0,1
1,25,199,245.2243677295223,0.0,0.0,1
1,25,200,70.29965617286406,0.0,0.0,0
1,25,201,273.3207669827055,0.0,0.0,1
1,25,202,204.1592003695873,0.0,0.0,1
1,25,203,431.01597005715996,0.0,0.0,2
1,25,204,415.5762601610398,0.0,0.0,2
1,25,205,103.32689718846112,0.0,0.0,1
1,25,206,158.3553195102769,0.0,0.0,1
1,25,207,127.23346433861614,0.0,0.0,1
1,25,208,418.1678283924743,0.0,0.0,2
1,25,209,280.0681925611801,0.0,0.0,1
1,25,210,235.76329285740786,0.0,0.0,1
1,25,211,191.50767841897022,0.0,0.0,1
1,25,212,411.9752487588708,0.0,0.0,2
1,25,213,335.7175558725014,0.0,0.0,2
1,25,214,164.3316895331818,0.0,0.0,1
1,25,215,239.6315506533098,0.0,0.0,1
1,25,216,233.00981543678571,0.0,0.0,1
1,25,217,211.73093845273166,0.0,0.0,1
1,25,218,262.1599637396035,0.0,0.0,1
1,25,219,197.93076082124125,0.0,0.0,1
1,25,220,338.0636543938758,0.0,0.0,2
1,25,221,284.0899583211568,0.0,0.0,1
1,25,222,285.55148929724754,0.0,0.0,1
1,25,223,233.30873595274767,0.0,0.0,1
1,25,224,359.8761046401104,0.0,0.0,2
1,25,225,392.9228050671569,0.0,0.0,2
1,25,226,256.32698122871756,0.0,0.0,1
1,25,227,419.5770865266489,0.0,0.03125,2
1,25,228,120.97211980498511,0.0,0.0,1
1,25,229,193.31530146246183,0.0,0.0,1
1,25,230,244.0488036125667,0.0,0.0,1
1,25,231,214.63783963986901,0.0,0.0,1
1,25,232,349.85843846174623,0.0,0.0,2
1,25,233,327.61141395005853,0.0,0.0,2
1,25,234,249.5173234829051,0.0,0.0,1
1,25,235,295.7486264808374,0.0,0.0,1
1,25,237,72.34051730155628,0.0,0.0,0
1,25,238,127.20194034825955,0.0,0.0,1
1,25,239,410.47481565738343,0.0,0.0,2
1,25,240,290.8443927157192,0.0,0.0,1
1,25,241,138.1294169476769,0.0,0.0,1
1,25,242,95.3650376834309,0.0,0.0,0
1,25,243,120.58529916404086,0.0,0.0,1
1,25,244,330.98257984810783,0.0,0.0,2
1,25,245,202.99739820231503,0.0,0.0,1
1,25,246,378.7246157506208,0.0,0.0,2
1,25,247,69.6686670907897,0.0,0.0,0
1,25,248,199.23676338156858,0.0,0.0,1
1,25,249,186.3110309177414,0.0,0.0,1
1,25,250,240.11810796926832,0.0,0.0,1
1,25,251,130.46178693831334,0.0,0.0,1
1,25,252,248.10409413445728,0.0,0.0,1
1,25,253,256.20954635411937,0.0,0.0,1
1,25,254,256.70496207386714,0.0,0.0,1
1,25,255,204.31863349625317,0.0,0.0,1
1,25,256,94.3500660680748,0.0,0.0,0
1,25,257,397.5144389727968,0.0,0.0,2
1,25,258,280.3711671905742,0.0,0.0,1
1,25,259,256.92407770323473,0.0,0.0,1
1,25,260,40.85189409230388,0.0,0.0,0
1,25,261,287.2349483993685,0.0,0.0,1
1,25,262,460.94312087427545,0.0,0.0,2
1,25,263,224.0096268536351,0.0,0.0,1
1,25,264,329.8668873350287,0.0,0.0,2
1,25,265,145.02097603085258,0.0,-0.03125,1
1,25,266,210.79690575703518,0.0,0.0,1
1,25,267,336.81315350216585,0.0,0.0,2
1,25,268,253.92135036590966,0.0,0.0,1
1,25,269,224.2046054625043,0.0,0.0,1
1,25,270,230.07638350879938,0.0,0.03125,1
1,25,271,252.47254725830837,0.0,-0.03125,1
1,25,272,296.2732284647656,0.0,0.0,1
1,25,273,192.6570462066185,0.0,0.0,1
1,25,274,305.0630744538223,0.0,0.0,2
1,25,275,151.16162878148486,0.0,0.0,1
1,25,276,157.39265091255746,0.0,0.0,1
1,25,277,341.3198023455876,0.0,0.0,2
1,25,278,321.4411724724641,0.0,0.0,2
1,25,279,164.01959160274575,0.0,0.0,1
1,25,280,58.367820716017576,0.0,0.0,0
1,25,281,225.0451078300341,0.0,0.0,1
1,25,282,414.9781745823709,0.0,0.0,2
1,25,283,214.308362572836,0.0,0.0,1
1,25,284,156.98208234658594,0.0,0.0,1
1,25,285,98.6509292617203,0.0,0.0,0
1,25,286,278.5268832891681,0.0,0.0,1
1,25,287,335.8439043529469,0.0,0.0,2
1,25,288,414.9020100090297,0.0,0.0,2
1,25,289,77.06206687431511,0.0,0.0,0
1,25,290,128.61138709100655,0.0,0.0,1
1,25,291,190.30581107855605,0.0,0.0,1
1,25,292,125.4472430429137,0.0,0.0,1
1,25,293,322.5088515579211,0.0,0.0,2
1,25,294,300.337372721724,0.0,0.0,2
1,25,295,292.34583391120793,0.0,0.0,1
1,25,296,78.15607386994542,0.0,0.0,0
1,25,297,185.5693873042929,0.0,0.0,1
1,25,298,275.16505969088814,0.0,0.0,1
1,25,299,342.23271557665885,0.0,0.0,2
1,25,300,347.6583934241525,0.0,0.0,2
1,25,301,145.51950378242213,0.0,0.0,1
1,25,302,274.24630640547605,0.0,0.0,1
1,25,303,266.0208230062414,0.0,0.0,1
1,25,304,231.2493592090891,0.0,0.0,1
1,25,305,104.19898980640902,0.0,0.0,1
1,25,306,313.24937597396655,0.0,0.0,2
1,25,307,331.93735595506797,0.0,0.0,2
1,25,308,339.71671457572904,0.0,0.0,2
1,25,309,291.28689671789533,0.0,0.0,1
1,25,310,400.0751962340007,0.0,0.0,2
1,25,311,227.70320763899844,0.0,0.0,1
1,25,312,268.32817641003095,0.0,0.0,1
1,25,313,173.59577728164447,0.0,0.0,1
1,25,314,168.1738645293435,0.0,0.0,1
1,25,315,107.66219004670081,0.0,0.0,1
1,25,316,239.06627213725187,0.0,0.0,1
1,25,317,200.16802051551988,0.0,0.0,1
1,25,318,223.05165974622255,0.0,-0.03125,1
1,25,319,175.9713581581099,0.0,0.0,1
2,47,0,249.6639625654391,0.0,0.0,1
2,47,1,294.91193909183664,0.0,0.0,1
2,47,2,239.29735868032583,0.0,0.0,1
2,47,3,158.58220011625252,0.0,0.0,1
2,47,4,37.77645404333668,0.0,0.0,0
2,47,5,105.61148981916561,0.0,0.0,1
2,47,6,237.4872794367461,0.0,0.0,1
2,47,7,50.53526242090023,0.0,0.0,0
2,47,8,47.167322767746654,0.0,0.0,0
2,47,9,243.15677036527723,0.0,0.0,1
2,47,10,97.61786866610743,0.0,0.0,0
2,47,11,239.16616505383558,0.0,0.0,1
2,47,12,230.69964883181146,0.0,0.0,1
2,47,13,197.65797842976477,0.0,0.0,1
2,47,14,192.57937327525553,0.0,0.0,1
2,47,15,336.59105522203726,0.0,0.0,2
2,47,16,118.45071942520741,0.0,0.0,1
2,47,17,111.21465858990042,0.0,0.0,1
2,47,18,40.901927813175234,0.0,0.0,0
2,47,19,177.02140122241704,0.0,0.0,1
2,47,20,357.4727854865737,0.0,0.0,2
2,47,21,106.56260532729436,0.0,0.0,1
2,47,22,129.49389240654136,0.0,0.0,1
2,47,23,285.79275794766977,0.0,0.0,1
2,47,24,113.2723864525224,0.0,0.0,1
2,47,25,183.40736210729213,0.0,0.0,1
2,47,26,205.40646100684518,0.0,0.0,1
2,47,27,78.5550481344383,0.0,0.0,0
2,47,28,368.3727528262971,0.0,0.0,2
2,47,30,285.0297794094529,0.0,0.0,1
2,47,31,254.41399355814397,0.0,0.0,1
2,47,32,176.04062707261673,0.0,0.0,1
2,47,33,52.009871644418325,0.0,0.0,0
2,47,34,308.8050742037473,0.0,0.0,2
2,47,35,173.65763314138883,0.0,0.0,1
2,47,36,79.5554727941692,0.0,0.0,0
2,47,37,191.45245538412007,0.0,0.0,1
2,47,38,192.44576419045603,0.0,0.0,1
2,47,39,170.18745031918323,0.0,0.0,1
2,47,40,216.62990284911754,0.0,0.0,1
2,47,41,195.30015810363722,0.0,0.0,1
2,47,42,285.9582568679406,0.0,0.0,1
2,47,43,114.71180144321866,0.0,0.0,1
2,47,44,173.1798854753805,0.0,0.0,1
2,47,45,65.72060087423934,0.0,0.0,0
2,47,46,85.65440681147858,0.0,0.0,0
2,47,48,358.5554251824893,0.0,0.0,2
2,47,49,282.43142059077104,0.0,0.0,1
2,47,50,46.1682902508385,0.0,0.0,0
2,47,51,151.71471535317983,0.0,0.0,1
2,47,52,128.1927788311058,0.0,0.0,1
2,47,53,345.54953338402225,0.0,0.0,2
2,47,54,228.59630701186015,0.0,0.0,1
2,47,55,270.57632959676323,0.0,0.0,1
2,47,56,213.7211913897748,0.0,0.0,1
2,47,57,284.0703340293953,0.0,0.0,1
2,47,58,154.68795371827403,0.0,0.0,1
2,47,59,186.7753072590258,0.0,0.0,1
2,47,60,196.27963437185642,0.0,0.0,1
2,47,61,179.20616792247273,0.0,0.0,1
2,47,62,198.58448220224588,0.0,0.0,1
2,47,63,252.86997080822076,0.0,0.0,1
2,47,64,141.92651400016865,0.0,0.0,1
2,47,65,119.68362639820165,0.0,0.0,1
2,47,66,196.4171288607937,0.0,0.0,1
2,47,67,326.3116036645194,0.0,0.0,2
2,47,68,151.76651425299133,0.0,0.0,1
2,47,69,329.74445885334535,0.0,0.0,2
2,47,70,150.52826903691889,0.0,0.0,1
2,47,71,173.67125783706234,0.0,0.0,1
2,47,72,81.45790237007202,0.0,0.0,0
2,47,73,139.70697830807862,0.0,0.0,1
2,47,74,141.30540905375668,0.0,0.0,1
2,47,75,259.21362194817465,0.0,0.0,1
2,47,76,376.51984204251767,0.0,0.0,2
2,47,77,217.279323394648,0.0,0.0,1
2,47,78,384.34328675439417,0.0,0.0,2
2,47,79,324.0030850245804,0.0,0.0,2
2,47,80,242.31848875913374,0.0,0.0,1
2,47,81,48.82568235443755,0.0,0.0,0
2,47,82,169.0699311210542,0.0,0.0,1
2,47,83,219.6914698380911,0.0,0.0,1
2,47,84,322.4826187469572,0.0,0.0,2
2,47,85,118.88334443670446,0.0,0.0,1
2,47,86,298.55309368950424,0.0,0.0,1
2,47,87,313.8061135544125,0.0,0.0,2
2,47,88,248.99988530668753,0.0,0.0,1
2,47,89,303.9779777149179,0.0,0.0,2
2,47,90,62.77296512691726,0.0,0.0,0
2,47,91,312.0118242106998,0.0,0.0,2
2,47,92,242.1005981729129,0.0,0.0,1
2,47,93,205.38145949880183,0.0,0.0,1
2,47,94,124.89136701449002,0.0,0.0,1
2,47,95,362.318547242442,0.0,0.0,2
2,47,96,164.30133636048217,0.0,0.0,1
2,47,97,250.53226006628054,0.0,0.0,1
2,47,98,325.84267749863363,0.0,0.0,2
2,47,99,340.14362048110115,0.0,0.0,2
2,47,100,195.0432523233349,0.0,0.0,1
2,47,101,147.91572446272468,0.0,0.0,1
2,47,102,186.1104173950201,0.0,0.0,1
2,47,103,192.76224821885975,0.0,0.0,1
2,47,104,122.94896791793373,0.0,0.0,1
2,47,105,193.06972983689533,0.0,0.0,1
2,47,106,94.38349302817856,0.0,0.0,0
2,47,107,105.57233158916172,0.0,0.0,1
2,47,108,177.16437149206556,0.0,0.0,1
2,47,109,194.87879653324302,0.0,0.0,1
2,47,110,81.8703520924083,0.0,0.0,0
2,47,111,76.20715833355041,0.0,0.0,0
2,47,112,255.43738960349464,0.0,0.0,1
2,47,113,265.47905446129397,0.0,0.0,1
2,47,114,228.34033745422295,0.0,0.0,1
2,47,115,39.77070695086057,0.0,0.0,0
2,47,116,226.47000486410954,0.0,0.0,1
2,47,117,238.9188317132906,0.0,0.0,1
2,47,118,173.85209967169334,0.0,0.0,1
2,47,119,280.90545511945476,0.0,0.0,1
2,47,120,243.2272083757306,0.0,0.0,1
2,47,121,218.57130420688424,0.0,0.0,1
2,47,123,155.4043978349857,0.0,0.0,1
2,47,124,84.69301755104219,0.0,0.0,0
2,47,125,54.195590838739264,0.0,0.0,0
2,47,126,82.01150262813266,0.0,0.0,0
2,47,127,211.23439316718535,0.0,0.0,1
2,47,128,251.32863267809938,0.0,0.0,1
2,47,129,233.0599206939618,0.0,0.0,1
2,47,130,240.4731381772581,0.0,0.0,1
2,47,131,179.02595883770175,0.0,0.0,1
2,47,132,254.2369104530261,0.0,0.0,1
2,47,133,81.44547052669775,0.0,0.0,0
2,47,134,198.717744244313,0.0,0.0,1
2,47,135,264.0779908732386,0.0,0.0,1
2,47,136,133.76575886161743,0.0,0.0,1
2,47,137,260.14201245516267,0.0,0.0,1
2,47,138,248.18356636575803,0.0,0.0,1
2,47,139,261.82308956383974,0.0,0.0,1
2,47,140,56.408025526564714,0.0,0.0,0
2,47,141,267.2551569075629,0.0,0.0,1
2,47,142,163.66625844494695,0.0,0.0,1
2,47,143,296.1814148205627,0.0,0.0,1
2,47,144,319.27618233524095,0.0,0.0,2
2,47,145,315.45344601144575,0.0,0.0,2
2,47,146,89.79456248595814,0.0,0.0,0
2,47,147,232.42684591028,0.0,0.0,1
2,47,148,234.62684302896815,0.0,0.0,1
2,47,149,224.16713750234075,0.0,0.0,1
2,47,150,367.54929717075777,0.0,0.0,2
2,47,151,247.1840146868688,0.0,0.0,1
2,47,152,202.48954197592002,0.0,0.0,1
2,47,153,278.64324344839935,0.0,0.0,1
2,47,154,280.0283089177703,0.0,0.0,1
2,47,155,32.32391664985176,0.0,0.0,0
2,47,156,111.87110974794415,0.0,0.0,1
2,47,157,263.057232903642,0.0,0.0,1
2,47,158,271.10759266737364,0.0,0.0,1
2,47,159,250.03890425019793,0.0,0.0,1
2,47,160,186.38242400465916,0.0,0.0,1
2,47,161,219.04846818844072,0.0,0.0,1
2,47,162,231.91632123913126,0.0,0.0,1
2,47,163,233.5494838179109,0.0,0.0,1
2,47,164,153.2868647520608,0.0,0.0,1
2,47,165,352.3701576655837,0.0,0.0,2
2,47,166,108.2524663027211,0.0,0.0,1
2,47,167,238.41272731974092,0.0,0.0,1
2,47,168,257.63231911563554,0.0,0.0,1
2,47,169,279.07700156695773,0.0,0.0,1
2,47,170,192.96981657908623,0.0,0.0,1
2,47,171,317.96535016923156,0.0,0.0,2
2,47,172,186.87498454512493,0.0,0.0,1
2,47,173,233.58551634131447,0.0,0.0,1
2,47,174,330.59793356614455,0.0,0.0,2
2,47,175,152.97582932729676,0.0,0.0,1
2,47,176,197.4935225288094,0.0,0.0,1
2,47,177,187.91900845567656,0.0,0.0,1
2,47,178,205.4224739370749,0.0,0.0,1
2,47,179,310.4011069836318,0.0,0.0,2
2,47,180,174.2985492834915,0.0,0.0,1
2,47,181,284.33469378621993,0.0,0.0,1
2,47,182,211.86807684689802,0.0,0.0,1
2,47,183,227.3601573407806,0.0,0.0,1
2,47,184,98.47364612647792,0.0,0.0,0
2,47,185,157.58114213998815,0.0,0.0,1
2,47,186,247.78029480883717,0.0,0.0,1
2,47,187,193.79980734294062,0.0,0.0,1
2,47,188,275.258744057715,0.0,0.0,1
2,47,189,30.126173411740343,0.0,0.0,0
2,47,190,233.8857066569131,0.0,0.0,1
2,47,191,271.89543022312677,0.0,0.0,1
2,47,192,195.64071402920433,0.0,0.0,1
2,47,193,149.0465623766954,0.0,0.0,1
2,47,194,171.12868819118958,0.0,0.0,1
2,47,195,325.6428386694779,0.0,0.0,2
2,47,196,277.07278698786143,0.0,0.0,1
2,47,197,285.74323153512745,0.0,0.0,1
2,47,198,154.76133429463388,0.0,0.0,1
2,47,199,252.24310828164414,0.0,0.0,1
2,47,200,124.74130760026895,0.0,0.0,1
2,47,201,116.06448646857615,0.0,0.0,1
2,47,202,184.23910439873794,0.0,0.0,1
2,47,203,253.15533183429457,0.0,0.0,1
2,47,204,238.26509097722274,0.0,0.0,1
2,47,205,205.41121219166914,0.0,0.0,1
2,47,206,173.8318874650157,0.0,0.0,1
2,47,207,76.92800116077376,0.0,0.0,0
2,47,208,234.85824187778542,0.0,0.0,1
2,47,209,166.33660351826103,0.0,0.0,1
2,47,210,326.574449033405,0.0,0.0,2
2,47,211,234.4685387255572,0.0,0.0,1
2,47,212,238.19978028818988,0.0,0.0,1
2,47,213,158.81693615980166,0.0,0.0,1
2,47,214,97.79068082904028,0.0,0.0,0
2,47,215,373.71230216141447,0.0,0.0,2
2,47,216,71.42892168510323,0.0,0.0,0
2,47,217,270.8824998594092,0.0,0.0,1
2,47,218,164.52370415287407,0.0,0.0,1
2,47,219,83.98479844239516,0.0,0.0,0
2,47,220,180.86747497103138,0.0,0.0,1
2,47,221,106.16461272577233,0.0,0.0,1
2,47,222,286.2061050847679,0.0,0.0,1
2,47,223,169.1965334419789,0.0,0.0,1
2,47,224,234.57900264162075,0.0,0.0,1
2,47,225,289.71171646313553,0.0,0.0,1
2,47,226,76.06528751403144,0.0,0.0,0
2,47,227,243.72530179254878,0.0,0.0,1
2,47,228,179.82293395031144,0.0,0.0,1
2,47,229,303.93935966760597,0.0,0.0,2
2,47,230,291.77224680887684,0.0,0.0,1
2,47,231,345.04075530208013,0.0,0.0,2
2,47,232,189.09097192600365,0.0,0.0,1
2,47,233,269.7893522745893,0.0,0.0,1
2,47,234,287.11156185284597,0.0,0.0,1
2,47,235,137.08445135494162,0.0,0.0,1
2,47,236,190.6217772210215,0.0,0.0,1
2,47,237,138.5039019921184,0.0,0.0,1
2,47,238,56.22407068337591,0.0,0.0,0
2,47,239,237.17443881744194,0.0,0.0,1
2,47,240,280.7194652927496,0.0,0.0,1
2,47,241,67.79326411396018,0.0,0.0,0
2,47,242,88.12562114042376,0.0,0.0,0
2,47,243,109.71156972546974,0.0,0.0,1
2,47,244,283.2299144928379,0.0,0.0,1
2,47,245,183.96797295664308,0.0,0.0,1
2,47,246,316.91956773547304,0.0,0.0,2
2,47,247,198.39655533279534,0.0,0.0,1
2,47,248,272.3440872495881,0.0,0.0,1
2,47,249,95.96682354425701,0.0,0.0,0
2,47,250,139.86914829749517,0.0,0.0,1
2,47,251,196.19754590671664,0.0,0.0,1
2,47,252,271.45642564264665,0.0,0.0,1
2,47,253,86.10829944832525,0.0,0.0,0
2,47,254,102.27517786316729,0.0,0.0,1
2,47,255,83.05859285753712,0.0,0.0,0
2,47,256,187.9670476868288,0.0,0.0,1
2,47,257,325.57464097214137,0.0,0.0,2
2,47,258,141.44617660392817,0.0,0.0,1
2,47,259,113.7222704969683,0.0,0.0,1
2,47,260,224.18731403617383,0.0,0.0,1
2,47,261,310.21475302538926,0.0,0.0,2
2,47,262,364.21044788191415,0.0,0.0,2
2,47,263,110.79282648450945,0.0,0.0,1
2,47,264,146.8802738472545,0.0,0.0,1
2,47,265,287.1599616846095,0.0,0.0,1
2,47,266,266.8700322483388,0.0,0.0,1
2,47,267,257.0344119466498,0.0,0.0,1
2,47,268,150.41422398494922,0.0,0.0,1
2,47,269,177.3990563180189,0.0,0.0,1
2,47,270,301.71735128323485,0.0,0.0,2
2,47,271,393.42053311479043,0.0,0.0,2
2,47,272,178.65458723752462,0.0,0.0,1
2,47,273,249.11775124254638,0.0,0.0,1
2,47,274,135.51860574117376,0.0,0.0,1
2,47,275,263.2338092628647,0.0,0.0,1
2,47,276,38.47203109614913,0.0,0.0,0
2,47,277,173.820226586237,0.0,0.0,1
2,47,278,178.0183885300871,0.0,0.0,1
2,47,279,327.435988693577,0.0,0.0,2
2,47,280,157.49319400324015,0.0,0.0,1
2,47,281,101.58230766668474,0.0,0.0,1
2,47,282,242.69996125686137,0.0,0.0,1
2,47,283,311.4710234152429,0.0,0.0,2
2,47,284,284.34275445823255,0.0,0.0,1
2,47,285,218.4163998370704,0.0,0.0,1
2,47,286,171.82654856440573,0.0,0.0,1
2,47,287,263.7595423556994,0.0,0.0,1
2,47,288,254.59967554774312,0.0,0.0,1
2,47,289,253.49824469809488,0.0,0.0,1
2,47,290,103.40291669615074,0.0,0.0,1
2,47,291,272.7698977298297,0.0,0.0,1
2,47,292,212.4486618377848,0.0,0.0,1
2,47,293,266.44088326038053,0.0,0.0,1
2,47,294,218.41681543328886,0.0,0.0,1
2,47,295,172.1203586184452,0.0,0.0,1
2,47,296,148.22118573636885,0.0,0.0,1
2,47,297,54.26873052235926,0.0,0.0,0
2,47,298,160.7563532401581,0.0,0.0,1
2,47,299,170.56542708194624,0.0,0.0,1
2,47,300,179.77773014424614,0.0,0.0,1
2,47,301,291.44578954252836,0.0,0.0,1
2,47,302,105.33896566351152,0.0,0.0,1
2,47,303,240.1831583927304,0.0,0.0,1
2,47,304,267.76892893622517,0.0,0.0,1
2,47,305,150.9605523292664,0.0,0.0,1
2,47,306,253.30324765836727,0.0,0.0,1
2,47,307,319.71327922343715,0.0,0.0,2
2,47,308,313.41193771936616,0.0,0.0,2
2,47,309,152.66119104826512,0.0,0.0,1
2,47,310,346.5557465899856,0.0,0.0,2
2,47,311,313.47038439261553,0.0,0.0,2
2,47,312,267.54147352401884,0.0,0.0,1
2,47,313,246.3808777031763,0.0,0.0,1
2,47,315,174.16413362297857,0.0,0.0,1
2,47,316,199.5383270164296,0.0,0.0,1
2,47,317,189.99228742281576,0.0,0.0,1
2,47,318,269.6019276767474,0.0,0.0,1
2,47,319,329.6714929959668,0.0,0.0,2
3,81,0,242.81867817769023,0.0,0.0,1
3,81,1,284.5225901315845,0.0,0.0,1
3,81,2,191.81342991296552,0.0,0.0,1
3,81,3,109.85248076989288,-0.14285715,0.0,1
3,81,4,78.41173564665343,1.0,0.0,0
3,81,5,113.02554523308271,0.65465367,0.0,1
3,81,6,220.78786838991817,0.0,0.0,1
3,81,9,290.4961422750576,-0.14285715,0.0,1
3,81,10,90.31769254276813,0.0,0.0,0
3,81,11,190.84955634650234,-0.14285715,0.0,1
3,81,12,274.45716889342924,0.0,0.0,1
3,81,13,232.02205909884879,0.0,0.0,1
3,81,14,227.51636306672847,-0.14285715,0.0,1
3,81,15,379.9173610814292,-0.19427231,0.0,2
3,81,16,130.84262336359635,0.0,0.0,1
3,81,17,156.48831276877442,1.0,0.0,1
3,81,19,140.5358799398487,0.0,0.0,1
3,81,20,347.2178620849186,-0.18898225,-0.03125,2
3,81,21,113.23765058739416,0.0,0.0,1
3,81,22,171.0927308871883,-0.14285715,0.0,1
3,81,23,297.5701826031031,0.65465367,-0.03125,1
3,81,24,149.69493879359578,-0.14285715,0.0,1
3,81,25,232.0530664976183,0.0,0.0,1
3,81,26,253.66737432117267,-0.14285715,0.0,1
3,81,27,63.0216224784249,0.0,0.0,0
3,81,28,407.7864934668262,-0.14285715,0.0,2
3,81,29,57.93414881685932,0.0,0.0,0
3,81,30,291.21806380982053,0.0,0.0,1
3,81,31,302.7175085900555,0.0,0.0,2
3,81,32,146.3920413923469,0.0,0.0,1
3,81,33,100.67730408279412,-0.14285715,0.0,1
3,81,34,345.579335283322,-0.14285715,0.0,2
3,81,35,192.31474063957,-0.14285715,0.0,1
3,81,36,123.28240645627268,0.0,0.0,1
3,81,37,229.59863787002112,-0.14285715,0.0,1
3,81,38,157.46526382932518,0.0,0.0,1
3,81,39,161.0952121945099,0.0,0.0,1
3,81,40,202.1885605549526,0.0,0.0,1
3,81,41,152.08889135820502,0.0,0.0,1
3,81,42,317.77785908317253,0.0,0.0,2
3,81,43,65.96506457851788,0.0,0.0,0
3,81,44,217.96865072964542,0.0,0.0,1
3,81,45,86.92532534891379,0.0,0.0,0
3,81,46,84.01754409040879,0.0,0.0,0
3,81,47,48.82568235443755,0.0,0.0,0
3,81,48,343.41554510037406,-0.21821788,0.0,2
3,81,49,284.3819329126183,-0.20365328,0.0,1
3,81,50,61.61257224476377,0.0,0.0,0
3,81,51,199.19741072206233,0.0,0.0,1
3,81,52,119.14645964336813,0.0,0.0,1
3,81,53,339.71351151668955,-0.14285715,0.0,2
3,81,54,179.8772304114951,-0.20365328,-0.03125,1
3,81,55,300.5319702594162,-0.16495723,0.0,2
3,81,56,214.71927060294925,0.0,0.0,1
3,81,57,298.3115780584969,0.0,0.0,1
3,81,58,184.76890593027198,0.0,0.0,1
3,81,59,213.15743356596445,-0.14285715,0.0,1
3,81,60,213.80625901819997,-0.20365328,0.0,1
3,81,61,221.38763842797306,0.0,0.0,1
3,81,62,150.73997705198846,-0.14285715,0.0,1
3,81,63,204.16124464867283,0.0,0.0,1
3,81,64,110.59463926087881,0.0,0.0,1
3,81,65,89.51858547394458,0.0,0.0,0
3,81,66,226.7633048675294,0.0,0.0,1
3,81,67,310.997651116915,0.0,0.0,2
3,81,68,119.37881929718837,0.0,0.0,1
3,81,69,314.8437067120529,0.0,0.0,2
3,81,70,132.50029220326982,0.0,0.0,1
3,81,71,221.5953526752141,0.0,0.0,1
3,81,72,99.45639391831813,0.0,0.0,0
3,81,73,185.89197797008634,0.0,0.0,1
3,81,74,120.00503806174419,0.0,0.0,1
3,81,75,219.729129836068,0.0,0.0,1
3,81,76,363.4455077264069,-0.2182179,0.0,2
3,81,77,211.44088555604438,0.0,0.0,1
3,81,78,373.0448578048053,-0.14285715,0.0,2
3,81,79,362.037482436806,-0.20365328,0.0,2
3,81,80,193.58193209335099,-0.14285715,0.0,1
3,81,82,215.83118141978548,0.0,0.0,1
3,81,83,237.26009098967867,-0.14285715,0.0,1
3,81,84,338.0089972750878,0.0,0.0,2
3,81,85,71.35517870789644,0.0,0.0,0
3,81,86,291.75959317459984,-0.14285715,0.0,1
3,81,87,345.8084519370368,0.0,0.0,2
3,81,88,206.50056426747662,0.0,0.0,1
3,81,89,336.2303207407171,1.0,0.0,2
3,81,91,344.56592959613636,-0.14285715,0.0,2
3,81,92,242.11331858096293,0.0,0.0,1
3,81,93,159.43315602339493,-0.14285715,0.0,1
3,81,94,159.89133457040109,0.0,0.0,1
3,81,95,353.02556407362516,-0.21736214,0.0,2
3,81,96,210.03564747924295,-0.21821788,-0.03125,1
3,81,97,282.7725528915966,0.0,0.0,1
3,81,98,309.81171984438294,-0.14285715,0.0,2
3,81,99,382.45241805273974,-0.20365328,0.0,2
3,81,100,231.02386752123695,-0.14285715,0.0,1
3,81,101,178.93455466515985,0.0,0.0,1
3,81,102,211.8523866281585,0.0,0.0,1
3,81,103,160.50635184772972,-0.14285715,0.0,1
3,81,104,130.46972508492053,0.0,0.0,1
3,81,105,148.66547136397267,0.0,0.0,1
3,81,106,104.41487514554535,0.0,0.0,1
3,81,107,122.26399669838305,1.0,0.0,1
3,81,108,172.20578280744195,0.0,0.0,1
3,81,109,154.3829230714764,-0.21821788,0.0625,1
3,81,110,129.86843672594418,0.0,0.0,1
3,81,111,121.9812799182805,0.0,0.0,1
3,81,112,295.7178275046028,-0.179374,0.0,1
3,81,113,242.72313033297627,-0.14285715,0.0,1
3,81,114,276.118396528873,0.0,0.0,1
3,81,115,75.4574980465335,0.0,0.0,0
3,81,116,257.1367074994974,-0.14285715,0.0,1
3,81,117,256.6327818242991,0.0,0.0,1
3,81,118,189.98988595281452,0.0,0.0,1
3,81,119,315.97389390116075,-0.22451791,-0.0625,2
3,81,120,229.35726392917041,0.0,0.0,1
3,81,121,255.92264250052554,-0.13271219,0.03125,1
3,81,123,166.00621874514988,0.0,0.0,1
3,81,124,127.50300537272348,0.0,0.0,1
3,81,125,102.98206598585229,0.0,0.0,1
3,81,126,83.61249187037002,0.0,0.0,0
3,81,127,236.9681807286579,0.0,0.0,1
3,81,128,237.05392418998392,0.0,0.0,1
3,81,129,254.16863932079022,-0.14285715,0.0,1
3,81,130,193.04408818496333,-0.14285715,0.0,1
3,81,131,205.67530322912305,-0.16834512,-0.03125,1
3,81,132,302.9076293775275,0.0,0.0,2
3,81,133,39.962132573965285,0.0,0.0,0
3,81,134,245.07558975604223,0.0,0.0,1
3,81,135,301.5944104653709,-0.18898225,0.03125,2
3,81,136,113.19763292243006,0.0,0.0,1
3,81,137,259.6150554886943,0.0,0.0,1
3,81,138,286.9841610651858,-0.21530819,0.03125,1
3,81,139,224.26484394282946,-0.19557956,-0.03125,1
3,81,140,104.82816609046084,0.48795003,0.0,1
3,81,141,284.00086826614285,-0.14285715,0.0,1
3,81,142,175.3723542132385,0.0,0.0,1
3,81,143,330.67676061949425,-0.14285715,0.0,2
3,81,144,321.8513195788597,-0.14285715,0.0,2
3,81,145,294.4923823989977,0.0,0.0,1
3,81,146,94.87079013254032,0.0,0.0,0
3,81,147,194.32125271500044,-0.14285715,0.0,1
3,81,148,261.3672402355753,0.65465367,0.0,1
3,81,149,272.34168297551975,0.0,0.0,1
3,81,150,405.33893701602574,0.75592893,0.0,2
3,81,151,292.69572515238167,0.0,0.0,1
3,81,152,155.99152336639975,0.0,0.0,1
3,81,153,310.54312320662126,0.0,0.0,2
3,81,154,294.15833089287065,0.0,0.0,1
3,81,155,42.64200882573742,0.0,0.0,0
3,81,156,77.98025425092828,0.0,0.0,0
3,81,157,282.56211595556147,0.0,0.0,1
3,81,158,272.93923272622226,-0.20365328,0.0,1
3,81,159,246.22239447372567,-0.14285715,0.0,1
3,81,160,150.0006313767849,0.0,0.0,1
3,81,161,248.88364494728324,0.0,0.0,1
3,81,162,228.71420243496246,0.0,0.0,1
3,81,163,184.74893246920703,0.0,0.0,1
3,81,164,183.0395556025032,0.0,0.0,1
3,81,165,391.3054834909785,0.0,0.0,2
3,81,166,153.60259658613603,-0.14285715,0.0,1
3,81,167,232.89801973687753,0.0,0.0,1
3,81,168,305.3107202827208,-0.14285715,0.0,2
3,81,169,274.5806696354273,0.0,0.0,1
3,81,170,191.92416909239736,0.0,0.0,1
3,81,171,338.4590484602359,0.48795003,0.0,2
3,81,172,235.45427406219804,0.0,0.0,1
3,81,173,219.89831417032798,0.0,0.0,1
3,81,174,374.55666715944557,-0.032530002,0.0,2
3,81,175,183.97153324964987,0.0,0.0,1
3,81,176,237.8745107680538,0.0,0.0,1
3,81,177,206.14121724119923,-0.14285715,0.0,1
3,81,178,185.42317689383356,0.0,0.0,1
3,81,179,321.91731992325526,0.0,0.0,2
3,81,180,213.38627367595308,0.0,0.0,1
3,81,181,317.0330357154303,0.0,0.0,2
3,81,182,260.5377882276782,0.0,0.0,1
3,81,183,235.13630856586963,0.0,0.0,1
3,81,184,99.19702995127665,0.0,0.0,0
3,81,185,139.09299211650418,-0.14285715,0.0,1
3,81,186,219.3480912316301,0.0,0.0,1
3,81,187,238.6497647932099,0.0,0.0,1
3,81,188,245.6610366206098,-0.14285715,0.0,1
3,81,190,266.42631544632775,-0.14285715,0.0,1
3,81,191,267.5074813627796,0.0,0.0,1
3,81,192,227.0409143348078,-0.14285715,0.0,1
3,81,193,197.40180092552256,0.0,0.0,1
3,81,194,128.23798485032228,0.0,0.0,1
3,81,195,365.804140836536,-0.14285715,0.0,2
3,81,196,319.87181762893874,0.0,0.0,2
3,81,197,315.31377559495553,-0.14285715,-0.03125,2
3,81,198,171.18777599561807,0.0,0.0,1
3,81,199,271.425949202744,0.0,0.0,1
3,81,200,171.38442462441367,1.0,0.0,1
3,81,201,87.80804489157923,0.0,0.0,0
3,81,202,211.64704569651758,-0.14285715,0.0,1
3,81,203,209.5207050228695,0.0,0.0,1
3,81,204,195.2029870341613,0.0,0.0,1
3,81,205,250.62752528987485,-0.21262163,0.0,1
3,81,206,210.18340065021522,0.0,0.0,1
3,81,207,118.6902896004316,0.0,0.0,1
3,81,208,186.1192868059984,-0.14285715,0.0,1
3,81,209,154.94554221448564,0.0,0.0,1
3,81,210,359.58791946525895,1.0,0.0,2
3,81,211,263.3645465472714,0.0,0.0,1
3,81,212,192.76608600916177,-0.14285715,0.0,1
3,81,213,112.99597731228702,0.0,0.0,1
3,81,214,124.16296923429114,0.0,0.0,1
3,81,215,413.361118466739,-0.2178551,-0.03125,2
3,81,216,62.50171291021035,0.0,0.0,0
3,81,217,300.4132334597881,-0.26726124,0.0,2
3,81,218,160.59305676352608,0.0,0.0,1
3,81,219,103.09802299263956,0.0,0.0,1
3,81,220,145.66127456960186,0.0,0.0,1
3,81,221,67.55153034840592,0.0,0.0,0
3,81,222,301.26248566656824,0.0,0.0,2
3,81,223,177.49778433756032,0.0,0.0,1
3,81,224,211.28909506809222,0.0,0.0,1
3,81,225,272.03067114367326,-0.14285715,0.0,1
3,81,226,38.04486063472579,0.0,0.0,0
3,81,227,201.60624816951665,-0.22059132,-0.03125,1
3,81,228,222.233544640225,0.0,0.0,1
3,81,229,341.34329879643565,0.0,0.0,2
3,81,230,324.7982915196267,0.60481477,0.0,2
3,81,231,384.62614269558213,-0.14285715,0.0,2
3,81,232,158.88027308020895,-0.14285715,0.0,1
3,81,233,269.0514601530082,0.0,0.0,1
3,81,234,311.04731661226015,0.65465367,0.03125,2
3,81,235,113.21995761503524,0.0,0.0,1
3,81,236,239.43751186064236,-0.29277,0.0,1
3,81,237,183.62985754541918,0.0,0.0,1
3,81,238,104.9758985956211,-0.14285715,0.0,1
3,81,239,191.96608454766624,0.0,0.0,1
3,81,240,293.2930695664834,0.0,0.0,1
3,81,241,111.6361150632135,0.0,0.0,1
3,81,242,136.8843466473128,0.0,0.0,1
3,81,243,148.37541168192578,0.0,0.0,1
3,81,244,284.7425880515496,0.0,0.0,1
3,81,245,203.9451646614491,0.0,0.0,1
3,81,246,312.0361288569732,-0.14285715,0.0,2
3,81,247,245.88190307617108,-0.14285715,0.0,1
3,81,248,304.5103801689881,-0.14285715,0.0,2
3,81,249,120.95094470158837,0.0,0.0,1
3,81,250,148.59246246559744,-0.0805823,0.0,1
3,81,251,233.0056027481546,0.0,0.0,1
3,81,252,293.1368602842724,-0.14285715,0.0,1
3,81,253,52.66513863338337,-0.14285715,0.0,0
3,81,254,88.6132084043574,0.0,0.0,0
3,81,255,98.71298506473184,0.0,0.0,0
3,81,256,233.45527645136414,-0.14285715,0.0,1
3,81,257,316.98807032479607,-0.14285715,0.0,2
3,81,258,120.8644811558715,0.0,0.0,1
3,81,259,96.00976829171366,0.0,0.0,0
3,81,260,272.77675051442213,0.65465367,0.0,1
3,81,261,329.4095725301825,0.0,0.0,2
3,81,262,345.7982930235882,0.3394221,0.03125,2
3,81,263,111.75976250969805,0.0,0.0,1
3,81,264,98.05548725826175,-0.14285715,0.0,0
3,81,265,329.9547014696276,-0.21530819,0.0,2
3,81,266,302.64197508635857,0.4677676,0.0,2
3,81,267,249.82891257069312,-0.14285715,0.0,1
3,81,268,155.67106505304324,0.0,0.0,1
3,81,269,190.1563206307012,0.0,0.0,1
3,81,270,332.05534156402854,-0.179374,0.0,2
3,81,271,433.9728693522949,0.5586292,0.03125,2
3,81,272,163.79750194479485,0.0,0.0,1
3,81,273,279.5792910935558,0.0,0.0,1
3,81,274,102.90405199788937,0.0,0.0,1
3,81,275,302.5051194737285,0.0,0.0,2
3,81,276,82.77648988956403,-0.14285715,0.0,0
3,81,277,133.12953518932738,0.0,0.0,1
3,81,278,150.4745689621851,0.0,-0.03125,1
3,81,279,372.581186309998,0.0,0.0,2
3,81,280,205.48028423833236,0.0,0.0,1
3,81,281,99.94596881740041,-0.14285715,0.0,0
3,81,282,197.88233216393147,0.0,0.0,1
3,81,283,346.23535930016624,-0.14285715,0.0,2
3,81,284,325.08557869642016,-0.14285715,0.0,2
3,81,285,261.04037130542036,0.26726124,0.0,1
3,81,286,162.8275271862767,0.0,0.0,1
3,81,287,258.7290090183929,-0.14285715,0.0,1
3,81,288,214.95755631827777,0.0,0.0,1
3,81,289,301.09574215560474,0.0,0.0,2
3,81,290,140.62891808528963,0.0,0.0,1
3,81,291,306.6428880481689,0.0,0.0,2
3,81,292,251.08597351821456,0.0,0.0,1
3,81,293,266.51050056533825,0.0,0.0,1
3,81,294,213.76934418968474,0.0,0.0,1
3,81,295,166.2662628003758,-0.14285715,0.0,1
3,81,296,195.05681099121463,0.0,0.0,1
3,81,297,80.03978333224899,-0.14285715,0.0,0
3,81,298,149.89542275029393,-0.14285715,0.0,1
3,81,299,127.55335095342154,0.0,0.0,1
3,81,300,138.62452308151867,1.0,0.0,1
3,81,301,334.6667853072041,-0.14285715,0.0,2
3,81,302,77.55609672548621,0.0,0.0,0
3,81,303,251.63262911329568,0.0,0.0,1
3,81,304,292.7176935846139,-0.14285715,0.0,1
3,81,305,195.07916001709657,0.0,0.0,1
3,81,306,253.12829567924416,0.0,0.0,1
3,81,307,329.3383518433891,0.0,0.0,2
3,81,308,319.45160566572173,0.0,0.0,2
3,81,309,130.5696667638844,0.0,0.0,1
3,81,310,342.8538227556608,0.65465367,0.0,2
3,81,311,346.0337423047761,1.0,0.0,2
3,81,312,283.53466967218793,0.0,0.0,1
3,81,313,280.1190275737968,-0.14285715,0.0,1
3,81,314,64.25175937768266,0.0,0.0,0
3,81,315,213.67487903269475,0.0,0.0,1
3,81,316,219.890110388337,-0.14285715,0.0,1
3,81,317,211.47682303778515,0.0,0.0,1
3,81,318,303.54987256518893,-0.24243504,0.0,2
3,81,319,373.3124542628263,-0.14285715,0.0,2
4,92,0,34.62922246451909,0.0,0.0,0
4,92,1,74.201349822114,0.0,0.0,0
4,92,2,283.6490075935859,0.0,0.0,1
4,92,3,268.4480595918898,0.0,0.0,1
4,92,4,274.3804885625023,0.0,0.0,1
4,92,5,136.5558615993718,0.0,0.0,1
4,92,6,82.8787107140621,0.0,0.0,0
4,92,7,229.21125624996017,0.0,0.0,1
4,92,8,258.234152673559,0.0,0.0,1
4,92,9,400.61265440322114,0.0,0.0,2
4,92,10,151.80920259232883,0.0,0.0,1
4,92,11,299.0666373959384,0.0,0.0,1
4,92,12,260.6520546195189,0.0,0.0,1
4,92,13,175.5237653785839,0.0,0.0,1
4,92,14,177.82418235001538,0.0,0.0,1
4,92,15,326.8183527090564,0.0,-0.03125,2
4,92,16,360.488527890041,0.0,0.0,2
4,92,17,315.55768364047236,0.0,0.0,2
4,92,18,238.75242403176821,0.0,0.0,1
4,92,19,180.9863040538773,0.0,0.0,1
4,92,20,126.6912914745298,0.0,0.0,1
4,92,21,347.34359845752357,0.0,0.0,2
4,92,22,343.26747026262257,0.0,0.0,2
4,92,23,81.4798378930876,0.0,0.0,0
4,92,24,341.29420492756395,0.0,0.0,2
4,92,25,304.32889460020624,0.0,0.0,2
4,92,26,356.8468943604106,0.0,0.0,2
4,92,27,179.30765113508878,0.0,0.0,1
4,92,28,313.44814596702736,0.0,0.0,2
4,92,29,249.20138211311684,0.0,0.0,1
4,92,30,57.062304574741425,0.0,0.0,0
4,92,31,340.6943562551783,0.0,0.0,2
4,92,32,150.50348958716162,0.0,0.0,1
4,92,33,247.04519934765133,0.0,0.0,1
4,92,34,247.763096130877,0.0,0.0,1
4,92,35,414.3923260589345,0.0,0.0,2
4,92,36,298.7888212990645,0.0,0.0,1
4,92,37,406.1600328982559,0.0,0.0,2
4,92,38,382.85859137213623,0.0,0.0,2
4,92,39,403.0266554135997,0.0,0.0,2
4,92,40,74.99794557351488,0.0,0.0,0
4,92,41,222.5065427285012,0.0,0.0,1
4,92,42,197.07097710239142,0.0,0.0,1
4,92,43,252.60342676082416,0.0,0.0,1
4,92,44,365.2002609383099,0.0,0.0,2
4,92,45,307.793835063475,0.0,0.0,2
4,92,46,159.6976073417351,0.0,0.0,1
4,92,47,242.1005981729129,0.0,0.0,1
4,92,48,142.5598643968628,0.0,0.0,1
4,92,49,42.763554671541144,0.0,0.0,0
4,92,50,286.9527989288293,0.0,0.0,1
4,92,51,263.1616819911733,0.0,0.0,1
4,92,52,360.7424387312134,0.0,0.0,2
4,92,53,106.64125602220271,0.0,0.0,1
4,92,54,325.8944798820738,0.0,0.0,2
4,92,55,497.3943264946368,0.0,0.0,2
4,92,56,28.422417816071697,0.0,0.0,0
4,92,57,92.45562103800141,0.0,0.0,0
4,92,58,150.69541512268842,0.0,0.0,1
4,92,59,130.83410450421596,0.0,0.0,1
4,92,60,437.1193272517426,0.0,0.0,2
4,92,61,382.36064524828646,0.0,0.0,2
4,92,62,268.15215531562694,0.0,0.03125,1
4,92,63,320.45834884244357,0.0,0.0,2
4,92,64,345.5298710903126,0.0,0.0,2
4,92,65,173.4105073605826,0.0,0.0,1
4,92,66,426.2961772991856,0.0,0.0,2
4,92,67,117.0459932856748,0.0,0.0,1
4,92,68,167.33806512181198,0.0,0.0,1
4,92,69,118.03880143567285,0.0,0.0,1
4,92,70,374.0917750323327,0.0,0.0,2
4,92,71,339.27128779570745,0.0,0.0,2
4,92,72,323.55596180348863,0.0,0.0,2
4,92,73,243.48732774652933,0.0,0.0,1
4,92,74,137.7512207005472,0.0,0.0,1
4,92,75,218.3474159893552,0.0,0.0,1
4,92,76,151.69649957861463,0.0,0.0,1
4,92,77,39.07328302399444,0.0,0.0,0
4,92,78,154.1508164909549,0.0,0.0,1
4,92,79,268.4384037866076,0.0,0.0,1
4,92,80,315.03347920184086,0.0,0.0,2
4,92,81,242.11331858096293,0.0,0.0,1
4,92,82,261.7744988213292,0.0,0.0,1
4,92,83,87.09007707649644,0.0,0.0,0
4,92,84,126.92327757609706,0.0,0.0,1
4,92,85,277.8310606048581,0.0,0.0,1
4,92,86,65.06131664498469,0.0,0.0,0
4,92,87,216.23716592043033,0.0,0.0,1
4,92,88,236.7878103755657,0.0,0.0,1
4,92,89,211.3889325292986,0.0,0.0,1
4,92,90,239.46186458052688,0.0,0.0,1
4,92,91,218.84295811959524,0.0,0.0,1
4,92,93,248.58127993492457,0.0,0.0,1
4,92,94,175.70513843946858,0.0,0.0,1
4,92,95,128.92031228365167,0.0,0.0,1
4,92,96,352.50683270902675,0.0,0.0,2
4,92,97,180.82859684186772,0.0,0.0,1
4,92,98,119.66091837295876,0.0,-0.03125,1
4,92,99,318.8906551628993,0.0,0.0,2
4,92,100,414.76311879083295,0.0,0.0,2
4,92,101,155.69545492139542,0.0,0.0,1
4,92,102,127.79514189593569,0.0,0.0,1
4,92,103,160.09830446076126,0.0,0.0,1
4,92,104,119.61415403019579,0.0,0.0,1
4,92,105,347.864121512364,0.0,0.0,2
4,92,106,335.78978838689574,0.0,0.0,2
4,92,107,347.62169316802766,0.0,0.0,2
4,92,108,71.06282864668385,0.0,0.0,0
4,92,109,367.2672526299445,0.0,0.0,2
4,92,110,245.14552729991152,0.0,0.0,1
4,92,111,227.27844576822758,0.0,0.0,1
4,92,112,456.5937760213966,0.0,0.0,2
4,92,113,119.71769582292612,0.0,0.0,1
4,92,114,310.9092362422842,0.0,0.0,2
4,92,115,279.6680209815908,0.0,0.0,1
4,92,116,454.1913368123382,0.0,0.0,2
4,92,117,90.51343147209838,0.0,0.0,0
4,92,118,415.3826334265472,0.0,0.0,2
4,92,119,496.4589931331962,0.0,-0.03125,2
4,92,120,68.95772874464977,0.0,0.0,0
4,92,121,432.7284791701116,0.0,0.0,2
4,92,122,238.04645883275742,0.0,0.0,1
4,92,123,397.4526905458718,0.0,0.0,2
4,92,124,305.0341897349371,0.0,0.0,2
4,92,125,256.1777063365086,0.0,0.0,1
4,92,126,319.9732022715327,0.0,0.0,2
4,92,127,446.09141662904693,0.0,0.0,2
4,92,128,71.96124522636774,0.0,0.0,0
4,92,129,107.59616546144923,0.0,0.0,1
4,92,130,360.050295352899,0.0,0.0,2
4,92,131,414.25033002613515,0.0,0.0,2
4,92,132,353.46997771697346,0.0,0.0,2
4,92,133,217.77209404213244,0.0,0.0,1
4,92,134,374.8654555836196,0.0,0.0,2
4,92,135,473.94354591582805,0.0,0.0,2
4,92,136,141.05919906044477,0.0,0.0,1
4,92,138,455.30134302758654,0.0,0.0,2
4,92,139,205.99674542209198,0.0,0.0,1
4,92,140,263.17259980489723,0.0,0.0,1
4,92,141,95.98978626031521,0.0,0.0,0
4,92,142,87.93635132028861,0.0,0.0,0
4,92,143,222.2519736078518,0.0,0.0,1
4,92,144,80.10588236584218,0.0,0.0,0
4,92,145,135.25041587734142,0.0,0.0,1
4,92,146,329.5752307549613,0.0,0.0,2
4,92,147,198.7203661286695,0.0,0.0,1
4,92,148,467.5078531814864,0.0,0.0,2
4,92,149,372.79426376537396,0.0,0.0,2
4,92,150,299.0519733335164,0.0,0.0,1
4,92,151,421.51760787247383,0.0,0.0,2
4,92,152,253.0127112312089,0.0,0.0,1
4,92,153,193.30543339589983,0.0,0.0,1
4,92,154,89.31698699041226,0.0,0.0,0
4,92,155,268.78818017359464,0.0,0.0,1
4,92,156,186.86409146554712,0.0,0.0,1
4,92,157,109.22864562057322,0.0,0.0,1
4,92,158,31.537180998845077,0.0,0.0,0
4,92,160,180.5387264340916,0.0,0.0,1
4,92,161,448.44512349710584,0.0,0.0,2
4,92,163,313.9724790014087,0.0,0.0,2
4,92,164,149.52596769943955,0.0,0.0,1
4,92,165,296.9399232752886,0.0,-0.03125,1
4,92,166,228.26135775320355,0.0,0.0,1
4,92,167,27.84901909396766,0.0,0.0,0
4,92,168,328.74251159901377,0.0,0.0,2
4,92,169,42.298698799832735,0.0,0.0,0
4,92,170,50.19919397579209,0.0,0.0,0
4,92,171,148.72637182531045,0.0,0.0,1
4,92,172,304.03830568238357,0.0,0.0,2
4,92,173,68.17482688044883,0.0,0.0,0
4,92,174,329.28749824543974,0.0,0.0,2
4,92,175,154.8733289797697,0.0,0.0,1
4,92,176,215.9086571864269,0.0,0.0,1
4,92,177,94.5339074202125,0.0,0.0,0
4,92,178,102.53086599570182,0.0,0.0,1
4,92,179,99.17112077249327,0.0,0.0,0
4,92,180,388.4273406218699,0.0,0.0,2
4,92,181,505.26678984217824,0.0,0.0,2
4,92,182,350.45321652996876,0.0,0.0,2
4,92,183,39.28924352442525,0.0,0.0,0
4,92,184,336.63821810043777,0.0,0.0,2
4,92,185,380.4707494946948,0.0,0.0,2
4,92,186,145.68221469221254,0.0,0.0,1
4,92,187,252.48077924053555,0.0,0.0,1
4,92,188,161.7046151712445,0.0,0.0,1
4,92,189,230.17718453949777,0.0,0.0,1
4,92,190,175.58070759263063,0.0,0.0,1
4,92,191,36.05462010589922,0.0,0.0,0
4,92,192,423.98317640984,0.0,0.0,2
4,92,193,276.68082238570275,0.0,0.0,1
4,92,194,338.0842021733713,0.0,0.0,2
4,92,195,287.81026491620247,0.0,0.0,1
4,92,196,279.2210698674423,0.0,0.0,1
4,92,197,181.96496695132086,0.0,0.0,1
4,92,198,396.41714563979224,0.0,0.0,2
4,92,199,102.8139255880105,0.0,0.0,1
4,92,200,243.0500763920975,0.0,0.0,1
4,92,201,170.70146451681995,0.0,0.0,1
4,92,202,418.4417238085551,0.0,0.0,2
4,92,203,401.45978105443925,0.0,0.0,2
4,92,204,392.1531019868679,0.0,0.0,2
4,92,205,388.7316059394437,0.0,0.0,2
4,92,206,394.7841934926156,0.0,0.0,2
4,92,207,209.23003732146134,0.0,0.0,1
4,92,208,329.16580455676075,0.0,0.0,2
4,92,209,94.27598707545336,0.0,0.0,0
4,92,210,232.1841744151842,0.0,0.0,1
4,92,211,152.9048002363318,0.0,0.0,1
4,92,212,258.1207534176238,0.0,0.0,1
4,92,213,232.78709851600405,0.0,0.0,1
4,92,214,161.29167347040922,0.0,0.0,1
4,92,215,319.720138173715,0.0,0.0,2
4,92,216,302.42910323739716,0.0,0.0,2
4,92,217,173.2873073855118,0.0,0.0,1
4,92,218,81.74439690377272,0.0,0.0,0
4,92,219,326.0220156177912,0.0,0.0,2
4,92,220,174.7014702252206,0.0,0.0,1
4,92,221,299.8776805770586,0.0,0.0,1
4,92,222,98.0069243308613,0.0,0.0,0
4,92,223,77.54519732061617,0.0,0.0,0
4,92,224,115.96583054880065,0.0,0.0,1
4,92,225,103.70964357569814,0.0,0.0,1
4,92,226,276.8257125717468,0.0,0.0,1
4,92,227,401.7493442637834,0.0,0.0,2
4,92,228,381.96111632292553,0.0,0.0,2
4,92,229,249.44321480791362,0.0,0.0,1
4,92,230,511.6170799174058,0.0,0.0,2
4,92,231,297.02737287661375,0.0,0.0,1
4,92,232,391.3194548503494,0.0,0.0,2
4,92,233,27.71858428289664,0.0,0.0,0
4,92,234,147.77215908423096,0.0,0.0,1
4,92,235,353.30682376762627,0.0,0.0,2
4,92,236,319.6134095699256,0.0,0.0,2
4,92,237,233.60273961051865,0.0,0.0,1
4,92,238,249.93924530193257,0.0,0.0,1
4,92,239,255.35823938923951,0.0,0.0,1
4,92,240,81.91423945217679,0.0,0.0,0
4,92,241,290.2521738522654,0.0,0.0,1
4,92,242,260.55999046921795,0.0,0.0,1
4,92,243,192.76561943537132,0.0,0.0,1
4,92,244,42.826489541955596,0.0,0.0,0
4,92,245,102.72294407118015,0.0,0.0,1
4,92,246,77.75720366706068,0.0,0.0,0
4,92,247,363.3972686822657,0.0,0.0,2
4,92,248,191.5467007023047,0.0,0.0,1
4,92,249,336.26656773649466,0.0,0.0,2
4,92,250,381.60232372417687,0.0,0.0,2
4,92,251,190.55482072949488,0.0,0.0,1
4,92,252,125.77969830513977,0.0,0.0,1
4,92,253,199.31561721856215,0.0,0.0,1
4,92,254,330.54225738968825,0.0,0.0,2
4,92,255,325.0998540924181,0.0,0.0,2
4,92,256,372.7631762467815,0.0,0.0,2
4,92,257,93.52961379977604,0.0,0.0,0
4,92,258,135.8089819395365,0.0,0.0,1
4,92,259,150.73161689349752,0.0,0.0,1
4,92,260,328.6664563021742,0.0,0.0,2
4,92,261,136.1253103061501,0.0,0.03125,1
4,92,262,159.789554956155,0.0,0.0,1
4,92,263,132.34626420651213,0.0,0.0,1
4,92,264,269.598585490702,0.0,0.0,1
4,92,265,285.85931262124416,0.0,0.0,1
4,92,266,481.4828296714564,0.0,0.0,2
4,92,267,38.441990013782615,0.0,0.0,0
4,92,268,391.42204463135374,0.0,0.0,2
4,92,269,80.81667531967607,0.0,0.0,0
4,92,270,196.94853873013113,0.0,0.0,1
4,92,271,343.7060748559329,0.0,-0.03125,2
4,92,272,95.03038854608347,0.0,0.0,0
4,92,273,168.56785772468524,0.0,0.0,1
4,92,274,337.25848470316146,0.0,0.0,2
4,92,275,239.00929134448654,0.0,0.0,1
4,92,276,269.84774454645776,0.0,0.0,1
4,92,277,202.64520801875798,0.0,0.0,1
4,92,278,141.4039470377338,0.0,0.0,1
4,92,279,341.0731455841698,0.0,0.0,2
4,92,280,326.959206688211,0.0,0.0,2
4,92,281,143.20713128523573,0.0,0.0,1
4,92,282,254.2249469425907,0.0,0.0,1
4,92,283,234.32327087396683,0.0,0.0,1
4,92,284,264.6173257423972,0.0,0.0,1
4,92,285,243.48436104256623,0.0,0.0,1
4,92,286,84.05896012552891,0.0,0.0,0
4,92,287,32.346295574673185,0.0,0.0,0
4,92,288,217.46701158546952,0.0,0.0,1
4,92,289,324.3320766210441,0.0,0.0,2
4,92,290,188.09572517850552,0.0,0.0,1
4,92,291,203.6080602975491,0.0,0.0,1
4,92,292,208.82180325178018,0.0,0.0,1
4,92,294,34.090414155260056,0.0,0.0,0
4,92,295,407.5962816640263,0.0,0.0,2
4,92,296,332.4754680909669,0.0,0.0,2
4,92,297,296.12983791033315,0.0,0.0,1
4,92,298,97.66080697707667,0.0,0.0,0
4,92,299,215.86428961980945,0.0,0.0,1
4,92,300,205.97431263497265,0.0,0.0,1
4,92,301,293.1153385653658,0.0,0.0,1
4,92,302,317.64479929133995,0.0,0.0,2
4,92,303,57.679771507552346,0.0,0.0,0
4,92,304,143.13739014405257,0.0,0.0,1
4,92,305,350.964778378158,0.0,0.0,2
4,92,307,99.59431043203631,0.0,0.0,0
4,92,308,82.09113993496362,0.0,0.0,0
4,92,309,132.9647844292521,0.0,0.0,1
4,92,310,105.28800126192947,0.0,0.0,1
4,92,311,219.89808051188956,0.0,0.0,1
4,92,312,92.05717110177022,0.0,0.0,0
4,92,313,188.96527486130825,0.0,0.0,1
4,92,314,245.10523079664512,0.0,0.0,1
4,92,315,202.36364327643003,0.0,0.0,1
4,92,316,438.982921426552,0.0,0.0,2
4,92,317,107.83823132831432,0.0,0.0,1
4,92,318,488.54627467677216,0.0,0.0,2
4,92,319,325.0470244872623,0.0,0.0,2
5,94,0,199.0577594212964,0.0,0.0,1
5,94,1,246.48959275842003,0.0,0.0,1
5,94,2,315.3692597758542,0.0,0.0,2
5,94,3,252.4384990751772,0.0,0.0,1
5,94,4,137.92892015080756,0.0,0.0,1
5,94,5,85.80076679387449,0.0,0.0,0
5,94,6,214.66359127995898,0.0,0.0,1
5,94,7,152.31400418902604,0.0,0.0,1
5,94,8,167.11452525261862,0.0,0.0,1
5,94,9,225.9670522513526,0.0,0.0,1
5,94,10,116.40220844734561,0.0,0.0,1
5,94,11,321.8966401542357,0.0,0.0,2
5,94,12,125.04443844102659,0.0,0.0,1
5,94,13,72.87579525742014,0.0,0.0,0
5,94,14,67.99170269666597,0.0,0.0,0
5,94,15,225.98691393965717,0.0,-0.03125,1
5,94,16,227.2337835591975,0.0,0.0,1
5,94,17,148.73253710784715,0.0,0.0,1
5,94,18,151.93361543826023,0.0,0.0,1
5,94,19,220.8143413821104,0.0,0.0,1
5,94,20,302.39551189965835,0.0,0.0,2
5,94,21,221.75791831393906,0.0,0.0,1
5,94,22,177.36684721478022,0.0,0.0,1
5,94,23,186.9734060959741,0.0,0.0,1
5,94,24,183.89716410197835,0.0,0.0,1
5,94,25,131.98880127563902,0.0,0.0,1
5,94,26,181.9728205997894,0.0,0.0,1
5,94,27,129.3653939695694,0.0,0.0,1
5,94,28,248.41885654331819,0.0,0.0,1
5,94,29,124.6771386057955,0.0,0.0,1
5,94,30,198.12074382909344,0.0,0.0,1
5,94,31,182.74324508924408,0.0,0.0,1
5,94,32,202.0306270270705,0.0,0.0,1
5,94,33,95.58896408163987,0.0,0.0,0
5,94,34,185.70897039712713,0.0,0.0,1
5,94,35,267.3397875867411,0.0,0.0,1
5,94,36,142.0530082456935,0.0,0.0,1
5,94,37,236.70738145921197,0.0,0.0,1
5,94,38,315.4944494841641,0.0,0.0,2
5,94,39,290.9172920044829,0.0,0.0,1
5,94,40,192.5423692244469,0.0,0.0,1
5,94,41,256.4076084847726,0.0,0.0,1
5,94,42,161.1324031955066,0.0,0.0,1
5,94,43,213.51713835657068,0.0,0.0,1
5,94,44,191.38972075533286,0.0,0.0,1
5,94,45,176.92638496086894,0.0,0.0,1
5,94,46,106.22183413017308,0.0,0.0,1
5,94,47,124.89136701449002,0.0,0.0,1
5,94,48,315.8115276331401,0.0,0.0,2
5,94,49,205.44603144317696,0.0,0.0,1
5,94,50,166.7013970249092,0.0,0.0,1
5,94,51,89.37694139357917,0.0,0.0,0
5,94,52,250.37502603831334,0.0,0.0,1
5,94,53,280.67434935679455,0.0,0.0,1
5,94,54,325.4500925654082,0.0,0.0,2
5,94,55,330.66773245187244,0.0,0.0,2
5,94,56,150.86945910108975,0.0,0.0,1
5,94,57,180.55256429613158,0.0,0.0,1
5,94,58,34.57996413446358,0.0,0.0,0
5,94,59,69.449743097975,0.0,0.0,0
5,94,60,289.23158060407627,0.0,0.0,1
5,94,61,210.2730500060415,0.0,0.0,1
5,94,62,280.4633473168775,0.0,0.0,1
5,94,63,340.09626604606893,0.0,0.0,2
5,94,64,265.8995166866766,0.0,0.0,1
5,94,65,167.64591905338614,0.0,0.0,1
5,94,66,264.1091241489939,0.0,0.0,1
5,94,67,287.01095515273437,0.0,0.0,1
5,94,68,192.01121578346635,0.0,0.0,1
5,94,69,289.0155420097209,0.0,0.0,1
5,94,70,274.78236632434016,0.0,0.0,1
5,94,71,163.58815828188094,0.0,0.0,1
5,94,72,191.53287473803445,0.0,0.0,1
5,94,73,69.10069772418372,0.0,0.0,0
5,94,74,160.0499776896581,0.0,0.0,1
5,94,75,298.74064979092515,0.0,0.0,1
5,94,76,327.05120198235426,0.0,0.0,2
5,94,77,170.93603755190472,0.0,0.0,1
5,94,78,329.8475935296474,0.0,0.0,2
5,94,79,202.2283911358762,0.0,0.0,1
5,94,80,330.6638152422148,0.0,0.0,2
5,94,81,159.89133457040109,0.0,0.0,1
5,94,82,92.75380403970786,0.0,0.0,0
5,94,83,115.85583658945677,0.0,0.0,1
5,94,84,214.45570748478966,0.0,0.0,1
5,94,85,228.08389891235595,0.0,0.0,1
5,94,86,240.66634331180953,0.0,-0.03125,1
5,94,87,188.9340463467425,0.0,0.0,1
5,94,88,300.6223030298022,0.0,0.0,2
5,94,89,179.09389498273265,0.0,0.0,1
5,94,90,168.47884960429494,0.0,0.0,1
5,94,91,187.12082658848135,0.0,0.0,1
5,94,92,175.70513843946858,0.0,0.0,1
5,94,93,276.17460904590774,0.0,0.0,1
5,94,95,304.48000266850113,0.0,-0.03125,2
5,94,96,178.51188055911163,0.0,-0.125,1
5,94,97,125.69492140032818,0.0,0.0,1
5,94,98,288.4731677110822,0.0,0.0,1
5,94,99,226.41712650148546,0.0,0.0,1
5,94,100,247.05023965832206,0.0,0.0,1
5,94,101,27.037405084196763,0.0,0.0,0
5,94,102,70.04880218988545,0.0,0.0,0
5,94,103,221.31443331448995,0.0,0.0,1
5,94,104,86.26778629284895,0.0,0.0,0
5,94,105,307.5019279361143,0.0,0.0,2
5,94,106,208.74143535692238,0.0,0.0,1
5,94,107,211.99560984368256,0.0,0.0,1
5,94,108,140.9615017712099,0.0,0.0,1
5,94,109,314.26180468378556,0.0,0.0,2
5,94,110,78.94991654530989,0.0,0.0,0
5,94,111,65.04070922578653,0.0,0.0,0
5,94,112,282.2663609880862,0.0,0.0,1
5,94,113,253.94253021466022,0.0,0.0,1
5,94,114,151.90591661228513,0.0,0.0,1
5,94,115,146.2811712475705,0.0,0.0,1
5,94,116,289.3262226791421,0.0,0.0,1
5,94,117,132.52013777934695,0.0,0.0,1
5,94,118,271.21799854327594,0.0,0.0,1
5,94,119,324.79355747262923,0.0,0.0,2
5,94,120,211.87694145279525,0.0,0.0,1
5,94,121,262.11806089626845,0.0,0.0,1
5,94,122,139.51508045936203,0.0,0.0,1
5,94,123,261.6327686297602,0.0,0.0,1
5,94,124,147.73870519669282,0.0,0.0,1
5,94,125,103.5176005390995,0.0,0.0,1
5,94,126,202.89245820518792,0.0,0.0,1
5,94,127,287.57401571252683,0.0,0.0,1
5,94,128,219.52376911438628,0.0,0.0,1
5,94,129,120.79766401249475,0.0,0.0,1
5,94,130,346.3023709314179,0.0,0.0,2
5,94,131,257.6972079791759,0.0,0.0,1
5,94,132,191.24544715045778,0.0,0.0,1
5,94,133,168.22424700396516,0.0,0.0,1
5,94,134,199.24626120959832,0.0,0.0,1
5,94,135,301.08339742873136,0.0,0.0,2
5,94,136,154.55272102817304,0.0,0.0,1
5,94,137,192.06438687207128,0.0,0.0,1
5,94,138,282.1359365752046,0.0,0.0,1
5,94,139,294.53745166609366,0.0,0.03125,1
5,94,140,109.94219293895847,0.0,0.0,1
5,94,141,160.25883886235317,0.0,0.0,1
5,94,142,89.46914634706553,0.0,0.0,0
5,94,143,171.6371810877673,0.0,0.0,1
5,94,144,237.19309361574915,0.0,0.0,1
5,94,145,292.4486560932176,0.0,0.0,1
5,94,146,208.0548976016055,0.0,0.0,1
5,94,147,270.8318778284211,0.0,-0.03125,1
5,94,148,306.16690850284994,0.0,0.0,2
5,94,149,198.6532923132685,0.0,0.0,1
5,94,150,245.46544509970408,0.0,0.0,1
5,94,151,245.8731193676169,0.0,0.0,1
5,94,152,276.23540513964076,0.0,0.0,1
5,94,153,153.81506064775675,0.0,0.0,1
5,94,154,177.02291137575128,0.0,0.0,1
5,94,155,156.97929866066266,0.0,0.0,1
5,94,156,170.94036992566473,0.0,0.0,1
5,94,157,151.43918729360158,0.0,0.0,1
5,94,158,195.81133195380184,0.0,0.0,1
5,94,159,191.7415076707396,0.0,0.0,1
5,94,160,227.7778085418007,0.0,0.0,1
5,94,161,284.9548173574165,0.0,0.0,1
5,94,162,175.5453763746433,0.0,0.0,1
5,94,163,324.1897265176867,0.0,0.0,2
5,94,164,34.11340468692363,0.0,0.0,0
5,94,165,231.74016678154655,0.0,0.0,1
5,94,166,53.81951576893558,0.0,0.0,0
5,94,167,186.56401121358775,0.0,0.0,1
5,94,168,176.78382506375297,0.0,0.0,1
5,94,169,217.98918666566462,0.0,0.0,1
5,94,170,141.18351711780008,0.0,0.0,1
5,94,171,202.43565909641646,0.0,0.0,1
5,94,172,132.52559468420586,0.0,0.0,1
5,94,173,203.70117799933726,0.0,0.0,1
5,94,174,222.3409045603977,0.0,-0.0625,1
5,94,175,31.36908806045648,0.0,0.0,0
5,94,176,81.51060391407124,0.0,0.0,0
5,94,177,88.31225881048371,0.0,0.0,0
5,94,178,198.5414591272615,0.0,0.0,1
5,94,179,210.31626817303868,0.0,0.0,1
5,94,180,219.5679966628697,0.0,0.0,1
5,94,181,335.4075619623899,0.0,0.0,2
5,94,182,177.14180707077833,0.0,0.0,1
5,94,183,144.74667823768397,0.0,0.0,1
5,94,184,218.15698310064508,0.0,0.0,1
5,94,185,281.84467341187303,0.0,0.03125,1
5,94,186,254.88851325681244,0.0,0.0,1
5,94,187,97.40441974344695,0.0,0.0,0
5,94,188,281.6648874353345,0.0,0.0,1
5,94,189,137.03785595614787,0.0,0.0,1
5,94,190,109.03280089656394,0.0,0.0,1
5,94,191,211.54380118759542,0.0,0.0,1
5,94,192,260.7729591685172,0.0,0.0,1
5,94,193,101.55403741116864,0.0,0.0,1
5,94,194,287.9262604873604,0.0,0.0,1
5,94,195,207.1208324134516,0.0,0.0,1
5,94,196,165.88118158772906,0.0,0.0,1
5,94,197,161.68577933459474,0.0,0.0,1
5,94,198,253.9862572735836,0.0,0.0,1
5,94,199,141.92199633215307,0.0,0.0,1
5,94,200,67.34555132508015,0.0,0.0,0
5,94,201,161.96886004783778,0.0,0.0,1
5,94,202,260.531995458475,0.0,0.0,1
5,94,203,368.48378817679856,0.0,0.0,2
5,94,204,354.5489350853647,0.0,0.0,2
5,94,205,213.35596594791735,0.0,0.03125,1
5,94,206,228.64064477068976,0.0,0.0,1
5,94,207,52.10388662513691,0.0,0.0,0
5,94,208,331.08742466989736,0.0,0.0,2
5,94,209,150.58367587725476,0.0,0.0,1
5,94,210,201.71476044145547,0.0,0.0,1
5,94,211,111.46076045398871,0.0,0.0,1
5,94,212,303.2057805461991,0.0,0.0,2
5,94,213,235.3479725758878,0.0,0.0,1
5,94,214,42.65898825999091,0.0,0.0,0
5,94,215,254.11583325628,0.0,-0.03125,1
5,94,216,195.9236946182886,0.0,0.0,1
5,94,217,146.9568509715165,0.0,0.0,1
5,94,218,130.96866384374428,0.0,0.0,1
5,94,219,192.38143771294216,0.0,0.0,1
5,94,220,220.2422592889215,0.0,0.0,1
5,94,221,226.51551231875206,0.0,0.0,1
5,94,222,181.00678177780867,0.0,0.0,1
5,94,223,101.76281933135844,0.0,0.0,1
5,94,224,229.85642066207902,0.0,0.0,1
5,94,225,260.9560395942462,0.0,0.0,1
5,94,226,195.97236974749794,0.0,0.0,1
5,94,227,361.2819525267482,0.0,0.03125,2
5,94,228,209.63410880318608,0.0,0.0,1
5,94,229,181.46038847593022,0.0,0.0,1
5,94,230,341.1915968271937,0.0,0.03125,2
5,94,231,225.42439362004194,0.0,0.0,1
5,94,232,313.5900501923509,0.0,0.0,2
5,94,233,200.8142842553693,0.0,0.0,1
5,94,234,168.0078223563522,0.0,0.0,1
5,94,235,261.97548328748775,0.0,0.0,1
5,94,236,146.60075581953458,0.0,0.0,1
5,94,237,59.66413663670385,0.0,0.0,0
5,94,238,96.04666998467924,0.0,0.0,0
5,94,239,301.24102242016846,0.0,0.0,2
5,94,240,180.71768606964255,0.0,0.0,1
5,94,241,137.4984169294531,0.0,0.0,1
5,94,242,92.6337884494391,0.0,0.0,0
5,94,244,207.1722995273618,0.0,0.0,1
5,94,245,81.00922790896004,0.0,0.0,0
5,94,246,252.36295648084658,0.0,0.0,1
5,94,247,187.7413491262133,0.0,0.0,1
5,94,248,147.4877465316341,0.0,0.0,1
5,94,249,194.26907324598216,0.0,0.0,1
5,94,250,249.6215691187276,0.0,0.03125,1
5,94,251,73.15896062622149,0.0,0.0,0
5,94,252,155.92874435261058,0.0,0.0,1
5,94,253,157.88791783454687,0.0,0.0,1
5,94,254,226.55386995351228,0.0,0.0,1
5,94,255,194.89544946058797,0.0,0.0,1
5,94,256,197.7584465489046,0.0,0.0,1
5,94,257,269.20717624865466,0.0,0.0,1
5,94,258,158.50573183101275,0.0,0.0,1
5,94,259,140.1408519362656,0.0,0.0,1
5,94,260,162.75756638056114,0.0,0.0,1
5,94,261,196.819458843059,0.0,0.0,1
5,94,262,329.6420270610348,0.0,0.0,2
5,94,263,100.44250286891011,0.0,0.0,1
5,94,264,244.6264980892127,0.0,0.0,1
5,94,265,175.71866882715366,0.0,0.0,1
5,94,266,309.8060379963593,0.0,0.0,2
5,94,267,206.05603468170156,0.0,0.0,1
5,94,268,262.37040557342226,0.0,0.0,1
5,94,269,94.90720115966197,0.0,0.0,0
5,94,270,177.2415308920452,0.0,0.0,1
5,94,271,275.3349109084796,0.0,-0.0625,1
5,94,272,166.78734525987116,0.0,0.0,1
5,94,273,124.8698216783492,0.0,0.0,1
5,94,274,259.0552452738823,0.0,0.0,1
5,94,275,143.48067078517113,0.0,0.0,1
5,94,276,129.95302641205748,0.0,0.0,1
5,94,277,230.40494602651532,0.0,0.0,1
5,94,278,198.08110515233997,0.0,0.0,1
5,94,279,224.32933778238427,0.0,0.0,1
5,94,280,151.59852955782168,0.0,0.0,1
5,94,281,105.44818203460919,0.0,0.0,1
5,94,282,304.47543507421665,0.0,-0.03125,2
5,94,283,187.0566966933635,0.0,0.0,1
5,94,284,167.34545929116862,0.0,0.0,1
5,94,285,108.79355210207211,0.0,0.03125,1
5,94,286,147.90529074865321,0.0,0.0,1
5,94,287,206.22399195982157,0.0,0.0,1
5,94,288,295.2124327286822,0.0,0.0,1
5,94,289,172.11071253365097,0.0,0.0,1
5,94,291,148.00411499085735,0.0,0.0,1
5,94,292,92.04770335755202,0.0,0.0,0
5,94,293,195.98961527537375,0.0,0.0,1
5,94,294,168.75668170457556,0.0,0.0,1
5,94,295,291.0002337316525,0.0,0.0,1
5,94,296,158.67916048618295,0.0,0.0,1
5,94,297,164.9967984258137,0.0,0.0,1
5,94,298,146.0916512934488,0.0,0.0,1
5,94,299,235.08246008855042,0.0,0.0,1
5,94,300,236.6212250915784,0.0,0.0,1
5,94,301,181.3472928851141,0.0,0.0,1
5,94,302,229.66207637762741,0.0,0.0,1
5,94,303,146.9301303963782,0.0,0.0,1
5,94,304,147.99770010389105,0.0,0.0,1
5,94,305,179.58551650630343,0.0,0.0,1
5,94,306,185.44376490909082,0.0,0.0,1
5,94,307,222.72728368895795,0.0,0.0,1
5,94,308,224.26434784957496,0.0,0.0,1
5,94,309,168.26010916536123,0.0,0.0,1
5,94,310,276.55127640196594,0.0,0.0,1
5,94,311,188.5796201262007,0.0,0.0,1
5,94,312,161.9336360151907,0.0,0.0,1
5,94,313,121.5532134280476,0.0,0.0,1
5,94,314,116.76642740045301,0.0,0.0,1
5,94,315,56.922517834905676,0.0,0.0,0
5,94,316,287.51647625069734,0.0,0.0,1
5,94,317,82.26344804631621,0.0,0.0,0
5,94,318,318.235058778408,0.0,0.0,2
5,94,319,220.26594387486452,0.0,0.0,1
6,137,0,35.57290266400466,0.0,0.0,0
6,137,1,63.31038879446081,0.0,0.0,0
6,137,2,293.9324382358037,0.0,0.0,1
6,137,3,282.7049239656542,0.0,0.0,1
6,137,4,292.4481953415998,0.0,0.0,1
6,137,5,154.6146609142546,0.0,0.0,1
6,137,6,87.7560196054829,0.0,0.0,0
6,137,7,246.68985163754272,0.0,0.0,1
6,137,8,275.835430732202,0.0,0.0,1
6,137,9,416.19348833679413,0.0,0.0,2
6,137,10,169.36679056067672,0.0,0.0,1
6,137,11,309.90933461761256,0.0,0.0,2
6,137,12,272.3585977669081,0.0,0.0,1
6,137,13,187.580456749343,0.0,0.0,1
6,137,14,190.2743926174511,0.0,0.0,1
6,137,15,334.17734417571603,0.0,0.0,2
6,137,16,378.5146412152574,0.0,0.0,2
6,137,17,333.11869851588636,0.0,0.0,2
6,137,18,256.3861305073375,0.0,0.0,1
6,137,19,193.07105657820935,0.0,0.0,1
6,137,20,110.83660046294037,0.0,-0.03125,1
6,137,21,365.2978750795713,0.0,0.0,2
6,137,22,360.91362509617903,0.0,0.0,2
6,137,23,76.80153367608271,0.0,0.0,0
6,137,24,359.21535898598205,0.0,0.0,2
6,137,25,319.51972946800316,0.0,0.0,2
6,137,26,372.555071533497,0.0,0.0,2
6,137,27,196.7115778612245,0.0,0.0,1
6,137,28,317.5067784078421,0.0,0.0,2
6,137,29,267.26598825760067,0.0,0.0,1
6,137,30,47.17288560613588,0.0,0.0,0
6,137,31,353.73750239076514,0.0,0.0,2
6,137,32,162.76689584705042,0.0,0.0,1
6,137,33,264.91752482995946,0.0,0.0,1
6,137,34,253.10564540056436,0.0,0.0,1
6,137,35,432.46176810146363,0.0,0.0,2
6,137,36,316.6695780906115,0.0,0.0,2
6,137,37,423.6600605868257,0.0,0.0,2
6,137,38,398.86795444224566,0.0,0.0,2
6,137,39,420.6167081629849,0.0,0.0,2
6,137,40,84.26928376751286,0.0,0.0,0
6,137,41,233.86257933703948,0.0,0.0,1
6,137,42,201.8497943731103,0.0,0.0,1
6,137,43,268.3950465994333,0.0,0.0,1
6,137,44,382.2017572195634,0.0,0.0,2
6,137,45,325.84135208669403,0.0,0.0,2
6,137,46,177.5124362671121,0.0,0.0,1
6,137,47,260.14201245516267,0.0,0.0,1
6,137,48,129.39203274643958,0.0,0.0,1
6,137,49,27.3450703921848,0.0,0.0,0
6,137,50,304.93789833294596,0.0,0.0,2
6,137,51,278.76475457509986,0.0,0.0,1
6,137,52,378.38596987923245,0.0,0.0,2
6,137,53,89.16908398922352,0.0,0.0,0
6,137,54,338.28588892115454,0.0,0.0,2
6,137,55,515.1154468575594,0.0,0.0,2
6,137,56,46.49246174440799,0.0,0.0,0
6,137,57,89.73675303036315,0.0,0.0,0
6,137,58,165.85891322376216,0.0,0.0,1
6,137,59,143.8726154849951,0.0,0.0,1
6,137,60,455.18882705076066,0.0,0.0,2
6,137,61,399.6072710748349,0.0,0.0,2
6,137,62,280.3820390535173,0.0,0.0,1
6,137,63,331.2798257478402,0.0,0.0,2
6,137,64,362.26708892104955,0.0,0.0,2
6,137,65,189.1238300719714,0.0,0.0,1
6,137,66,444.16109545784326,0.0,0.0,2
6,137,67,106.22014405649433,0.0,0.0,1
6,137,68,181.23591525812992,0.0,0.0,1
6,137,69,106.63002168494631,0.0,0.0,1
6,137,70,391.3930514224778,0.0,0.0,2
6,137,71,355.63661678584515,0.0,0.0,2
6,137,72,341.59912169652245,0.0,0.0,2
6,137,73,259.2821953220473,0.0,0.0,1
6,137,74,153.12874652847162,0.0,0.0,1
6,137,75,224.6901084829934,0.0,0.0,1
6,137,76,136.647814536076,0.0,0.0,1
6,137,77,52.49965165252091,0.0,0.0,0
6,137,78,138.06636823882883,0.0,0.0,1
6,137,79,273.6009311822684,0.0,0.0,1
6,137,80,326.2708879670681,0.0,0.0,2
6,137,81,259.6150554886943,0.0,0.0,1
6,137,82,276.6666418247216,0.0,0.0,1
6,137,83,97.02762942739307,0.0,0.0,0
6,137,84,120.37955473286266,0.0,0.0,1
6,137,85,293.82203865783265,0.0,0.0,1
6,137,86,50.247477370701404,0.0,0.0,0
6,137,87,219.21654086506788,0.0,0.0,1
6,137,88,244.69346169577832,0.0,0.0,1
6,137,89,215.10177458624895,0.0,0.0,1
6,137,90,256.67857551773864,0.0,0.0,1
6,137,91,222.17683331744354,0.0,0.0,1
6,137,93,259.89931439982837,0.0,0.0,1
6,137,94,192.06438687207128,0.0,0.0,1
6,137,95,112.47660377999667,0.0,0.03125,1
6,137,96,369.46782804156373,0.0,0.0,2
6,137,97,188.45289624631684,0.0,0.0,1
6,137,98,109.36546845854535,0.0,0.0,1
6,137,99,325.5579847951634,0.0,0.0,2
6,137,100,432.3825793798791,0.0,0.0,2
6,137,101,171.18651676408751,0.0,0.0,1
6,137,102,140.9497320241577,0.0,0.0,1
6,137,103,170.87181924998112,0.0,0.0,1
6,137,104,137.68433898411402,0.0,0.0,1
6,137,105,362.696245128801,0.0,0.0,2
6,137,106,353.77661305031097,0.0,0.0,2
6,137,107,365.6727949312086,0.0,0.0,2
6,137,108,87.91576891238168,0.0,0.0,0
6,137,109,382.65207398077797,0.0,-0.03125,2
6,137,110,262.5652005274866,0.0,0.0,1
6,137,111,244.77941962298058,0.0,0.0,1
6,137,112,473.53829198118734,0.0,0.0,2
6,137,113,120.78616125688663,0.0,0.0,1
6,137,114,324.27715305163173,0.0,0.0,2
6,137,115,297.73772349242773,0.0,0.0,1
6,137,116,471.97633783871635,0.0,0.0,2
6,137,117,97.11134564764127,0.0,0.0,0
6,137,118,433.4511806735779,0.0,0.0,2
6,137,119,513.8160276873498,0.0,0.0,2
6,137,120,72.4596896660328,0.0,0.0,0
6,137,121,450.1547258336762,0.0,0.0,2
6,137,122,255.90179681797426,0.0,0.0,1
6,137,123,415.47867693680774,0.0,0.0,2
6,137,124,322.9120895055147,0.0,0.0,2
6,137,125,274.0535682183034,0.0,0.0,1
6,137,126,337.84859790016867,0.0,0.0,2
6,137,127,464.0596965411016,0.0,0.0,2
6,137,128,73.47895936234434,0.0,0.0,0
6,137,129,115.33949263830443,0.0,0.0,1
6,137,130,373.0612093911785,0.0,0.0,2
6,137,131,432.2397486563125,0.0,0.0,2
6,137,132,366.96950937429494,0.0,0.0,2
6,137,133,234.52950912164295,0.0,0.0,1
6,137,134,391.31058642610566,0.0,0.0,2
6,137,135,491.146735476751,0.0,0.0,2
6,137,136,156.85421316932295,0.0,0.0,1
6,137,138,472.45311251117096,0.0,-0.03125,2
6,137,139,211.5893920725595,0.0,0.0,1
6,137,140,281.0554049448082,0.0,0.0,1
6,137,141,97.34019088016584,0.0,0.0,0
6,137,142,105.24167443169178,0.0,0.0,1
6,137,143,227.3679702115712,0.0,0.0,1
6,137,144,63.605189092831615,0.0,0.0,0
6,137,145,129.09694262898154,0.0,0.0,1
6,137,146,347.499979702463,0.0,0.0,2
6,137,147,206.70442367374375,0.0,0.0,1
6,137,148,485.41925090694076,0.0,0.0,2
6,137,149,388.2480037948971,0.0,0.0,2
6,137,150,302.24905927812557,0.0,0.0,2
6,137,151,437.6245702709772,0.0,0.0,2
6,137,152,264.62140396782667,0.0,0.0,1
6,137,153,198.6487612551512,0.0,0.0,1
6,137,154,87.20584105158714,0.0,0.0,0
6,137,155,286.7152738330936,0.0,0.0,1
6,137,156,202.74397334924268,0.0,0.0,1
6,137,157,112.20008009196795,0.0,0.0,1
6,137,160,191.92825368116877,0.0,0.0,1
6,137,161,466.2796258723755,0.0,0.0,2
6,137,162,32.59903003562574,0.0,0.0,0
6,137,163,325.6732771132661,0.0,0.0,2
6,137,164,164.80164612633098,0.0,0.0,1
6,137,165,301.3410250819036,0.0,0.03125,2
6,137,166,244.9921637134616,0.0,0.0,1
6,137,167,35.12857575778814,0.0,0.0,0
6,137,168,341.1934548380318,0.0,0.0,2
6,137,169,27.684516454015032,0.0,0.0,0
6,137,170,67.87854295922077,0.0,0.0,0
6,137,171,145.70654014496418,0.0,0.0,1
6,137,172,319.0839160879302,0.0,0.0,2
6,137,173,74.04857534340425,0.0,0.0,0
6,137,174,337.20865871774697,0.0,0.0,2
6,137,175,170.0719508208507,0.0,0.0,1
6,137,176,228.54199104697983,0.0,0.0,1
6,137,177,108.66123649798394,0.0,0.0,1
6,137,178,112.53022957872867,0.0,0.0,1
6,137,179,90.84831130763943,0.0,0.0,0
6,137,180,405.95437226072715,0.0,0.0,2
6,137,181,522.7927043698526,0.0,0.0,2
6,137,182,365.73022332366185,0.0,0.0,2
6,137,183,50.74780986936676,0.0,0.0,0
6,137,184,354.5022959856404,0.0,0.0,2
6,137,185,397.7299099502888,0.0,0.0,2
6,137,186,150.41979094399107,0.0,0.0,1
6,137,187,266.0391983650759,0.0,0.0,1
6,137,188,163.72192252032175,0.0,0.0,1
6,137,189,247.98883165876452,0.0,0.0,1
6,137,190,184.6156394762815,0.0,0.0,1
6,137,192,441.8128991205162,0.0,0.0,2
6,137,193,292.591824909096,0.0,0.0,1
6,137,194,353.53347298619883,0.0,0.0,2
6,137,195,293.9197438953614,0.0,0.0,1
6,137,196,288.5786241449835,0.0,0.0,1
6,137,197,185.93358959500725,0.0,0.0,1
6,137,198,414.4837236654127,0.0,0.0,2
6,137,199,107.36694122464871,0.0,0.0,1
6,137,200,259.3553279438748,0.0,0.0,1
6,137,201,186.6594302939065,0.0,0.0,1
6,137,202,436.408784470315,0.0,0.0,2
6,137,203,415.4377388011595,0.0,0.0,2
6,137,204,406.485827760058,0.0,0.0,2
6,137,205,405.33572590599437,0.0,0.0,2
6,137,206,412.4711980216876,0.0,0.0,2
6,137,207,226.77586968793509,0.0,0.0,1
6,137,208,341.3364359787158,0.0,0.0,2
6,137,209,109.93169264525571,0.0,0.0,1
6,137,210,234.87133963054788,0.0,0.0,1
6,137,211,161.31019963241204,0.0,0.0,1
6,137,212,267.58112869068,0.0,0.0,1
6,137,213,246.4380656979751,0.0,0.0,1
6,137,214,178.966429787673,0.0,0.0,1
6,137,215,323.72186248948265,0.0,0.0,2
6,137,216,320.15905531709126,0.0,0.0,2
6,137,217,178.47469328652818,0.0,0.0,1
6,137,218,99.05616729656256,0.0,0.0,0
6,137,219,344.0734021261192,0.0,0.0,2
6,137,220,186.48172486148152,0.0,0.0,1
6,137,221,316.66099495739405,0.0,0.0,2
6,137,222,95.44693288564892,0.0,0.0,0
6,137,223,95.23011502719746,0.0,0.0,0
6,137,224,121.69544981433124,0.0,0.0,1
6,137,225,98.92832886883788,0.0,0.0,0
6,137,226,294.029355427893,0.0,0.0,1
6,137,227,416.19297110349777,0.0,0.0,2
6,137,228,399.1803293293385,0.0,0.0,2
6,137,229,255.30785784425694,0.0,0.0,1
6,137,230,529.0991288344421,0.0,0.0,2
6,137,231,302.0583816217317,0.0,0.0,2
6,137,232,407.75420776355287,0.0,0.0,2
6,137,234,149.42610650795243,0.0,0.0,1
6,137,235,370.4283190373084,0.0,0.0,2
6,137,236,334.8926565489791,0.0,0.0,2
6,137,237,249.35113011840167,0.0,0.0,1
6,137,238,267.7716695740828,0.0,0.0,1
6,137,239,264.794484933875,0.0,0.0,1
6,137,240,78.70930161099344,0.0,0.0,0
6,137,241,308.19676927941714,0.0,0.0,2
6,137,242,277.9422589168309,0.0,0.0,1
6,137,243,209.53438981127928,0.0,0.0,1
6,137,244,26.734093162841393,0.0,0.0,0
6,137,245,116.89091404451948,0.0,0.0,1
6,137,246,60.46073040941077,0.0,0.0,0
6,137,247,379.5407573923706,0.0,0.0,2
6,137,248,197.4492232878898,0.0,0.0,1
6,137,249,354.33654451986126,0.0,0.0,2
6,137,250,399.599717100001,0.0,0.0,2
6,137,251,202.88335833810433,0.0,0.0,1
6,137,252,128.3312273520501,0.0,0.0,1
6,137,253,216.07102420794263,0.0,0.0,1
6,137,254,348.1192832792799,0.0,0.0,2
6,137,255,343.1284525105921,0.0,0.0,2
6,137,256,389.5037307526075,0.0,0.0,2
6,137,257,78.05132614500933,0.0,0.0,0
6,137,258,151.25619329259493,0.0,0.0,1
6,137,259,167.42694999331366,0.0,0.0,1
6,137,260,342.7742059615287,0.0,0.0,2
6,137,261,133.07932933349596,0.0,0.0,1
6,137,262,148.26160956619765,0.0,0.0,1
6,137,263,150.2537373875104,0.0,0.0,1
6,137,264,284.3873686433329,0.0,0.0,1
6,137,265,294.7945049033524,0.0,0.0,1
6,137,266,498.8322023515502,0.0,0.0,2
6,137,267,35.80400331115425,0.0,0.0,0
6,137,268,409.3733765239848,0.0,0.0,2
6,137,269,97.23232602241406,0.0,0.0,0
6,137,270,200.01478701804712,0.0,0.0,1
6,137,271,347.5898455977756,0.0,0.0,2
6,137,272,109.05262378472709,0.0,0.0,1
6,137,273,175.90322681676238,0.0,0.0,1
6,137,274,353.98611463096444,0.0,0.0,2
6,137,275,247.74251445538619,0.0,0.0,1
6,137,276,287.9003875717177,0.0,0.0,1
6,137,277,215.09161651895297,0.0,0.0,1
6,137,278,153.6209011534256,0.0,0.0,1
6,137,279,349.80394882213915,0.0,0.0,2
6,137,280,343.5560365083713,0.0,0.0,2
6,137,281,161.00811216050064,0.0,0.0,1
6,137,282,263.2335757159795,0.0,0.0,1
6,137,283,238.65198479520734,0.0,0.0,1
6,137,284,272.81734078518235,0.0,0.0,1
6,137,285,255.45163640580896,0.0,0.0,1
6,137,286,100.02292394596387,0.0,0.0,1
6,137,288,224.1775926191254,0.0,0.0,1
6,137,289,336.84735857964756,0.0,0.0,2
6,137,290,205.12052558011933,0.0,0.0,1
6,137,291,210.02732578982642,0.0,0.0,1
6,137,292,220.34419649876068,0.0,0.0,1
6,137,294,48.36026177871413,0.0,0.0,0
6,137,295,425.2887234865913,0.0,0.0,2
6,137,296,349.4546296104113,0.0,0.0,2
6,137,297,314.1867882575695,0.0,0.0,2
6,137,298,113.68462598578344,0.0,0.0,1
6,137,299,228.6531467463814,0.0,0.0,1
6,137,300,218.07361258160816,0.0,0.0,1
6,137,301,302.0704517042435,0.0,0.0,2
6,137,302,334.8235718727521,0.0,0.0,2
6,137,303,63.96108843249026,0.0,0.0,0
6,137,304,147.19949315733635,0.0,0.0,1
6,137,305,368.25597372063544,0.0,0.0,2
6,137,307,88.80646313222326,0.0,0.0,0
6,137,308,68.65578501674746,0.0,0.0,0
6,137,309,147.6290969287043,0.0,0.0,1
6,137,310,87.31007256830544,0.0,0.0,0
6,137,311,223.14657785691972,0.0,0.0,1
6,137,312,93.06113320266203,0.0,0.0,0
6,137,313,197.25987400965766,0.0,0.0,1
6,137,314,263.1754321210192,0.0,0.0,1
6,137,315,216.19279986535966,0.0,0.0,1
6,137,316,457.038685553473,0.0,0.0,2
6,137,317,121.13039150858052,0.0,0.0,1
6,137,318,506.02797640315424,0.0,0.0,2
6,137,319,332.8180147920729,0.0,0.0,2
7,173,0,39.127035543510814,0.0,0.0,0
7,173,1,65.71827563383943,0.0,0.0,0
7,173,2,221.50857306061965,0.0,0.0,1
7,173,3,219.6969045809369,0.0,0.0,1
7,173,4,269.90498281153793,0.0,0.0,1
7,173,5,136.97065137724343,0.0,0.0,1
7,173,7,207.14150947513633,0.0,0.0,1
7,173,8,237.07238483564953,0.0,0.0,1
7,173,9,427.8635844726083,0.0,0.0,2
7,173,10,135.99739607870396,0.0,0.0,1
7,173,11,238.15134262312557,0.0,0.0,1
7,173,12,308.3005449932821,0.0,0.0,2
7,173,13,224.3186221745715,0.0,0.0,1
7,173,14,225.22771019785517,0.0,0.0,1
7,173,15,384.9380312395542,0.0,0.03125,2
7,173,16,347.89387915702093,0.0,0.0,2
7,173,17,325.2686493581306,0.0,0.0,2
7,173,18,218.83870073878373,0.0,0.0,1
7,173,19,124.92782587974045,0.0,0.0,1
7,173,20,127.70054178352657,0.0,0.0,1
7,173,21,331.9695377319942,0.0,0.0,2
7,173,22,350.9516454411142,0.0,0.0,2
7,173,23,149.1632508211112,0.0,-0.03125,1
7,173,24,342.9166337267974,0.0,0.0,2
7,173,25,335.65161130525246,0.0,0.0,2
7,173,26,383.8726718946489,0.0,0.0,2
7,173,27,158.787717826374,0.0,0.0,1
7,173,28,377.0310934164039,0.0,0.0,2
7,173,29,242.62968746503756,0.0,0.0,1
7,173,30,121.2136674814949,0.0,0.0,1
7,173,31,382.0554309040505,0.0,0.0,2
7,173,32,96.11385986225149,0.0,0.0,0
7,173,33,252.67080710955184,0.0,0.0,1
7,173,34,309.99987801226746,0.0,0.0,2
7,173,35,406.5142835756997,0.0,0.0,2
7,173,36,302.540371982549,0.0,0.0,2
7,173,37,415.1463216945373,0.0,0.0,2
7,173,38,342.86173529534057,0.0,0.0,2
7,173,39,378.7676678637233,0.0,0.0,2
7,173,41,163.43856456366646,0.0,0.0,1
7,173,42,260.5573913549142,0.0,0.0,1
7,173,43,213.1116415843623,0.0,0.0,1
7,173,44,381.12941574010097,0.0,0.0,2
7,173,45,297.67058847869316,0.0,0.0,1
7,173,46,148.19328727902217,0.0,0.0,1
7,173,47,233.58551634131447,0.0,0.0,1
7,173,48,124.97968029666237,0.0,-0.03125,1
7,173,49,99.64767610658679,0.0,0.0,0
7,173,50,274.0836988298793,0.0,0.0,1
7,173,51,292.9024122751458,0.0,0.0,1
7,173,52,337.97569118498984,0.0,0.0,2
7,173,53,124.9869796953757,0.0,0.0,1
7,173,54,269.1873383536044,0.0,-0.03125,1
7,173,55,501.53190418460196,0.0,-0.03125,2
7,173,56,68.0366960402633,0.0,0.0,0
7,173,57,160.59826315538234,0.0,0.0,1
7,173,58,187.98357731588226,0.0,0.0,1
7,173,59,178.57421843440133,0.0,0.0,1
7,173,60,428.9244240233625,0.0,0.0,2
7,173,61,395.16894697542966,0.0,0.0,2
7,173,62,211.32644000796137,0.0,0.0,1
7,173,63,259.41705877630204,0.0,0.0,1
7,173,64,311.88243523090165,0.0,0.0,2
7,173,65,136.41030372247025,0.0,0.0,1
7,173,66,428.0676180758845,0.0,0.0,2
7,173,67,92.73568318661736,0.0,0.0,0
7,173,68,119.53582996886503,0.0,0.0,1
7,173,69,96.16757718181181,0.0,0.0,0
7,173,70,346.1129666601747,0.0,0.0,2
7,173,71,361.65616394035413,0.0,0.0,2
7,173,72,312.74463158899283,0.0,0.0,2
7,173,73,272.5476747031271,0.0,0.0,1
7,173,74,101.10240712242673,0.0,0.0,1
7,173,75,150.7939212425128,0.0,0.0,1
7,173,76,143.76381586427527,0.0,0.0,1
7,173,77,38.25088299558863,0.0,0.0,0
7,173,78,153.166814633583,0.0,0.0,1
7,173,79,330.7743343580265,0.0,0.03125,2
7,173,80,255.04123919235306,0.0,0.0,1
7,173,81,219.89831417032798,0.0,0.0,1
7,173,82,295.82531140551157,0.0,0.0,1
7,173,83,145.84040688474786,0.0,0.0,1
7,173,84,193.9285588973631,0.0,0.0,1
7,173,85,239.20633440687814,0.0,0.0,1
7,173,86,78.20359123452761,0.0,0.0,0
7,173,87,281.557534515767,0.0,0.0,1
7,173,88,170.71821424487848,0.0,0.0,1
7,173,89,275.9906365899054,0.0,0.0,1
7,173,90,213.40999928729428,0.0,0.0,1
7,173,91,283.79190456558507,0.0,0.0,1
7,173,92,68.17482688044883,0.0,0.0,0
7,173,93,189.17282805965877,0.0,0.0,1
7,173,94,203.70117799933726,0.0,0.0,1
7,173,95,134.00573027341355,0.0,0.0625,1
7,173,96,369.0945961480384,0.0,0.0,2
7,173,97,240.23681377715954,0.0,0.0,1
7,173,98,92.42374899963747,0.0,0.0,0
7,173,99,378.39768493165485,0.0,0.0,2
7,173,100,421.71312208681104,0.0,0.0,2
7,173,101,190.80704463992342,0.0,0.0,1
7,173,102,175.33462704221284,0.0,0.0,1
7,173,103,100.28630989529958,0.0,0.0,1
7,173,104,125.10308461098242,0.0,0.0,1
7,173,105,301.05536875497813,0.0,0.0,2
7,173,106,321.83550965924655,0.0,0.0,2
7,173,107,336.92469379579626,0.0,0.0,2
7,173,108,63.740827376023155,0.0,0.0,0
7,173,109,323.36726704982186,0.0,0.0,2
7,173,110,259.05179615532086,0.0,0.0,1
7,173,111,240.74236089259054,0.0,0.0,1
7,173,112,471.86144080997343,0.0,-0.03125,2
7,173,113,55.361006668502874,0.0,0.0,0
7,173,114,351.3521993755218,0.0,0.0,2
7,173,115,273.26065703578115,0.0,0.0,1
7,173,116,457.48292657298754,0.0,0.0,2
7,173,117,154.03778660502633,0.0,0.0,1
7,173,118,405.83761368218234,0.0,0.0,2
7,173,119,506.41370795028234,0.0,0.03125,2
7,173,121,442.4345735422982,0.0,0.0625,2
7,173,122,222.7838452736566,0.0,0.0,1
7,173,123,384.2633716477383,0.0,0.0,2
7,173,124,308.6984788780531,0.0,0.0,2
7,173,125,261.37292902826226,0.0,0.0,1
7,173,126,302.81663913450507,0.0,0.0,2
7,173,127,444.52079206775545,0.0,0.0,2
7,173,129,168.8974777893518,0.0,0.0,1
7,173,130,305.2551009317729,0.0,0.0,2
7,173,131,412.281636419919,0.0,0.0,2
7,173,132,392.685395649005,0.0,0.0,2
7,173,133,187.45724870948146,0.0,0.0,1
7,173,134,395.9617734925957,0.0,0.0,2
7,173,135,486.0944547161935,0.0,0.0,2
7,173,136,107.22840912556043,0.0,0.0,1
7,173,137,74.04857534340425,0.0,0.0,0
7,173,138,468.2724462841999,0.0,-0.03125,2
7,173,139,138.0382633283876,0.0,0.0,1
7,173,140,267.9407745199507,0.0,0.0,1
7,173,141,163.45209442255637,0.0,0.0,1
7,173,142,117.14799410862642,0.0,0.0,1
7,173,143,285.03947349406,0.0,0.0,1
7,173,144,130.55134677935777,0.0,0.0,1
7,173,145,89.0037858819752,0.0,0.0,0
7,173,146,313.6030301400824,0.0,0.0,2
7,173,147,132.78938878870574,0.0,0.0,1
7,173,148,467.52205682706386,0.0,0.0,2
7,173,149,401.27080922068836,0.0,0.0,2
7,173,150,363.72475858629764,0.0,0.0,2
7,173,151,444.71407897268193,0.0,0.0,2
7,173,152,194.39765228125444,0.0,0.0,1
7,173,153,256.0996069689016,0.0,0.0,1
7,173,154,157.48975597817292,0.0,0.0,1
7,173,155,254.43362511676395,0.0,0.0,1
7,173,156,150.36860606649657,0.0,0.0,1
7,173,157,175.6167330117828,0.0,0.0,1
7,173,158,91.6265403228504,0.0,0.0,0
7,173,159,53.27194854236687,0.0,0.03125,0
7,173,160,122.16705176159351,0.0,0.0,1
7,173,161,450.6856102910497,0.0,0.0,2
7,173,162,49.954825228421505,0.0,0.0,0
7,173,163,255.23992616050649,0.0,0.0,1
7,173,164,186.28368124302008,0.0,0.0,1
7,173,165,360.1568004197148,0.0,0.0,2
7,173,166,250.50973550422367,0.0,0.0,1
7,173,167,40.46355465214537,0.0,0.0,0
7,173,168,372.6256918791633,0.0,0.0,2
7,173,169,69.5392384014385,0.0,0.0,0
7,173,170,64.69406058441032,0.0,0.0,0
7,173,171,216.8917341183942,0.0,0.03125,1
7,173,172,336.22628269301856,0.0,0.0,2
7,173,174,386.21741677821643,0.0,-0.03125,2
7,173,175,191.69300104376342,0.0,0.0,1
7,173,176,261.38886199148317,0.0,0.0,1
7,173,177,141.49271482743302,0.0,0.0,1
7,173,178,42.8062246362254,0.0,0.0,0
7,173,179,164.83080269931304,0.0,0.0,1
7,173,180,397.26810266811344,0.0,0.0,2
7,173,181,512.7001459218386,0.0,0.0,2
7,173,182,380.3976028973192,0.0,-0.03125,2
7,173,183,100.95329982740073,0.0,0.0,1
7,173,184,318.8488440606411,0.0,0.0,2
7,173,185,351.8824248169516,0.0,0.0,2
7,173,186,77.50768428690235,0.0,0.0,0
7,173,187,293.2960187739136,0.0,0.0,1
7,173,188,94.87082221047847,0.0,-0.03125,0
7,173,189,214.18238557905656,0.0,0.0,1
7,173,190,232.3296286611498,0.0,0.0,1
7,173,191,64.49693928874979,0.0,0.0,0
7,173,192,426.6460280603014,0.0,-0.03125,2
7,173,193,303.95525932173166,0.0,0.0,2
7,173,194,294.8827668827492,0.0,0.0,1
7,173,195,348.524621184222,0.0,-0.03125,2
7,173,196,333.3341632346009,0.0,0.0,2
7,173,197,246.55328162757343,0.0,0.0,1
7,173,198,386.6974720062413,0.0,0.0,2
7,173,199,168.06213551995705,0.0,0.0,1
7,173,200,268.3833204576532,0.0,0.0,1
7,173,201,135.74985288058483,0.0,0.0,1
7,173,202,417.2698150470973,0.0,0.0,2
7,173,203,350.2135247322613,0.0,0.0,2
7,173,204,342.53752226819773,0.0,0.0,2
7,173,205,408.21098685967684,0.0,0.0,2
7,173,206,400.82583107514836,0.0,0.0,2
7,173,207,222.86548209631093,0.0,0.0,1
7,173,208,271.7459742970973,0.0,0.0,1
7,173,209,67.25586316358647,0.0,0.0,0
7,173,210,297.690019974567,0.0,0.0,1
7,173,211,211.53673766551222,0.0,0.0,1
7,173,212,194.40647789586959,0.0,0.0,1
7,173,213,181.83632166707636,0.0,0.0,1
7,173,214,175.9194524547985,0.0,0.0,1
7,173,215,383.34791542630177,0.0,-0.0625,2
7,173,216,282.3930252723384,0.0,0.0,1
7,173,217,236.55022255488882,0.0,0.0,1
7,173,218,75.53370044780499,0.0,0.0,0
7,173,219,315.790098003627,0.0,0.0,2
7,173,220,117.7332151547877,0.0,0.0,1
7,173,221,267.4511815936633,0.0,0.0,1
7,173,222,166.1680354378762,0.0,0.0,1
7,173,223,104.35180348466153,0.0,0.0,1
7,173,224,47.933616772737714,0.0,0.0,0
7,173,225,58.56219268114986,0.0,0.0,0
7,173,226,249.47409236697698,0.0,0.0,1
7,173,227,352.59100813528784,0.0,-0.03125,2
7,173,228,395.11382370854443,0.0,0.0,2
7,173,229,310.8765219794888,0.0,0.0,2
7,173,230,519.6581514594161,0.0,0.0625,2
7,173,231,359.36563729525017,0.0,0.0,2
7,173,232,354.4674893646124,0.0,0.0,2
7,173,233,78.94500671855636,0.0,0.0,0
7,173,234,214.6176696918506,0.0,0.0,1
7,173,235,323.4811742415691,0.0,0.0,2
7,173,236,350.0912730750021,0.0,0.0,2
7,173,237,263.31211620741584,0.0,0.0,1
7,173,238,256.437667872985,0.0,0.0,1
7,173,239,191.6069708965889,0.0,0.0,1
7,173,240,149.96959709562793,0.0,0.0,1
7,173,241,292.3690672565957,0.0,0.0,1
7,173,242,274.4316179101902,0.0,0.0,1
7,173,243,216.32052178127677,0.0,0.0,1
7,173,244,98.21818620329266,0.0,0.0,0
7,173,245,148.63357175816503,0.0,0.0,1
7,173,246,100.82091069962851,0.0,0.0,1
7,173,247,387.13764056649575,0.0,0.0,2
7,173,248,253.57761854397924,0.0,0.0,1
7,173,249,329.4446110290865,0.0,0.0,2
7,173,250,367.27719458407364,0.0,0.0,2
7,173,251,237.91053562853236,0.0,0.0,1
7,173,252,192.23881701555186,0.0,0.0,1
7,173,253,169.82203574522802,0.0,0.0,1
7,173,254,307.18778996756544,0.0,0.0,2
7,173,255,313.3363447012863,0.0,0.0,2
7,173,256,391.21736841955635,0.0,0.0,2
7,173,257,99.22599795475226,0.0,0.0,0
7,173,258,99.873976057201,0.0,0.0,0
7,173,259,124.00229499460193,0.0,0.0,1
7,173,260,365.4051540354933,0.0,0.0,2
7,173,261,204.28334214883893,0.0,-0.03125,1
7,173,262,131.92847014097583,0.0,0.0,1
7,173,263,126.31264347868601,0.0,0.0,1
7,173,264,223.5579544154915,0.0,0.0,1
7,173,265,340.91812791758787,0.0,0.0,2
7,173,266,491.6904160338047,0.0,0.0,2
7,173,267,42.19508402049758,0.0,0.0,0
7,173,268,375.22606535722997,0.0,0.0,2
7,173,269,118.72439356750695,0.0,0.0,1
7,173,270,262.3185167843236,0.0,-0.03125,1
7,173,271,407.38692900009187,0.0,-0.0625,2
7,173,272,56.127543311484445,0.0,0.0,0
7,173,273,228.73403087792275,0.0,0.0,1
7,173,274,303.64527822096056,0.0,0.0,2
7,173,275,295.1627993785754,0.0,0.0,1
7,173,276,267.4297953830817,0.0,0.0,1
7,173,277,147.42318998865983,0.0,0.0,1
7,173,278,87.2676852453433,0.0,0.0,0
7,173,279,396.0662432190368,0.0,0.0,2
7,173,280,347.58813327246696,0.0,0.0,2
7,173,281,133.06670803257214,0.0,0.0,1
7,173,282,189.72816262095307,0.0,0.0,1
7,173,283,298.03237206792363,0.0,0.0,1
7,173,284,321.58791023590527,0.0,0.0,2
7,173,285,290.6117300227192,0.0,0.0,1
7,173,286,62.87118723163141,0.0,0.0,0
7,173,287,55.990087481016914,0.0,0.0,0
7,173,288,150.18190729545898,0.0,0.0,1
7,173,289,368.0324908097638,0.0,0.0,2
7,173,290,209.40248769499115,0.0,0.0,1
7,173,291,264.68271870286554,0.0,0.0,1
7,173,292,258.24212557528386,0.0,0.0,1
7,173,293,80.53939354863401,0.0,0.0,0
7,173,294,43.07490178773399,0.0,0.0,0
7,173,295,385.0400722036577,0.0,0.0,2
7,173,296,349.2599322110089,0.0,0.0,2
7,173,297,287.1304885663793,0.0,0.0,1
7,173,298,72.85810474447888,0.0,-0.03125,0
7,173,299,161.67591976718282,0.0,0.0,1
7,173,300,149.4641725515438,0.0,0.0,1
7,173,301,348.0428867802353,0.0,0.0,2
7,173,302,289.08540129890343,0.0,0.0,1
7,173,303,123.11589175976101,0.0,0.0,1
7,173,304,208.10167652298622,0.0,0.0,1
7,173,305,363.7578681341252,0.0,0.0,2
7,173,306,72.08667971368598,0.0,0.0,0
7,173,307,162.60516003124943,0.0,0.0,1
7,173,308,141.05051299159084,0.0,0.0,1
7,173,309,91.98674910922634,0.0,0.0,0
7,173,310,131.8861562370966,0.0,0.0,1
7,173,311,284.9275127299392,0.0,0.0,1
7,173,312,159.69447450316312,0.0,0.0,1
7,173,313,246.93651195991083,0.0,0.0,1
7,173,314,240.70700707815493,0.0,0.0,1
7,173,315,243.51156569474637,0.0,0.0,1
7,173,316,432.8970783553517,0.0,0.0,2
7,173,317,156.44307647498854,0.0,0.0,1
7,173,318,496.81445660219913,0.0,0.03125,2
7,173,319,382.33165398302896,0.0,0.0,2
8,177,0,124.19476117809877,0.0,0.0,1
8,177,1,168.55969645210615,0.0,0.0,1
8,177,2,312.21913044507227,0.0,0.0,2
8,177,3,270.22156200953407,-0.14285715,0.0,1
8,177,4,212.11135782121036,-0.14285715,0.0,1
8,177,5,95.01106767428934,0.65465367,0.0,0
8,177,6,155.38478952929412,0.0,0.0,1
8,177,7,194.83079280757312,0.0,0.0,1
8,177,8,218.85604300298394,0.0,0.0,1
8,177,9,308.2593519536186,1.0,0.0,2
8,177,10,126.77995669479178,0.0,0.0,1
8,177,11,323.5018851858914,-0.14285715,0.0,2
8,177,12,168.0343429341044,0.0,0.0,1
8,177,13,83.17746000839848,0.0,0.0,0
8,177,14,84.63838989887603,-0.14285715,0.0,0
8,177,15,244.93209592224798,-0.22959456,-0.03125,1
8,177,16,302.53121733850844,0.0,0.0,2
8,177,17,236.14488750017168,-0.14285715,0.0,1
8,177,18,200.05160765727578,0.0,0.0,1
8,177,19,207.0813785241699,0.0,0.0,1
8,177,20,219.31626866285222,-0.18898225,0.0,1
8,177,21,293.4262534302835,0.0,0.0,1
8,177,22,264.7028777429391,-0.14285715,0.0,1
8,177,23,100.7400264946975,0.65465367,-0.03125,1
8,177,24,268.5526292487507,1.0,0.0,1
8,177,25,211.18246213053595,0.0,0.0,1
8,177,26,264.89888208462315,-0.14285715,0.0,1
8,177,27,152.45701815194565,0.0,0.0,1
8,177,28,244.34314237956582,-0.14285715,0.0,1
8,177,29,191.7908268257798,0.0,0.0,1
8,177,30,109.8138188780636,0.0,0.0,1
8,177,31,246.33572722109724,0.0,0.0,1
8,177,32,179.9668977116457,0.0,0.0,1
8,177,33,175.58509657996981,-0.14285715,0.0,1
8,177,34,176.06711452641198,1.0,0.0,1
8,177,35,348.9926590435535,-0.14285715,0.0,2
8,177,36,225.8448037197205,0.0,0.0,1
8,177,37,324.8950364320051,1.0,0.0,2
8,177,38,361.8110734905905,0.0,0.0,2
8,177,39,357.9106674250992,0.0,0.0,2
8,177,40,136.57014316516586,0.0,0.0,1
8,177,41,248.81895905708149,0.0,0.0,1
8,177,42,131.79213338694396,0.0,0.0,1
8,177,43,240.7026266415416,0.0,0.0,1
8,177,44,279.4738569584821,0.0,0.0,1
8,177,45,249.80952592305007,0.0,0.0,1
8,177,46,125.97743616188937,0.0,0.0,1
8,177,47,187.91900845567656,0.0,0.0,1
8,177,48,237.08135980229545,-0.21821788,0.0,1
8,177,49,118.40324471102662,-0.20365328,0.0,1
8,177,50,233.8861017255382,0.0,0.0,1
8,177,51,171.12763136814544,0.0,0.0,1
8,177,52,315.6196861300794,0.0,0.0,2
8,177,53,195.05818608524976,-0.14285715,0.0,1
8,177,54,338.8910957890987,-0.20365328,0.0,2
8,177,55,418.5880896892446,-0.16495723,0.0,2
8,177,56,75.94712079882417,0.0,0.0,0
8,177,57,96.83642231371432,0.0,0.0,0
8,177,58,58.072530931949494,0.0,0.0,0
8,177,59,37.39154721949869,-0.14285715,0.0,0
8,177,60,371.4014260335895,-0.20365328,0.0,2
8,177,61,298.57810518142077,0.0,0.0,1
8,177,62,285.3896805163233,-0.14285715,0.0,1
8,177,63,344.01949276845176,0.0,0.0,2
8,177,64,316.6716752723056,0.0,0.0,2
8,177,65,171.37874485970463,0.0,0.0,1
8,177,66,350.86063686550636,0.0,0.0,2
8,177,67,211.10866262592035,0.0,0.0,1
8,177,68,182.6950014526083,0.0,0.0,1
8,177,69,212.33193611815736,0.0,0.0,1
8,177,70,335.4076651527657,0.0,0.0,2
8,177,71,249.85121310186508,0.0,0.0,1
8,177,72,265.41253454712205,0.0,0.0,1
8,177,73,152.17935627144087,0.0,0.0,1
8,177,74,146.21932188574826,0.0,0.0,1
8,177,75,270.3555878212849,0.0,0.0,1
8,177,76,245.30882088593256,-0.2182179,0.0,1
8,177,77,103.61962064731823,0.0,0.0,1
8,177,78,246.30910282210428,-0.14285715,0.0,1
8,177,79,196.49152605248358,-0.20365328,0.0,1
8,177,80,336.24057414264024,1.0,0.0,2
8,177,81,206.14121724119923,-0.14285715,0.0,1
8,177,82,168.12248619447567,0.0,0.0,1
8,177,83,31.774465116886276,1.0,0.0,0
8,177,84,134.59516060963054,0.0,0.0,1
8,177,85,261.87572366217336,0.0,0.0,1
8,177,86,158.77976458061542,-0.14285715,0.0,1
8,177,87,157.59501682029514,0.0,0.0,1
8,177,88,280.6221420540048,0.0,0.0,1
8,177,89,149.70764584219506,-0.14285715,0.0,1
8,177,90,209.22973756840096,0.0,0.0,1
8,177,91,158.26041537184764,-0.14285715,0.0,1
8,177,92,94.5339074202125,0.0,0.0,0
8,177,93,273.09007614569896,-0.14285715,0.0,1
8,177,94,88.31225881048371,0.0,0.0,0
8,177,95,220.43212872041852,-0.21736214,0.0,1
8,177,96,266.56453919378896,-0.21821788,0.0,1
8,177,97,104.11333687703824,0.0,0.0,1
8,177,98,213.429420308239,-0.14285715,0.0,1
8,177,99,239.5456356912767,-0.20365328,0.0,1
8,177,100,335.0047977584237,1.0,0.0,2
8,177,101,64.18985073522605,0.0,0.0,0
8,177,102,34.18791513315382,0.0,0.0,0
8,177,103,196.70013199216356,-0.14285715,0.0,1
8,177,104,79.64909228762957,0.0,0.0,0
8,177,105,340.24228247915994,0.0,0.0,2
8,177,106,280.7540817720909,0.0,0.0,1
8,177,107,288.0373687902423,-0.14285715,0.0,1
8,177,108,91.74748892708797,0.0,0.0,0
8,177,109,353.5008967732225,-0.21821788,0.0,2
8,177,110,165.34395375189493,0.0,0.0,1
8,177,111,149.22740798046044,0.0,0.0,1
8,177,112,370.00349013426285,-0.179374,0.0,2
8,177,113,196.58587203131208,1.0,0.0,1
8,177,114,216.42341358820167,0.0,0.0,1
8,177,115,219.26503175262113,0.0,0.0,1
8,177,116,376.81535808272065,1.0,0.0,2
8,177,117,51.07595481099215,0.0,0.0,0
8,177,118,351.7849933588419,0.0,0.0,2
8,177,119,413.0859385015462,-0.22451791,0.0,2
8,177,120,147.3666062120747,0.0,0.0,1
8,177,121,350.41545723388725,-0.22118698,0.0,2
8,177,122,193.15192311731474,0.0,0.0,1
8,177,123,338.6475113834028,0.0,0.0,2
8,177,124,231.85665264792829,0.0,0.0,1
8,177,125,184.44614756673667,0.0,0.0,1
8,177,126,269.93020230018305,0.0,0.0,1
8,177,127,373.3714266528218,0.0,0.0,2
8,177,128,153.626099033679,0.0,0.0,1
8,177,129,48.916169962005654,-0.14285715,0.0,0
8,177,130,367.12246333480806,1.0,0.0,2
8,177,131,342.70138189745245,-0.16834512,0.0,2
8,177,132,258.9473208732144,0.0,0.0,1
8,177,133,196.9229552113364,0.0,0.0,1
8,177,134,285.68838134309664,0.0,0.0,1
8,177,135,389.2568418964822,-0.18898225,0.0,2
8,177,136,144.5350046480424,0.0,0.0,1
8,177,137,108.66123649798394,0.0,0.0,1
8,177,138,370.2657943394549,-0.21530819,0.0,2
8,177,139,261.8730386431767,-0.19557956,0.0,1
8,177,140,191.3752486453577,-0.29277,0.0,1
8,177,141,79.33647142780478,-0.14285715,0.0,0
8,177,142,37.7493741468567,0.0,0.0,0
8,177,143,153.15472246890468,-0.14285715,0.0,1
8,177,144,148.98343807454324,1.0,0.0,1
8,177,145,224.68726319700824,0.0,0.0,1
8,177,146,277.41746961368966,0.0,0.0,1
8,177,147,244.98015290874815,-0.14285715,0.0,1
8,177,148,392.84472607641413,-0.21821788,0.0,2
8,177,149,280.1555704811961,0.0,0.0,1
8,177,150,234.15009182025557,0.5039526,0.0,1
8,177,151,330.77119993122244,0.0,0.0,2
8,177,152,275.37412687490627,0.0,0.0,1
8,177,153,125.76373804222456,0.0,0.0,1
8,177,154,92.91955284301949,0.0,0.0,0
8,177,155,219.23437862982541,0.0,0.0,1
8,177,156,180.95485274431778,0.0,0.0,1
8,177,157,76.42547391971834,0.0,0.0,0
8,177,158,109.51655384097084,-0.20365328,0.0,1
8,177,159,113.28270344220539,-0.14285715,0.0,1
8,177,160,210.95436830587207,0.0,0.0,1
8,177,161,372.11440310041354,0.0,0.0,2
8,177,162,100.39338950206256,0.0,0.0,1
8,177,163,332.229409385614,0.0,0.0,2
8,177,164,57.30705318550133,0.0,0.0,0
8,177,165,226.99698219634743,0.0,0.0,1
8,177,166,142.10166397118195,1.0,0.0,1
8,177,167,112.61657694773041,0.0,0.0,1
8,177,168,234.86505436526704,-0.14285715,-0.03125,1
8,177,169,135.98231975371846,0.0,0.0,1
8,177,170,78.22939057060766,0.0,0.0,0
8,177,171,132.32332556991545,0.48795003,0.0,1
8,177,172,210.6160529631513,0.0,0.0,1
8,177,173,141.49271482743302,0.0,0.0,1
8,177,174,245.53544524336618,-0.032530002,0.0,1
8,177,175,62.306798010347975,0.0,0.0,0
8,177,176,122.13582967879584,0.0,0.0,1
8,177,178,153.64595531709054,0.0,0.0,1
8,177,179,124.9405795455132,0.0,0.0,1
8,177,180,307.65417939927227,0.0,0.0,2
8,177,181,423.69142776894586,0.0,0.0,2
8,177,182,257.4415518364945,0.0,0.0,1
8,177,183,58.56426539597104,0.0,0.0,0
8,177,184,286.3649958400601,0.0,0.0,1
8,177,185,342.32742665383506,-0.14285715,0.0,2
8,177,186,209.67525224834654,0.0,0.0,1
8,177,187,157.96343240221174,0.0,0.0,1
8,177,188,232.75254265089606,-0.14285715,0.0,1
8,177,189,187.33734227189996,0.0,0.0,1
8,177,190,93.2824293843911,-0.14285715,0.0,0
8,177,191,130.29291930051065,0.0,0.0,1
8,177,192,347.78213552519065,-0.14285715,0.0,2
8,177,193,185.62722698195262,0.0,0.0,1
8,177,194,324.8297159801445,0.0,0.0,2
8,177,195,211.35387804386966,-0.14285715,0.0,1
8,177,196,191.94122666702987,0.0,0.0,1
8,177,197,122.52577919349126,-0.14285715,0.0,1
8,177,198,333.6530518607946,0.0,0.0,2
8,177,199,65.30591202982211,0.0,0.0,0
8,177,200,153.99405745775954,-0.14285715,0.0,1
8,177,201,166.42795663225897,0.0,0.0,1
8,177,202,345.9962426452843,-0.14285715,0.0,2
8,177,203,399.44481850233336,0.0,0.0,2
8,177,204,387.40614049969236,0.0,0.0,2
8,177,205,300.3232975033818,-0.21262163,0.0,2
8,177,206,316.24359488262286,0.0,0.0,2
8,177,207,132.70363967883873,0.0,0.0,1
8,177,208,343.55609178253405,-0.14285715,0.0,2
8,177,209,114.24550936399193,0.0,0.0,1
8,177,210,173.51694725664808,-0.14285715,0.0,1
8,177,211,76.01379724020589,0.0,0.0,0
8,177,212,292.75640673454416,-0.14285715,0.0,1
8,177,213,242.30779542275423,0.0,0.0,1
8,177,214,91.294787641001,0.0,0.0,0
8,177,215,250.64452861529628,-0.2178551,0.0,1
8,177,216,257.4038686884183,0.0,0.0,1
8,177,217,109.06682236118029,-0.26726124,0.0,1
8,177,218,89.17484025239564,0.0,0.0,0
8,177,219,267.04273919732515,0.0,0.0,1
8,177,220,203.50521492721907,0.0,0.0,1
8,177,221,272.46733962902323,0.0,0.0,1
8,177,222,98.55256331638246,0.0,0.0,0
8,177,223,45.73647067878512,0.0,0.0,0
8,177,224,180.36977935538286,0.0,0.0,1
8,177,225,192.40574253109023,-0.14285715,0.0,1
8,177,226,244.13038670977807,0.0,0.0,1
8,177,227,395.7221632395626,-0.19016492,0.0,2
8,177,228,297.92800627590543,0.0,0.0,1
8,177,229,175.48059086959077,0.0,0.0,1
8,177,230,429.49901922191,0.69786316,0.03125,2
8,177,231,224.5052144944669,-0.14285715,0.0,1
8,177,232,364.8792093757961,1.0,0.0,2
8,177,233,116.5052092014641,0.0,0.0,1
8,177,234,107.196086467155,-0.21821788,0.0,1
8,177,235,318.3733667665572,0.0,0.0,2
8,177,236,226.63557175966798,-0.29277,0.0,1
8,177,237,142.18702563685886,0.0,0.0,1
8,177,238,177.2982704611645,-0.14285715,0.0,1
8,177,239,290.2922376998728,0.0,0.0,1
8,177,240,94.93649816875502,0.0,0.0,0
8,177,241,219.49190204862768,0.0,0.0,1
8,177,242,179.87427682416958,0.0,0.0,1
8,177,243,107.87864053420398,0.0,0.0,1
8,177,244,120.31368648612246,0.0,0.0,1
8,177,246,167.54424943664736,-0.14285715,0.0,1
8,177,247,272.9242030483493,-0.14285715,0.0,1
8,177,248,121.5764738697522,-0.14285715,0.0,1
8,177,249,272.7751110738409,0.0,0.0,1
8,177,250,324.77967336680786,-0.24174689,0.0,2
8,177,251,97.43433852311328,0.0,0.0,0
8,177,252,87.58037872951877,-0.14285715,0.0,0
8,177,253,180.63368376638283,-0.14285715,0.0,1
8,177,254,287.97799106958706,0.0,0.0,1
8,177,255,268.01183219987956,0.0,0.0,1
8,177,256,285.2135010085568,1.0,0.0,1
8,177,257,186.7032256320577,-0.14285715,0.0,1
8,177,258,144.07915029444695,0.0,0.0,1
8,177,259,141.0856076913858,0.0,0.0,1
8,177,260,234.23248581770517,0.65465367,0.0,1
8,177,261,123.40001596118256,-0.15762208,0.0,1
8,177,262,254.0036523838781,-0.20365328,0.0,1
8,177,263,101.95012985059796,0.0,0.0,1
8,177,264,266.5580443867919,-0.14285715,0.0,1
8,177,265,199.70671885979456,-0.21530819,0.0,1
8,177,266,398.10157892433756,0.80796224,0.0,2
8,177,267,130.17183760717953,1.0,0.0,1
8,177,268,336.46325152656215,0.0,0.0,2
8,177,269,26.11532821419149,0.0,0.0,0
8,177,270,139.9889670052279,-0.179374,0.0,1
8,177,271,274.4047850988569,0.5586292,-0.03125,1
8,177,272,127.20896729123415,0.0,0.0,1
8,177,273,94.57095588402052,0.0,0.0,0
8,177,274,308.8709580452567,0.0,0.0,2
8,177,275,154.61204092170408,0.0,0.0,1
8,177,276,205.54311151024825,-0.14285715,0.0,1
8,177,277,223.85471171579056,0.0,0.0,1
8,177,278,172.78253973961796,0.0,0.0,1
8,177,279,254.73081402968612,0.0,0.0,1
8,177,280,238.8140734614653,0.0,0.0,1
8,177,281,113.65428618282259,-0.14285715,0.0,1
8,177,282,291.48988687054066,0.0,0.0,1
8,177,283,167.88861875466193,-0.14285715,0.0,1
8,177,284,181.27844796934596,1.0,0.0,1
8,177,285,150.53334630004372,-0.26726124,0.0,1
8,177,286,106.03271387760549,0.0,0.0,1
8,177,287,126.76856132195414,-0.14285715,0.0,1
8,177,288,267.97013361222446,0.0,0.0,1
8,177,289,230.39683748725108,0.0,0.0,1
8,177,290,105.8394533466052,0.0,0.0,1
8,177,291,130.18173062271137,0.0,0.0,1
8,177,292,117.08917629155873,0.0,0.0,1
8,177,293,111.36551827147993,0.0,0.0,1
8,177,294,99.50739151690316,0.0,0.0,0
8,177,295,360.03922813749176,-0.14285715,0.0,2
8,177,296,246.8263397337106,0.0,0.0,1
8,177,297,237.59385740582655,1.0,0.0,1
8,177,298,112.67501053555029,-0.14285715,0.0,1
8,177,299,233.36621751814056,0.0,0.0,1
8,177,300,229.13501310328283,-0.14285715,0.0,1
8,177,301,206.78011716723768,-0.14285715,0.0,1
8,177,302,283.2143073994681,0.0,0.0,1
8,177,303,58.671514696481424,0.0,0.0,0
8,177,304,91.02965343168532,-0.14285715,0.0,0
8,177,305,267.88336683167273,0.0,0.0,1
8,177,306,102.62905676557786,0.0,0.0,1
8,177,307,136.20649533590884,0.0,0.0,1
8,177,308,136.09706754915416,0.0,0.0,1
8,177,309,148.94101743224817,0.0,0.0,1
8,177,310,189.74843708240644,-0.21821788,0.0,1
8,177,311,159.6252414098833,-0.14285715,0.0,1
8,177,312,79.70135756579015,0.0,0.0,0
8,177,313,108.67146166286487,-0.14285715,0.0,1
8,177,314,185.45802728544868,0.0,0.0,1
8,177,315,107.83066803260353,0.0,0.0,1
8,177,316,370.97669450734105,-0.14285715,0.0,2
8,177,318,406.53521098012516,-0.22704233,0.0,2
8,177,319,241.84212129188347,-0.14285715,0.0,1
9,187,0,281.46277423757897,0.0,0.0,1
9,187,1,326.511690902948,0.0,0.0,2
9,187,2,409.7522381597875,0.0,0.0,2
9,187,3,341.28967218755884,0.0,0.0,2
9,187,4,188.7041975187601,0.0,0.0,1
9,187,5,183.15874994402608,0.0,0.0,1
9,187,6,305.6289083113985,0.0,0.0,2
9,187,7,234.3622500770001,0.0,0.0,1
9,187,8,240.79997788403043,0.0,0.0,1
9,187,9,161.56572245789127,0.0,0.0,1
9,187,10,212.7221332299327,0.0,0.0,1
9,187,11,414.93289844945247,0.0,0.0,2
9,187,12,38.445157513598,0.0,0.0,0
9,187,13,81.84520992925005,0.0,0.0,0
9,187,14,77.6788555005891,0.0,0.0,0
9,187,15,143.55919279915912,0.0,0.0,1
9,187,16,262.96775029921474,0.0,0.0,1
9,187,17,153.49043069633748,0.0,0.0,1
9,187,18,230.20539217512547,0.0,0.0,1
9,187,19,317.85637208936345,0.0,0.0,2
9,187,20,375.8588747609632,0.0,0.0,2
9,187,21,264.9762421554956,0.0,0.0,1
9,187,22,177.21685460448867,0.0,0.0,1
9,187,23,235.20718604672814,0.0,0.03125,1
9,187,24,198.32904964394987,0.0,0.0,1
9,187,25,67.73661169425297,0.0,0.0,0
9,187,26,122.82649967338035,0.0,0.0,1
9,187,27,222.22297499761157,0.0,0.0,1
9,187,28,183.82354782068975,0.0,0.0,1
9,187,29,188.81444035962537,0.0,0.0,1
9,187,30,257.3306685583744,0.0,0.0,1
9,187,31,88.87745763013466,0.0,0.0,0
9,187,32,299.4315764683548,0.0,0.0,1
9,187,33,145.8358067019498,0.0,0.0,1
9,187,34,138.24902260091483,0.0,0.0,1
9,187,35,283.4105143758379,0.0,0.0,1
9,187,36,167.8860092300255,0.0,0.0,1
9,187,37,218.1263067478709,0.0,0.0,1
9,187,38,383.7936340362074,0.0,0.0,2
9,187,39,336.321616889012,0.0,0.0,2
9,187,40,284.30718284825093,0.0,0.0,1
9,187,41,352.37324728021724,0.0,0.0,2
9,187,42,143.30631179021367,0.0,0.0,1
9,187,43,299.6784829912749,0.0,0.0,1
9,187,44,163.30997611408526,0.0,0.0,1
9,187,45,223.37671713465875,0.0,0.0,1
9,187,46,201.4966082619553,0.0,0.0,1
9,187,47,193.79980734294062,0.0,0.0,1
9,187,48,394.98257300617024,0.0,0.0,2
9,187,49,271.97846088234047,0.0,0.0,1
9,187,50,223.59987719803848,0.0,0.0,1
9,187,51,52.52395418436926,0.0,0.0,0
9,187,52,301.18782485957473,0.0,0.0,2
9,187,53,349.44402439675923,0.0,0.0,2
9,187,54,414.2435543306299,0.0,0.0,2
9,187,55,310.4716463174315,0.0,0.0,2
9,187,56,232.54669251568095,0.0,0.0,1
9,187,57,223.6769540473096,0.0,0.0,1
9,187,58,105.31273666869929,0.0,0.0,1
9,187,59,122.23386835899072,0.0,0.0,1
9,187,60,302.0210840910611,0.0,0.0,2
9,187,61,186.79941277084623,0.0,0.0,1
9,187,62,373.1921391173322,0.0,0.0,2
9,187,63,432.1627543517859,0.0,0.0,2
9,187,64,332.5234522182348,0.0,0.0,2
9,187,65,263.2882767446136,0.0,0.0,1
9,187,66,258.4346597449045,0.0,0.0,1
9,187,67,368.956319324951,0.0,0.0,2
9,187,68,288.93139027913855,0.0,0.0,1
9,187,69,370.2558808701549,0.0,0.0,2
9,187,70,330.0431741859436,0.0,0.0,2
9,187,71,122.51904360418592,0.0,0.0,1
9,187,72,234.16347792001966,0.0,0.0,1
9,187,73,55.32220252786414,0.0,0.0,0
9,187,74,257.4396772690471,0.0,0.0,1
9,187,75,396.14184071046583,0.0,0.0,2
9,187,76,402.41817909454863,0.0,0.0,2
9,187,77,257.4799764213091,0.0,0.0,1
9,187,78,402.3386511241299,0.0,0.0,2
9,187,79,146.65459465312128,0.0,0.0,1
9,187,80,422.3251014241182,0.0,0.0,2
9,187,81,238.6497647932099,0.0,0.0,1
9,187,82,33.2309488361288,0.0,0.0,0
9,187,83,172.30408622396575,0.0,0.0,1
9,187,84,245.8458757073287,0.0,0.0,1
9,187,85,309.8914429115211,0.0,0.0,2
9,187,86,316.2857244133205,0.0,0.0,2
9,187,87,164.42526021100804,0.0,0.0,1
9,187,88,397.7464041675667,0.0,0.0,2
9,187,89,155.23986792633605,0.0,0.0,1
9,187,90,250.10288891116645,0.0,0.0,1
9,187,91,160.3617132425374,0.0,0.0,1
9,187,92,252.48077924053555,0.0,0.0,1
9,187,93,371.0387311141717,0.0,0.0,2
9,187,94,97.40441974344695,0.0,0.0,0
9,187,95,376.24719075228836,0.0,0.0,2
9,187,96,151.69792431095797,0.0,0.0,1
9,187,97,116.69379655938846,0.0,0.0,1
9,187,98,371.1608328902409,0.0,0.0,2
9,187,99,148.7492606728853,0.0,0.0,1
9,187,100,231.7441414544334,0.0,0.0,1
9,187,101,102.83999708079924,0.0,0.0,1
9,187,102,125.10724594310874,0.0,0.0,1
9,187,103,318.70631119977986,0.0,0.0,2
9,187,104,183.07422988306,0.0,0.0,1
9,187,105,386.55424877325663,0.0,0.0,2
9,187,106,252.72956068098867,0.0,0.0,1
9,187,107,247.7902019586023,0.0,0.0,1
9,187,108,233.25511431620333,0.0,0.0,1
9,187,109,388.47283960324603,0.0,0.0,2
9,187,110,115.31864280898802,0.0,0.0,1
9,187,111,117.59266012636532,0.0,0.0,1
9,187,112,241.7614442390873,0.0,0.0,1
9,187,113,346.1213659129709,0.0,0.0,2
9,187,114,58.521994785136876,0.0,0.0,0
9,187,115,197.54216591514046,0.0,0.0,1
9,187,116,276.09899383568643,0.0,0.0,1
9,187,117,181.11837524065146,0.0,0.0,1
9,187,118,290.2333366374896,0.0,0.0,1
9,187,119,292.2981150397787,0.0,0.0,1
9,187,120,300.5645050229985,0.0,0.0,2
9,187,121,237.5197695610323,0.0,0.0,1
9,187,122,215.0218420888372,0.0,0.0,1
9,187,123,290.4987917929788,0.0,0.0,1
9,187,124,171.0496939386506,0.0,0.0,1
9,187,125,148.82986922289263,0.0,0.0,1
9,187,126,255.49140980094788,0.0,0.0,1
9,187,127,285.80406351183177,0.0,0.0,1
9,187,128,307.64060015523313,0.0,0.0,2
9,187,129,162.99159101141368,0.0,0.0,1
9,187,130,431.2057842635269,0.0,0.0,2
9,187,131,262.0824522657938,0.0,0.0,1
9,187,132,100.99033004314431,0.0,0.0,1
9,187,133,256.29806797128634,0.0,0.0,1
9,187,134,154.61835820134576,0.0,0.0,1
9,187,135,265.91506443518347,0.0,0.0,1
9,187,136,251.86594689222295,0.0,0.0,1
9,187,137,266.0391983650759,0.0,0.0,1
9,187,138,247.07001980866235,0.0,0.0,1
9,187,139,391.8059442603429,0.0,0.0,2
9,187,140,151.8859057036827,0.0,0.0,1
9,187,141,201.8778586266203,0.0,0.0,1
9,187,142,176.15722589843728,0.0,0.0,1
9,187,143,138.1253401906551,0.0,0.0,1
9,187,144,296.4827691962883,0.0,0.0,1
9,187,145,380.2135872317507,0.0,0.0,2
9,187,146,256.561334633612,0.0,0.0,1
9,187,147,368.23565973799344,0.0,0.0,2
9,187,148,298.09603224821996,0.0,0.0,1
9,187,149,133.42917843737152,0.0,0.0,1
9,187,150,188.34046803314368,0.0,0.0,1
9,187,151,189.81937142110604,0.0,0.0,1
9,187,152,370.5913047691545,0.0,0.0,2
9,187,153,137.47930018339483,0.0,0.0,1
9,187,154,221.42715520379448,0.0,0.0,1
9,187,155,221.51867820355378,0.0,0.0,1
9,187,156,265.1811155697556,0.0,0.0,1
9,187,157,187.051956265058,0.0,0.0,1
9,187,158,264.628355190852,0.0,0.0,1
9,187,159,271.1697086814171,0.0,0.0,1
9,187,160,324.9907728821674,0.0,0.0,2
9,187,161,274.80461741158086,0.0,0.0,1
9,187,162,257.4893855501251,0.0,0.0,1
9,187,163,415.10245757567225,0.0,0.0,2
9,187,164,107.02088452899453,0.0,0.0,1
9,187,165,169.98867398847773,0.0,0.0,1
9,187,166,85.54802829271874,0.0,0.0,0
9,187,167,269.4923401602373,0.0,0.0,1
9,187,168,80.075130888324,0.0,0.0,0
9,187,169,293.5941282439129,0.0,0.0,1
9,187,170,228.7464612980684,0.0,0.0,1
9,187,171,220.71513277235667,0.0,0.0,1
9,187,172,64.89493158951466,0.0,0.0,0
9,187,173,293.2960187739136,0.0,0.0,1
9,187,174,136.97995823651544,0.0,0.0,1
9,187,175,101.62914810467888,0.0,0.0,1
9,187,176,41.11890726662052,0.0,0.0,0
9,187,177,157.96343240221174,0.0,0.0,1
9,187,178,293.4472936617548,0.0,0.0,1
9,187,179,253.7875021095295,0.0,0.0,1
9,187,180,204.8121318235253,0.0,0.0,1
9,187,181,307.49030023267335,0.0,0.0,2
9,187,182,110.02759919304636,0.0,0.0,1
9,187,183,215.33518997948883,0.0,0.0,1
9,187,184,267.42208466079035,0.0,0.0,1
9,187,185,336.8447859814859,0.0,0.0,2
9,187,186,350.392992080327,0.0,0.0,2
9,187,188,376.58420770506024,0.0,0.0,2
9,187,189,215.52830160172726,0.0,0.0,1
9,187,190,105.62514470813792,0.0,0.0,1
9,187,191,288.1046799746998,0.0,0.0,1
9,187,192,253.54847927004127,0.0,0.0,1
9,187,193,66.88701701657222,0.0,0.0,0
9,187,194,364.89156011213726,0.0,0.0,2
9,187,195,140.4300001027167,0.0,0.0,1
9,187,196,85.81215534360742,0.0,0.0,0
9,187,197,154.33252227693384,0.0,0.0,1
9,187,198,276.9167656225892,0.0,0.0,1
9,187,199,182.03047925179328,0.0,0.0,1
9,187,200,70.79033899537109,0.0,0.0,0
9,187,201,257.6452172328331,0.0,0.0,1
9,187,202,262.4948659729135,0.0,0.0,1
9,187,203,446.8932578476645,0.0,0.0,2
9,187,204,432.05518944998056,0.0,0.0,2
9,187,205,170.92300176048695,0.0,0.0,1
9,187,206,219.24574547899442,0.0,0.0,1
9,187,207,120.41834661029482,0.0,0.0,1
9,187,208,420.1715532653508,0.0,0.0,2
9,187,209,246.1063944854164,0.0,0.0,1
9,187,210,170.50708299099122,0.0,0.0,1
9,187,211,125.70628897913787,0.0,0.0,1
9,187,212,399.1844006199575,0.0,0.0,2
9,187,213,328.45366618537093,0.0,0.0,2
9,187,214,138.814337664705,0.0,0.0,1
9,187,215,188.29102220646638,0.0,0.0,1
9,187,216,256.6004139483621,0.0,0.0,1
9,187,217,144.06889185890446,0.0,0.0,1
9,187,218,224.68974866036666,0.0,0.0,1
9,187,219,233.39141273984123,0.0,0.0,1
9,187,220,317.4859902800565,0.0,0.0,2
9,187,221,299.8863411222322,0.0,0.0,1
9,187,222,221.6501259593978,0.0,0.0,1
9,187,223,188.94644865374417,0.0,0.0,1
9,187,224,324.13694993429783,0.0,0.0,2
9,187,225,348.0497033743559,0.0,0.0,2
9,187,226,269.85957561848306,0.0,0.0,1
9,187,227,437.4948514865222,0.0,0.0,2
9,187,228,185.34794769604443,0.0,0.0,1
9,187,229,131.18242819973946,0.0,0.0,1
9,187,230,311.4219139307344,0.0,0.0,2
9,187,231,160.84492087608044,0.0,0.0,1
9,187,232,377.24041331317136,0.0,0.0,2
9,187,233,273.32374395024493,0.0,0.0,1
9,187,234,182.45643895436945,0.0,0.0,1
9,187,235,323.0412260253146,0.0,0.0,2
9,187,236,82.24932612280601,0.0,0.0,0
9,187,237,55.296076195992974,0.0,0.0,0
9,187,238,143.06822454069837,0.0,0.0,1
9,187,239,397.3160279258979,0.0,0.0,2
9,187,240,228.4467328703954,0.0,0.0,1
9,187,241,170.42591249634106,0.0,0.0,1
9,187,242,117.08762361894327,0.0,0.0,1
9,187,243,96.7258799493706,0.0,0.0,0
9,187,244,274.20640303786695,0.0,0.0,1
9,187,245,149.80409453940544,0.0,0.0,1
9,187,246,323.23390301749,0.0,0.0,2
9,187,247,137.4044069271074,0.0,0.0,1
9,187,248,131.57561746919876,0.0,0.0,1
9,187,249,226.62094744814104,0.0,0.0,1
9,187,250,283.55368645967184,0.0,0.0,1
9,187,251,66.33552167017011,0.0,0.0,0
9,187,252,182.43503114717973,0.0,0.0,1
9,187,253,248.99914063049573,0.0,0.0,1
9,187,254,284.3826412929115,0.0,0.0,1
9,187,255,238.5235541103171,0.0,0.0,1
9,187,256,160.9833693101578,0.0,0.0,1
9,187,257,343.78762450207,0.0,0.0,2
9,187,258,255.90556031222823,0.0,0.0,1
9,187,259,236.87684346365774,0.0,0.0,1
9,187,260,77.73540590191863,0.0,0.0,0
9,187,261,220.6731053552882,0.0,0.0,1
9,187,262,411.88299822224474,0.0,0.0,2
9,187,263,197.8305756337222,0.0,0.0,1
9,187,264,331.93790833634404,0.0,0.0,2
9,187,265,95.65198036250952,0.0,0.0,0
9,187,266,278.1908600593991,0.0,0.0,1
9,187,267,287.7317878315453,0.0,0.0,1
9,187,268,297.4178169102736,0.0,0.0,1
9,187,269,175.90969416743658,0.0,0.0,1
9,187,270,162.6447162548238,0.0,0.0,1
9,187,271,205.10666319680965,0.0,0.0,1
9,187,272,262.1384126552197,0.0,0.0,1
9,187,273,125.40513403459515,0.0,0.0,1
9,187,274,326.9876912710857,0.0,0.0,2
9,187,275,87.45030649935875,0.0,0.0,0
9,187,276,179.82944971858612,0.0,0.0,1
9,187,277,326.52435172917956,0.0,0.0,2
9,187,278,295.3988681925033,0.0,0.0,1
9,187,279,133.93190059792735,0.0,0.0,1
9,187,280,119.82723834273592,0.0,0.0,1
9,187,281,202.39981584474748,0.0,0.0,1
9,187,282,400.8306867250411,0.0,0.0,2
9,187,283,149.63602555356192,0.0,0.0,1
9,187,284,99.4862237034209,0.0,0.0,0
9,187,285,33.16344640168427,0.0,0.0,0
9,187,286,242.28372954569073,0.0,-0.03125,1
9,187,287,284.7319675035987,0.0,0.0,1
9,187,288,392.6167106651614,0.0,0.0,2
9,187,289,75.41029261468101,0.0,0.0,0
9,187,290,105.86035139941681,0.0,0.0,1
9,187,291,123.01415857133034,0.0,0.0,1
9,187,292,58.02452750491864,0.0,0.0,0
9,187,293,268.0603641780972,0.0,0.0,1
9,187,294,254.2382574129417,0.0,0.0,1
9,187,295,333.1458528949394,0.0,0.0,2
9,187,296,137.19969667372925,0.0,0.0,1
9,187,297,213.73779524718037,0.0,0.0,1
9,187,298,241.96225373111452,0.0,0.0,1
9,187,299,330.2852134874084,0.0,0.0,2
9,187,300,332.8026051307864,0.0,0.0,2
9,187,301,98.97071454745064,0.0,0.0,0
9,187,302,295.96957366937283,0.0,0.0,1
9,187,303,207.9969772914891,0.0,0.0,1
9,187,304,164.66956023200976,0.0,0.0,1
9,187,305,163.84372310953609,0.0,0.0,1
9,187,306,260.2669123424193,0.0,0.0,1
9,187,307,268.53432391081793,0.0,0.0,1
9,187,308,278.3605455503759,0.0,0.0,1
9,187,309,265.6438142364567,0.0,0.0,1
9,187,310,342.116208847337,0.0,0.0,2
9,187,311,161.52482361892322,0.0,0.0,1
9,187,312,205.32139407707447,0.0,0.0,1
9,187,313,105.88445424283464,0.0,0.0,1
9,187,314,180.53334667442743,0.0,0.0,1
9,187,315,50.28287445381767,0.0,0.0,0
9,187,316,295.9363382238902,0.0,0.0,1
9,187,317,144.9146678820544,0.0,0.0,1
9,187,318,290.1394614947119,0.0,0.0,1
9,187,319,136.31875454874287,0.0,0.0,1
10,200,0,265.9664259464193,0.0,0.0,1
10,200,1,313.56020009305524,0.0,0.0,2
10,200,2,351.1398164143034,0.0,0.0,2
10,200,3,277.60088502355495,-0.14285715,0.0,1
10,200,4,117.93423960499476,1.0,0.0,1
10,200,5,139.4578266858522,0.65465367,0.0,1
10,200,6,278.4447711486795,0.0,0.0,1
10,200,7,168.59980035997995,0.0,0.0,1
10,200,8,171.90796392666243,0.0,0.0,1
10,200,9,159.57655989469558,-0.14285715,0.0,1
10,200,10,162.31125141918992,0.0,0.0,1
10,200,11,354.4276429727022,-0.14285715,0.0,2
10,200,12,109.01177891394104,0.0,0.0,1
10,200,13,108.89497014316063,0.0,0.0,1
10,200,14,102.94496240109999,-0.14285715,0.0,1
10,200,15,214.3104946886514,-0.19427231,0.0,1
10,200,16,195.21667312438814,0.0,0.0,1
10,200,17,94.06353700505035,1.0,0.0,0
10,200,18,162.95427032120207,0.0,0.0,1
10,200,19,267.17003075898464,0.0,0.0,1
10,200,20,369.7408272243328,-0.18898225,0.0,2
10,200,21,195.65071579761428,0.0,0.0,1
10,200,22,121.55792766158906,-0.14285715,0.0,1
10,200,23,249.25290999013876,0.65465367,0.0,1
10,200,24,136.29844172418655,-0.14285715,0.0,1
10,200,25,70.29965617286406,0.0,0.0,0
10,200,26,115.54475810340816,-0.14285715,0.0,1
10,200,27,165.15833600143415,0.0,0.0,1
10,200,28,252.8008197840325,-0.14285715,0.0,1
10,200,29,118.94062045919644,0.0,0.0,1
10,200,30,263.39949347108075,0.0,0.0,1
10,200,31,134.16950443269113,0.0,0.0,1
10,200,32,253.4674309117924,0.0,0.0,1
10,200,33,75.2715058646149,-0.14285715,0.0,0
10,200,34,201.04953790459575,-0.14285715,0.0,1
10,200,35,222.56781429974717,-0.14285715,0.03125,1
10,200,36,100.62748868448347,0.0,0.0,1
10,200,37,175.2163976811401,-0.14285715,0.0,1
10,200,38,313.1850645819934,0.0,0.0,2
10,200,39,267.12803660203605,0.0,0.0,1
10,200,40,256.0174035082576,0.0,0.0,1
10,200,41,297.462155837822,0.0,0.0,1
10,200,42,193.11777458994877,0.0,0.0,1
10,200,43,234.7703154149422,0.0,0.0,1
10,200,44,126.27429077442767,0.0,0.0,1
10,200,45,153.16626247819562,0.0,0.0,1
10,200,46,149.21533047162902,0.0,0.0,1
10,200,47,124.74130760026895,0.0,0.0,1
10,200,48,382.8404793555948,-0.21821788,0.0,2
10,200,49,272.08567029032184,-0.20365328,0.0,1
10,200,50,152.81243476905217,0.0,0.0,1
10,200,51,29.31068412423711,0.0,0.0,0
10,200,52,230.99441631925012,0.0,0.0,1
10,200,53,347.80123887230457,-0.14285715,0.0,2
10,200,54,349.8386509758803,-0.20365328,-0.03125,2
10,200,55,269.96248441810684,-0.16495723,0.0,1
10,200,56,218.06643535048798,0.0,0.0,1
10,200,57,241.09073797474568,0.0,0.0,1
10,200,58,96.45419023412136,0.0,0.0,0
10,200,59,128.25311697515437,-0.14285715,0.0,1
10,200,60,242.8583953476199,-0.20365328,0.0,1
10,200,61,146.7398570047194,0.0,0.0,1
10,200,62,312.7169904779339,-0.14285715,0.0,2
10,200,63,370.4315350068385,0.0,0.0,2
10,200,64,261.8890558904722,0.0,0.0,1
10,200,65,209.32892746015716,0.0,0.0,1
10,200,66,208.0641750899832,0.0,0.0,1
10,200,67,353.6903038716172,0.0,0.0,2
10,200,68,238.20106597700683,0.0,0.0,1
10,200,69,355.81183772743344,0.0,0.0,2
10,200,70,259.5174761745623,0.0,0.0,1
10,200,71,96.28687387497409,0.0,0.0,0
10,200,72,164.610108398013,0.0,0.0,1
10,200,74,211.2109825466631,0.0,0.0,1
10,200,75,348.8460883867525,0.0,0.0,2
10,200,76,394.3564937446287,-0.2182179,0.0,2
10,200,77,237.12249365688749,0.0,0.0,1
10,200,78,397.1893242183375,-0.14285715,0.0,2
10,200,79,212.56446613864532,-0.20365328,0.0,1
10,200,80,360.25583765096246,-0.14285715,0.0,2
10,200,81,171.38442462441367,1.0,0.0,1
10,200,82,44.44965288779154,0.0,0.0,0
10,200,83,178.87006663312573,-0.14285715,0.0,1
10,200,84,271.5268606664088,0.0,0.0,1
10,200,85,242.6889512931098,0.0,0.0,1
10,200,86,308.0077669105423,-0.14285715,0.0,2
10,200,87,218.4086706382888,0.0,0.0,1
10,200,88,346.483162751929,0.0,0.0,2
10,200,89,208.55103771245177,1.0,0.0,1
10,200,90,183.7622066337743,0.0,0.0,1
10,200,91,215.23202992316388,-0.14285715,0.0,1
10,200,92,243.0500763920975,0.0,0.0,1
10,200,93,313.6169152933108,-0.14285715,0.0,2
10,200,94,67.34555132508015,0.0,0.0,0
10,200,95,371.79821350427846,-0.21736214,0.0,2
10,200,96,113.33613683543376,-0.21821788,0.0,1
10,200,97,160.02950456346773,0.0,0.0,1
10,200,98,355.00274639328455,-0.14285715,0.0,2
10,200,99,219.4469266683217,-0.20365328,0.0,1
10,200,100,186.87983769271372,-0.14285715,0.0,1
10,200,101,89.87050614202218,0.0,0.0,0
10,200,102,129.8734840479623,0.0,0.0,1
10,200,103,272.77224449985823,-0.14285715,0.0,1
10,200,104,145.6522844988656,0.0,0.0,1
10,200,105,317.7968015476369,0.0,0.0,2
10,200,106,183.15404825702478,0.0,0.0,1
10,200,107,179.81634523802822,1.0,0.0,1
10,200,108,204.83045247315442,0.0,0.0,1
10,200,109,318.5827439666568,-0.21821788,0.0,2
10,200,110,44.56863046618717,0.0,0.0,0
10,200,111,49.513661692267526,0.0,0.0,0
10,200,112,216.1126980842059,-0.179374,0.0,1
10,200,113,316.46534823883593,-0.14285715,0.0,2
10,200,114,105.71952323220837,0.0,0.0,1
10,200,115,126.78805345626333,0.0,0.0,1
10,200,116,230.6069048332136,-0.14285715,0.0,1
10,200,117,193.58632391971454,0.0,0.0,1
10,200,118,228.29159221233903,0.0,0.0,1
10,200,119,260.5407519777325,-0.22451791,0.0,1
10,200,120,276.92388087751493,0.0,0.0,1
10,200,121,199.22611814388213,-0.13271219,0.0,1
10,200,122,147.19879341471562,0.0,0.0,1
10,200,123,225.04643947661788,0.0,0.0,1
10,200,124,104.69371527663232,0.0,0.0,1
10,200,125,78.03963658278138,0.0,0.0,0
10,200,126,184.91652153401145,0.0,0.0,1
10,200,127,233.6571229888581,0.0,0.0,1
10,200,128,284.7585766761866,0.0,0.0,1
10,200,129,179.07197407664682,-0.14285715,0.0,1
10,200,130,364.4202588527562,-0.14285715,0.0,2
10,200,131,206.29114972879145,-0.16834512,0.0,1
10,200,132,137.86544590383684,0.0,0.0,1
10,200,133,193.51669861793917,0.0,0.0,1
10,200,134,132.01747363595757,0.0,0.0,1
10,200,135,236.04308383007265,-0.18898225,0.0,1
10,200,136,204.60635188374002,0.0,0.0,1
10,200,137,259.3553279438748,0.0,0.0,1
10,200,138,216.94536122977436,-0.21530819,0.0,1
10,200,139,346.76155550657563,-0.19557956,0.0,2
10,200,140,81.2203171247342,0.48795003,0.0,0
10,200,141,219.78322918973194,-0.14285715,0.0,1
10,200,142,156.4783355362409,0.0,0.0,1
10,200,143,195.12067309261604,-0.14285715,0.0,1
10,200,144,302.80846694789204,-0.14285715,0.0,2
10,200,145,357.38323577294176,0.0,0.0,2
10,200,146,186.38171674641544,0.0,0.0,1
10,200,147,320.6717402373339,-0.14285715,0.0,2
10,200,148,249.72761030867684,0.65465367,0.0,1
10,200,149,132.91169243506116,0.0,0.0,1
10,200,150,255.4835940541086,0.75592893,0.0,1
10,200,151,178.56760656207635,0.0,0.0,1
10,200,152,312.33360081386115,0.0,0.0,2
10,200,153,186.21140887898432,0.0,0.0,1
10,200,154,237.9076141716604,0.0,0.0,1
10,200,155,151.21463104436995,0.0,0.0,1
10,200,156,208.590499844777,0.0,0.0,1
10,200,157,208.4612809101192,0.0,0.0,1
10,200,158,262.69305944230996,-0.20365328,0.0,1
10,200,159,258.9924619833343,-0.14285715,0.0,1
10,200,160,275.252464371021,0.0,0.0,1
10,200,161,227.37335618219234,0.0,0.0,1
10,200,162,242.61551956572595,0.0,0.0,1
10,200,163,352.3824039165322,0.0,0.0,2
10,200,164,96.9275346215284,0.0,0.0,0
10,200,165,238.1250391917318,0.0,0.0,1
10,200,167,253.4472412173558,0.0,0.0,1
10,200,168,134.52466713049444,-0.14285715,0.0,1
10,200,169,285.33472650195733,0.0,0.0,1
10,200,170,207.35715554370148,0.0,0.0,1
10,200,171,253.92819441184042,0.48795003,0.0,1
10,200,172,72.1330139931279,0.0,0.0,0
10,200,173,268.3833204576532,0.0,0.0,1
10,200,174,207.48926339009347,-0.032530002,0.0,1
10,200,175,92.31058438119157,0.0,0.0,0
10,200,176,87.40235389933568,0.0,0.0,0
10,200,177,153.99405745775954,-0.14285715,0.0,1
10,200,178,258.71872313003735,0.0,0.0,1
10,200,179,271.5117293936759,0.0,0.0,1
10,200,180,159.0055507256396,0.0,0.0,1
10,200,181,272.40822007262403,0.0,0.0,1
10,200,182,112.57492143321107,0.0,0.0,1
10,200,183,211.52721284025344,0.0,0.0,1
10,200,184,197.22532753282943,0.0,0.0,1
10,200,185,266.3582143272085,-0.14285715,0.0,1
10,200,186,313.36616576589694,0.0,0.0,2
10,200,187,70.79033899537109,0.0,0.0,0
10,200,188,340.8657077891085,-0.14285715,0.0,2
10,200,189,148.76474149707016,0.0,0.0,1
10,200,190,144.6609712109748,-0.14285715,0.0,1
10,200,191,278.88328055616046,0.0,0.0,1
10,200,192,204.00561099928657,-0.14285715,0.0,1
10,200,193,35.83303865835658,0.0,0.0,0
10,200,194,295.68495559294126,0.0,0.0,1
10,200,195,209.3362573139253,-0.14285715,-0.03125,1
10,200,196,156.34380698670435,0.0,0.0,1
10,200,197,199.34962471111137,-0.14285715,0.0,1
10,200,198,213.29526479296635,0.0,0.0,1
10,200,199,200.30575062062422,0.0,0.0,1
10,200,201,203.92169195223315,0.0,0.0,1
10,200,202,207.96189883501128,-0.14285715,0.0,1
10,200,203,377.711579875417,0.0,0.0,2
10,200,204,362.69905393797234,0.0,0.0,2
10,200,205,146.38834770282264,-0.21262163,0.0,1
10,200,206,170.32596404948757,0.0,0.0,1
10,200,207,58.08459636590753,0.0,0.0,0
10,200,208,355.9333479705733,-0.14285715,0.0,2
10,200,209,210.67223025826152,0.0,0.0,1
10,200,210,227.72297031864684,1.0,0.0,1
10,200,211,156.61244117787376,0.0,0.0,1
10,200,212,343.7674497060358,-0.14285715,0.0,2
10,200,213,269.0038360672928,0.0,0.0,1
10,200,214,94.5528628100089,0.0,0.0,0
10,200,215,257.57072970909684,-0.2178551,0.03125,1
10,200,216,185.83898254352962,0.0,0.0,1
10,200,217,186.1267218720734,-0.26726124,0.0,1
10,200,218,193.83793954337625,0.0,0.0,1
10,200,219,164.11027530388841,0.0,0.0,1
10,200,220,268.1121216853468,0.0,0.0,1
10,200,221,230.27935369692332,0.0,0.0,1
10,200,222,240.71394302207597,0.0,0.0,1
10,200,223,168.52374010523874,0.0,0.0,1
10,200,224,290.4734221464696,0.0,0.0,1
10,200,225,326.33236115142205,-0.14285715,0.0,2
10,200,226,200.63221877779202,0.0,0.0,1
10,200,227,367.83446729962384,-0.22059132,-0.03125,2
10,200,228,145.86685723549232,0.0,0.0,1
10,200,229,194.7962076814155,0.0,0.0,1
10,200,230,277.7447972747889,0.60481477,0.03125,1
10,200,231,229.55227132604915,-0.14285715,0.0,1
10,200,232,306.452328462697,-0.14285715,0.0,2
10,200,233,268.0448443591182,0.0,0.0,1
10,200,234,216.6931803741194,0.65465367,0.0,1
10,200,235,252.25243110392972,0.0,0.0,1
10,200,236,83.17828369353285,-0.29277,0.0,0
10,200,238,72.34688439493341,-0.14285715,0.0,0
10,200,239,342.1624231050117,0.0,0.0,2
10,200,240,242.73096831721637,0.0,0.0,1
10,200,241,101.4658769686972,0.0,0.0,1
10,200,242,47.4031403268205,0.0,0.0,0
10,200,243,52.070287375505146,0.0,0.0,0
10,200,244,273.8886108032135,0.0,0.0,1
10,200,245,146.2313265680934,0.0,0.0,1
10,200,246,319.5895535122163,-0.14285715,0.0,2
10,200,247,120.43670064109585,-0.14285715,-0.03125,1
10,200,248,179.72394908056788,-0.14285715,0.0,1
10,200,249,159.16624208249746,0.0,0.0,1
10,200,250,216.5257997841136,-0.0805823,0.0,1
10,200,251,99.02018696416431,0.0,0.0,0
10,200,252,209.43729962768873,-0.14285715,0.0,1
10,200,253,189.01623991642614,-0.14285715,0.0,1
10,200,254,213.6230451696737,0.0,0.0,1
10,200,255,168.85840277532654,0.0,0.0,1
10,200,256,131.24234936800332,-0.14285715,0.0,1
10,200,257,336.55193562127124,-0.14285715,0.0,2
10,200,258,210.07563573133507,0.0,0.0,1
10,200,259,186.8293000876247,0.0,0.0,1
10,200,260,107.50599324214873,0.65465367,0.0,1
10,200,261,250.5228722246301,0.0,0.03125,1
10,200,262,396.1493960260223,0.3394221,0.0,2
10,200,263,153.8217058910297,0.0,0.0,1
10,200,264,267.3017706564884,-0.14285715,0.0,1
10,200,265,166.2749410725706,-0.21530819,0.0,1
10,200,266,245.63423329198775,0.4677676,0.0,1
10,200,267,273.0420838477081,-0.14285715,0.0,1
10,200,268,230.24388386563336,0.0,0.0,1
10,200,269,162.24601451489107,0.0,0.0,1
10,200,270,211.76738636495398,-0.179374,0.0,1
10,200,271,275.26430806301846,0.5586292,0.03125,1
10,200,272,226.81924473171813,0.0,0.0,1
10,200,273,164.2225812460268,0.0,0.0,1
10,200,274,256.4692780767722,0.0,0.0,1
10,200,275,151.1750111275059,0.0,0.0,1
10,200,276,109.05265254400754,-0.14285715,0.0,1
10,200,277,272.38643778904975,0.0,0.0,1
10,200,278,251.14151984944363,0.0,0.0,1
10,200,279,203.11743692615883,0.0,0.0,1
10,200,280,84.82110162765335,0.0,0.0,0
10,200,281,154.74823820000722,-0.14285715,0.0,1
10,200,282,346.41877353565934,0.0,0.0,2
10,200,283,208.80572403786385,-0.14285715,0.0,1
10,200,284,167.8003169027468,-0.14285715,0.0,1
10,200,285,99.75856662367812,0.26726124,0.0,0
10,200,286,209.68629958472587,0.0,0.0,1
10,200,287,273.50276131684967,-0.14285715,0.0,1
10,200,288,344.87922869409823,0.0,0.0,2
10,200,289,130.18289720566233,0.0,0.0,1
10,200,290,59.26684979951443,0.0,0.0,0
10,200,291,175.163406955928,0.0,0.0,1
10,200,292,106.36335996654913,0.0,0.0,1
10,200,293,263.17909531378626,0.0,0.0,1
10,200,294,235.24255432607487,0.0,0.0,1
10,200,295,264.57631733070707,-0.14285715,0.0,1
10,200,296,94.08920679596015,0.0,0.0,0
10,200,297,143.21808496996456,-0.14285715,0.0,1
10,200,298,205.6468022315745,-0.14285715,0.0,1
10,200,299,274.03142027473365,0.0,0.0,1
10,200,300,278.7328001118054,1.0,0.0,1
10,200,301,169.74903491661306,-0.14285715,0.0,1
10,200,302,225.4066672126946,0.0,0.0,1
10,200,303,211.95632074852537,0.0,0.0,1
10,200,304,196.8132503935078,-0.14285715,0.0,1
10,200,305,117.50076786595373,0.0,0.0,1
10,200,306,252.75782244603084,0.0,0.0,1
10,200,307,284.81991917507577,0.0,0.0,1
10,200,308,288.6294472228163,0.0,0.0,1
10,200,309,220.988050805856,0.0,0.0,1
10,200,310,343.3482368016907,0.65465367,0.0,2
10,200,311,216.57458637419438,1.0,0.0,1
10,200,312,222.11784627485113,0.0,0.0,1
10,200,313,151.7905006581587,-0.14285715,0.0,1
10,200,314,110.79351083730602,0.0,0.0,1
10,200,315,71.5424578739153,0.0,0.0,0
10,200,316,238.7011181161537,-0.14285715,0.0,1
10,200,317,145.76622022784724,0.0,0.0,1
10,200,318,255.03474893823747,-0.24243504,0.0,1
10,200,319,206.9904659039977,-0.14285715,0.0,1
11,238,0,264.67428582224414,0.0,0.0,1
11,238,1,312.0922478523522,0.0,0.0,2
11,238,2,293.6779382327512,0.0,0.0,1
11,238,3,214.46980471508897,-0.14285715,0.0,1
11,238,4,46.37992956414845,-0.14285715,0.0,0
11,238,5,119.58846458896053,-0.21821788,0.0,1
11,238,6,263.20724836712867,0.0,0.0,1
11,238,7,105.27102262311128,0.0,0.0,1
11,238,8,102.35530685338703,0.0,0.0,1
11,238,9,191.21908290174486,-0.14285715,0.0,1
11,238,10,127.45729530593724,0.0,0.0,1
11,238,11,294.4430466418721,-0.14285715,0.0,1
11,238,12,181.09919578170675,0.0,0.0,1
11,238,13,163.49793407340195,0.0,0.0,1
11,238,14,157.80151129983992,-0.14285715,0.0,1
11,238,15,286.62439126027465,-0.22959456,-0.0625,1
11,238,16,131.83521679420952,0.0,0.0,1
11,238,17,69.04029345438877,-0.14285715,0.0,0
11,238,18,96.89082788309123,0.0,0.0,0
11,238,19,222.84228148867385,0.0,0.0,1
11,238,20,372.93518612768844,-0.18898225,0.0,2
11,238,21,128.32005015685476,0.0,0.0,1
11,238,22,94.68362586389262,-0.14285715,0.0,0
11,238,23,278.03641845798035,-0.21821788,0.0,1
11,238,24,91.96673736427161,-0.14285715,0.0,0
11,238,25,127.20194034825955,0.0,0.0,1
11,238,26,151.46745091724466,-0.14285715,0.0,1
11,238,27,118.58596890281494,0.0,0.0,1
11,238,28,323.32476644503186,-0.14285715,0.0,2
11,238,29,48.39771797990341,0.0,0.0,0
11,238,30,283.9726105248967,0.0,0.0,1
11,238,31,198.44777516043047,0.0,0.0,1
11,238,32,216.32506105906887,0.0,0.0,1
11,238,34,267.98055850497855,-0.14285715,0.0,1
11,238,35,172.13573030673552,-0.14285715,0.0,1
11,238,36,49.12216961536873,0.0,0.0,0
11,238,37,158.7831786633295,-0.14285715,0.0,1
11,238,38,240.85218358551788,0.0,0.0,1
11,238,39,199.20010523219372,0.0,0.0,1
11,238,40,241.02705369256552,0.0,0.0,1
11,238,41,246.17334388892087,0.0,0.0,1
11,238,42,252.35691311997903,0.0,0.0,1
11,238,43,170.6719559759233,0.0,0.0,1
11,238,44,128.16299682583667,0.0,0.0,1
11,238,45,83.9715053723886,0.0,0.0,0
11,238,46,113.43840903319936,0.0,0.0,1
11,238,47,56.22407068337591,0.0,0.0,0
11,238,48,379.2788312125608,-0.21821788,0.0,2
11,238,49,286.3800573444718,0.8824975,0.0,1
11,238,50,80.64513632137033,0.0,0.0,0
11,238,51,97.16614496575095,0.0,0.0,0
11,238,52,160.95819012995656,0.0,0.0,1
11,238,53,356.4115565197642,-0.14285715,0.0,2
11,238,54,284.81418391540404,-0.20365328,0.0,1
11,238,55,247.7161016720663,0.0,0.03125,1
11,238,56,222.00679146901078,0.0,0.0,1
11,238,57,273.3616091302966,0.0,0.0,1
11,238,58,130.32344523426127,0.0,0.0,1
11,238,59,165.098295495746,-0.14285715,0.0,1
11,238,60,194.36084342904846,-0.20365328,0.03125,1
11,238,61,139.48484783142584,0.0,0.0,1
11,238,62,253.4449908263875,-0.14285715,0.0,1
11,238,63,308.66035860875644,0.0,0.0,2
11,238,64,189.55024995456677,0.0,0.0,1
11,238,65,163.68710810719963,0.0,0.0,1
11,238,66,176.41711377644287,0.0,0.0,1
11,238,67,347.90289583544927,0.0,0.0,2
11,238,68,195.378080387148,0.0,0.0,1
11,238,69,350.8190153065099,0.0,0.0,2
11,238,70,188.44234729944102,0.0,0.0,1
11,238,71,120.93652774980532,0.0,0.0,1
11,238,72,97.35947160866682,0.0,0.0,0
11,238,73,87.79556878161338,0.0,0.0,0
11,238,74,176.86585866797532,0.0,0.0,1
11,238,75,305.9761237735423,0.0,0.0,2
11,238,76,394.6775465745764,-0.2182179,0.0,2
11,238,77,232.80276775853972,0.0,0.0,1
11,238,78,400.4235779337282,-0.14285715,0.0,2
11,238,79,281.25137985213354,0.3394221,0.0,1
11,238,80,298.16200631651446,-0.14285715,0.0,1
11,238,81,104.9758985956211,-0.14285715,0.0,1
11,238,82,115.55152354749157,0.0,0.0,1
11,238,83,207.7360754688626,-0.14285715,0.0,1
11,238,84,308.9993168013775,0.0,0.0,2
11,238,85,174.90561741773965,0.0,0.0,1
11,238,86,311.7323441344012,-0.14285715,-0.03125,2
11,238,87,279.3484143442671,0.0,0.0,1
11,238,88,298.6414805935703,0.0,0.0,1
11,238,89,269.3832794967627,-0.14285715,0.0,1
11,238,90,118.67786045773391,0.0,0.0,1
11,238,91,276.8492143147457,-0.14285715,0.0,1
11,238,92,249.93924530193257,0.0,0.0,1
11,238,93,258.4797108978344,-0.14285715,0.0,1
11,238,94,96.04666998467924,0.0,0.0,0
11,238,95,376.6266914449918,-0.21736214,0.0,2
11,238,96,117.40477983947193,-0.21821788,0.0,1
11,238,97,217.34147826110075,0.0,0.0,1
11,238,98,348.20229258664966,-0.14285715,0.0,2
11,238,99,291.49837997202246,-0.20365328,0.0,1
11,238,100,165.96863651039368,-0.14285715,0.0,1
11,238,101,122.80787357350486,0.0,0.0,1
11,238,102,165.39340176033042,0.0,0.0,1
11,238,103,234.58716613481508,-0.14285715,0.0,1
11,238,104,133.3748096557443,0.0,0.0,1
11,238,105,247.37208088718583,0.0,0.0,1
11,238,106,115.38375893647066,0.0,0.0,1
11,238,107,116.44949449770039,-0.14285715,0.0,1
11,238,108,194.47766679981606,0.0,0.0,1
11,238,109,246.84621964842103,-0.21821788,0.0,1
11,238,110,27.781784320885546,0.0,0.0,0
11,238,111,31.729929840716437,0.0,0.0,0
11,238,112,216.71321547228067,0.107624404,-0.03125,1
11,238,113,296.25474162997574,-0.14285715,0.0,1
11,238,114,172.9890820768158,0.0,0.0,1
11,238,115,55.31068822401344,0.0,0.0,0
11,238,116,204.3007756122114,-0.14285715,0.0,1
11,238,117,225.7437469057319,0.0,0.0,1
11,238,118,175.55073844707297,0.0,0.0,1
11,238,119,250.03862869175478,0.5712418,-0.0625,1
11,238,120,265.85943799154836,0.0,0.0,1
11,238,121,186.02397304393992,0.22118698,0.0,1
11,238,122,80.6069415505327,0.0,0.0,0
11,238,123,165.6682483074611,0.0,0.0,1
11,238,124,55.315594777777456,0.0,0.0,0
11,238,126,113.96497725793712,0.0,0.0,1
11,238,127,197.16360840619117,0.0,0.0,1
11,238,128,274.0570412514079,0.0,0.03125,1
11,238,129,215.7767936442357,1.0,0.0,1
11,238,130,296.25649572266803,-0.14285715,0.0,1
11,238,131,165.91288319644673,0.024049304,0.03125,1
11,238,132,198.0178791541911,0.0,0.0,1
11,238,133,134.41541258941677,0.0,0.0,1
11,238,134,149.49348579645672,0.0,0.0,1
11,238,135,229.76153107674315,-0.18898225,0.0,1
11,238,136,169.4028092153884,0.0,0.0,1
11,238,137,267.7716695740828,0.0,0.0,1
11,238,138,212.17032037473228,0.19480266,0.03125,1
11,238,139,306.77086578379624,-0.19557956,0.0,2
11,238,141,254.0583555234243,-0.14285715,0.0,1
11,238,142,163.56132591188253,0.0,0.0,1
11,238,143,258.6970600206764,-0.14285715,0.0,1
11,238,144,321.3160307491691,-0.14285715,0.0,2
11,238,145,343.1780530272441,0.0,0.0,2
11,238,146,116.76175996392554,0.0,0.0,1
11,238,147,278.34150663681254,-0.14285715,0.0,1
11,238,148,217.85966259682053,-0.21821788,0.0,1
11,238,149,170.3628103957299,0.0,0.0,1
11,238,150,324.6389334939206,-0.2519763,0.0,2
11,238,151,199.0144874915817,0.0,0.0,1
11,238,152,256.0921318446588,0.0,0.0,1
11,238,153,245.11532077736211,0.0,0.0,1
11,238,154,269.60224310749226,0.0,0.0,1
11,238,155,79.30970133874257,0.0,0.0,0
11,238,156,158.88420594157034,0.0,0.0,1
11,238,157,246.52277059159428,0.0,0.0,1
11,238,158,275.6208262747177,0.8824975,0.0,1
11,238,159,261.7508621077613,-0.14285715,0.0,1
11,238,160,231.84559130365778,0.0,0.0,1
11,238,161,198.50885216729708,0.0,0.0,1
11,238,162,243.8179170434121,0.0,-0.03125,1
11,238,163,289.52991020660795,0.0,0.0,1
11,238,164,129.57932165002913,0.0,0.0,1
11,238,165,308.0968667773092,0.0,0.0,2
11,238,166,59.82176487190794,-0.14285715,0.0,0
11,238,167,252.5006965190676,0.0,0.0,1
11,238,168,202.34286654539522,-0.14285715,0.0,1
11,238,169,290.38219201297767,0.0,0.0,1
11,238,170,204.90492137035469,0.0,0.0,1
11,238,171,298.4024412063832,-0.29277,0.0,1
11,238,172,130.7079526417776,0.0,0.0,1
11,238,173,256.437667872985,0.0,0.0,1
11,238,174,279.83331738937676,-0.29277003,-0.03125,1
11,238,175,127.35691138051537,0.0,0.0,1
11,238,176,153.90859451605766,0.0,0.0,1
11,238,177,177.2982704611645,-0.14285715,0.0,1
11,238,178,235.7510386814207,0.0,0.0,1
11,238,179,302.15624469719086,0.0,0.0,2
11,238,180,140.89466602097374,0.0,0.0,1
11,238,181,256.9929028605114,0.0,0.0,1
11,238,182,156.66590649295225,0.0,0.0,1
11,238,183,227.03291761554846,0.0,0.0,1
11,238,184,127.43745649252796,0.0,0.0,1
11,238,185,195.37772215369722,-0.14285715,0.0,1
11,238,186,284.51603422251264,0.0,0.0,1
11,238,187,143.06822454069837,0.0,0.0,1
11,238,188,312.45487566049223,-0.14285715,0.0,2
11,238,189,84.46761338639608,0.0,0.0,0
11,238,190,200.84544810440033,-0.14285715,0.0,1
11,238,191,283.34425844956866,0.0,0.0,1
11,238,192,174.04452243470573,-0.14285715,0.0,1
11,238,193,93.14660857802565,0.0,0.0,0
11,238,194,224.77441533407423,0.0,0.0,1
11,238,195,279.9971029579199,-0.14285715,0.0,1
11,238,196,228.30196077770862,0.0,0.0,1
11,238,197,255.19707874232913,-0.14285715,0.0,1
11,238,198,158.06103847395843,0.0,0.0,1
11,238,199,236.56985689267069,0.0,0.0,1
11,238,200,72.34688439493341,-0.14285715,0.0,0
11,238,201,159.06808854895417,0.0,0.0,1
11,238,202,169.57736683037837,-0.14285715,0.0,1
11,238,203,306.6597659248984,0.0,0.0,2
11,238,204,291.47883447364023,0.0,0.0,1
11,238,205,158.54672356337832,-0.21262163,0.03125,1
11,238,206,145.46710498872164,0.0,0.0,1
11,238,207,44.95818273982942,0.0,0.0,0
11,238,208,291.07120713705723,-0.14285715,0.0,1
11,238,209,190.95735573695472,0.0,0.0,1
11,238,210,290.5312650891325,-0.14285715,0.0,1
11,238,211,206.5650170945333,0.0,0.0,1
11,238,212,290.6184003077687,1.0,0.0,1
11,238,213,212.20928419200098,0.0,0.0,1
11,238,214,89.27875191318373,0.0,0.0,0
11,238,215,328.31337673206906,-0.2178551,-0.0625,2
11,238,216,113.54027173768765,0.0,0.0,1
11,238,217,240.80951408130687,0.8017837,0.0,1
11,238,218,181.88161942671513,0.0,0.0,1
11,238,219,97.71351042883356,0.0,0.0,0
11,238,220,225.53762145450972,0.0,0.0,1
11,238,221,159.06824016323864,0.0,0.0,1
11,238,222,274.4154872242262,0.0,0.0,1
11,238,223,172.60592297052162,0.0,0.0,1
11,238,224,266.84217610611563,0.0,0.0,1
11,238,225,314.69554462847475,-0.14285715,0.0,2
11,238,226,130.1521508663197,0.0,0.0,1
11,238,227,296.28412446603596,-0.22059132,0.03125,1
11,238,228,139.6074671346444,0.0,0.0,1
11,238,229,262.3284347150077,0.0,0.0,1
11,238,230,263.7410359149252,-0.23262106,0.0,1
11,238,231,299.97479938080204,-0.14285715,0.0,1
11,238,232,234.23965290177122,-0.14285715,0.0,1
11,238,233,277.26403502515205,0.0,0.0,1
11,238,234,264.0016262253132,-0.21821788,0.0,1
11,238,235,180.1508376769489,0.0,0.0,1
11,238,236,134.50779605453334,0.48795003,0.0,1
11,238,237,88.74923626398488,0.0,0.0,0
11,238,239,289.3915487315822,0.0,0.0,1
11,238,240,272.1772271794644,0.0,0.0,1
11,238,241,42.21730189835848,0.0,0.0,0
11,238,242,31.909156264746226,0.0,0.0,0
11,238,243,76.3110940590733,0.0,0.0,0
11,238,244,287.6499625329902,0.0,0.0,1
11,238,245,171.35153717656948,0.0,0.0,1
11,238,246,327.4575936923649,-0.14285715,0.0,2
11,238,247,146.52284228906254,-0.14285715,0.0,1
11,238,248,238.6149494839008,1.0,0.0,1
11,238,249,98.24473360144496,0.0,0.0,0
11,238,250,154.12290719102313,-0.24174689,0.0,1
11,238,251,158.3295050117424,0.0,0.0,1
11,238,252,251.79968562001477,-0.14285715,0.0,1
11,238,253,135.0653820202758,-0.14285715,0.0,1
11,238,254,141.78014664949495,0.0,0.0,1
11,238,255,101.14489659268749,0.0,0.0,1
11,238,256,140.9270431720799,-0.14285715,0.0,1
11,238,257,339.9546690579485,-0.14285715,0.0,2
11,238,258,176.40253404178569,0.0,0.0,1
11,238,259,149.31266678336416,0.0,0.0,1
11,238,260,168.00509357001502,-0.21821788,0.0,1
11,238,261,292.501755161915,-0.31524417,0.0,1
11,238,262,388.3147066374403,-0.20365328,-0.03125,2
11,238,263,130.4211810561453,0.0,0.0,1
11,238,264,202.9738177544677,-0.14285715,0.0,1
11,238,265,238.29296333805078,-0.21530819,0.0,1
11,238,266,235.27840125450564,-0.21262163,0.0,1
11,238,267,272.12427597099645,-0.14285715,0.0,1
11,238,268,167.16493415925348,0.0,0.0,1
11,238,269,174.64145012586727,0.0,0.0,1
11,238,270,269.74551673875294,-0.179374,0.0,1
11,238,271,346.7100029438436,-0.3351775,-0.03125,2
11,238,272,205.65658917336773,0.0,0.0,1
11,238,273,218.46694417890276,0.0,0.0,1
11,238,274,184.191072097029,0.0,0.0,1
11,238,275,219.6921447271893,0.0,0.0,1
11,238,276,37.514006816599995,-0.14285715,-0.03125,0
11,238,277,223.03949216746534,0.0,0.0,1
11,238,278,216.4390328084107,0.0,0.0,1
11,238,279,275.13880915508463,0.0,0.0,1
11,238,280,104.79659480180374,0.0,0.0,1
11,238,281,125.58224594092418,1.0,0.0,1
11,238,282,294.5194647142452,0.0,0.0,1
11,238,283,273.33637208525136,-0.14285715,0.0,1
11,238,284,238.378124366109,-0.14285715,0.0,1
11,238,285,170.74912005690737,-0.26726124,0.0,1
11,238,286,193.66659368053885,0.0,0.0,1
11,238,287,276.2254353917678,-0.14285715,0.0,1
11,238,288,301.56655428096275,0.0,0.0,2
11,238,289,198.31444169610336,0.0,0.0,1
11,238,290,74.20264405609977,0.0,0.0,0
11,238,291,236.6629224417896,0.0,0.0,1
11,238,292,171.10671505569397,0.0,0.0,1
11,238,293,273.1397999824362,0.0,0.0,1
11,238,294,232.605936914374,0.0,0.0,1
11,238,295,197.99650631258191,1.0,0.0,1
11,238,296,99.05598160130435,0.0,0.0,0
11,238,297,72.92458627652385,-0.14285715,0.0,0
11,238,298,185.34345386342775,-0.14285715,-0.03125,1
11,238,299,221.64682070179805,0.0,0.0,1
11,238,300,229.23713282368237,-0.14285715,0.0,1
11,238,301,241.94876695627744,-0.14285715,0.0,1
11,238,302,153.1070708311917,0.0,0.0,1
11,238,303,234.7580665983005,0.0,0.0,1
11,238,304,243.9568019929079,1.0,0.0,1
11,238,305,108.52193765158903,0.0,0.0,1
11,238,306,260.83327036468745,0.0,0.0,1
11,238,307,313.467607182359,0.0,0.0,2
11,238,308,311.5962570960758,0.0,0.0,2
11,238,309,187.98402226807238,0.0,0.0,1
11,238,310,355.0127899318689,-0.21821788,0.0,2
11,238,311,278.2671877722336,-0.14285715,0.0,1
11,238,312,255.2771251416128,0.0,0.0,1
11,238,313,211.19838756693395,-0.14285715,0.0,1
11,238,314,40.97896468666355,0.0,0.0,0
11,238,315,132.97042943816928,0.0,0.0,1
11,238,316,193.6789461057465,1.0,0.0,1
11,238,317,174.871623268373,0.0,0.0,1
11,238,318,240.77973475166658,0.5733781,0.09375,1
11,238,319,279.3312137730077,-0.14285715,0.0,1
12,243,0,214.4507992722092,0.0,0.0,1
12,243,1,262.1853158957504,0.0,0.0,1
12,243,2,313.03008560177096,0.0,0.0,2
12,243,3,246.04549194264263,0.0,0.0,1
12,243,4,119.42997054308657,0.0,0.0,1
12,243,5,90.03185252080904,0.0,0.0,0
12,243,6,226.47431457202927,0.0,0.0,1
12,243,7,142.05523839871535,0.0,0.0,1
12,243,8,153.9412386566992,0.0,0.0,1
12,243,9,211.63074213033332,0.0,0.0,1
12,243,10,116.88907427203794,0.0,0.0,1
12,243,11,318.38338067137437,0.0,0.0,2
12,243,12,128.78469421882815,0.0,0.0,1
12,243,13,88.9717956528966,0.0,0.0,0
12,243,14,83.59064178169521,0.0,0.0,0
12,243,15,232.75440234622096,0.0,0.03125,1
12,243,16,207.9458913872108,0.0,0.0,1
12,243,17,128.54444802042332,0.0,0.0,1
12,243,18,140.14944449880747,0.0,0.0,1
12,243,19,222.46493035854868,0.0,0.0,1
12,243,20,319.2900474907217,0.0,0.0,2
12,243,21,203.1757074075161,0.0,0.0,1
12,243,22,157.16697137222678,0.0,0.0,1
12,243,23,207.15369722565416,0.0,0.0,1
12,243,24,163.47576501557427,0.0,0.0,1
12,243,25,120.58529916404086,0.0,0.0,1
12,243,26,167.60650523173064,0.0,0.0,1
12,243,27,125.53426709906108,0.0,0.0,1
12,243,28,259.66271467151273,0.0,0.0,1
12,243,29,108.31091517971856,0.0,0.0,1
12,243,30,217.53948742810468,0.0,0.0,1
12,243,31,177.28444367135302,0.0,0.0,1
12,243,32,206.050114361715,0.0,0.0,1
12,243,33,76.17009849776572,0.0,0.0,0
12,243,34,199.11111710402642,0.0,0.0,1
12,243,35,247.08562146268488,0.0,-0.03125,1
12,243,36,121.70888136693384,0.0,0.0,1
12,243,37,217.03427806249613,0.0,0.0,1
12,243,38,301.7807242310969,0.0,0.0,2
12,243,39,272.9604130557216,0.0,0.0,1
12,243,40,204.0808466412657,0.0,0.0,1
12,243,41,255.92195498532965,0.0,0.0,1
12,243,42,178.0091261415375,0.0,0.0,1
12,243,43,205.56448754697522,0.0,0.0,1
12,243,44,172.84773230107004,0.0,0.0,1
12,243,45,158.3610671606765,0.0,0.0,1
12,243,46,105.09987352958258,0.0,0.0,1
12,243,47,109.71156972546974,0.0,0.0,1
12,243,48,331.3722006077695,0.0,0.0,2
12,243,49,224.00315296990334,0.0,0.0,1
12,243,50,149.5579850472895,0.0,0.0,1
12,243,51,77.76206451020198,0.0,0.0,0
12,243,52,232.9580982938306,0.0,0.0,1
12,243,53,298.4893983221408,0.0,0.0,1
12,243,54,319.1581366930647,0.0,0.03125,2
12,243,55,310.74961151720214,0.0,0.0,2
12,243,56,167.03004080224636,0.0,0.0,1
12,243,57,200.90919744399903,0.0,0.0,1
12,243,58,54.97098246961997,0.0,0.0,0
12,243,59,89.81321126001163,0.0,0.0,0
12,243,60,268.92086474952936,0.0,0.0,1
12,243,61,191.12382690197128,0.0,0.0,1
12,243,62,276.6822378427429,0.0,0.0,1
12,243,63,335.86391716078793,0.0,0.0,2
12,243,64,251.56243474337086,0.0,0.0,1
12,243,65,166.8302576939594,0.0,0.0,1
12,243,66,243.80351088408116,0.0,0.0,1
12,243,67,301.94270904453697,0.0,0.0,2
12,243,68,193.41906745234434,0.0,0.0,1
12,243,69,304.1405936573259,0.0,0.0,2
12,243,70,258.2029383030599,0.0,0.0,1
12,243,71,147.06449959759036,0.0,0.0,1
12,243,72,172.66532864299157,0.0,0.0,1
12,243,73,57.59661180501909,0.0,0.0,0
12,243,74,163.68451534152192,0.0,0.0,1
12,243,75,302.4248108568172,0.0,0.0,2
12,243,76,343.4576334192919,0.0,0.0,2
12,243,77,185.22585895919684,0.0,0.0,1
12,243,78,346.82259945962903,0.0,0.0,2
12,243,79,214.5815966921478,0.0,0.0,1
12,243,80,326.14034114925306,0.0,0.0,2
12,243,81,148.37541168192578,0.0,0.0,1
12,243,82,85.14273873716805,0.0,0.0,0
12,243,83,136.0450414812592,0.0,0.0,1
12,243,84,234.88218630399996,0.0,0.0,1
12,243,85,218.23790851548043,0.0,0.0,1
12,243,86,257.4408809769595,0.0,0.0,1
12,243,87,205.524270133565,0.0,0.0,1
12,243,88,302.35506354518725,0.0,0.0,2
12,243,89,195.60479577321962,0.0,0.0,1
12,243,90,158.18245947257753,0.0,0.0,1
12,243,91,203.41471677931102,0.0,0.0,1
12,243,92,192.76561943537132,0.0,0.0,1
12,243,93,274.32539817297095,0.0,0.0,1
12,243,95,321.6858484729911,0.0,0.0,2
12,243,96,160.04815738584512,0.0,0.0,1
12,243,97,142.65653992664215,0.0,0.0,1
12,243,98,303.1752851633823,0.0,0.0,2
12,243,99,234.496237919704,0.0,0.0,1
12,243,100,227.14931319259142,0.0,0.0,1
12,243,101,47.43846941918369,0.0,0.0,0
12,243,102,90.46194793869779,0.0,0.0,0
12,243,103,225.4270244909526,0.0,0.0,1
12,243,104,94.3486091021422,0.0,0.0,0
12,243,105,296.9247811680086,0.0,0.0,1
12,243,106,190.15700378650212,0.0,0.0,1
12,243,107,192.6266117600231,0.0,0.0,1
12,243,108,152.8056199336476,0.0,0.0,1
12,243,109,302.14432276845804,0.0,0.0,2
12,243,110,58.52530880998358,0.0,0.0,0
12,243,111,44.93126702514011,0.0,0.0,0
12,243,112,264.06011082384464,0.0,0.0,1
12,243,113,264.76750331277697,0.0,0.0,1
12,243,114,146.88908387412624,0.0,0.0,1
12,243,115,127.97510428752088,0.0,0.0,1
12,243,116,269.20318194058785,0.0,0.0,1
12,243,117,152.88409447183,0.0,0.0,1
12,243,118,251.07326598988448,0.0,0.0,1
12,243,119,305.6627512048636,0.0,0.03125,2
12,243,120,224.8536388324714,0.0,0.0,1
12,243,121,242.6900579711822,0.0,0.0,1
12,243,122,126.58742501951821,0.0,0.0,1
12,243,123,241.97687869033598,0.0,0.0,1
12,243,124,127.36175142577044,0.0,0.0,1
12,243,125,83.78489180833404,0.0,0.0,0
12,243,126,185.41195152219885,0.0,0.0,1
12,243,127,267.17171277114767,0.0,0.0,1
12,243,128,232.69138751012153,0.0,0.0,1
12,243,129,141.21838837719014,0.0,0.0,1
12,243,130,338.1249314318199,0.0,0.0,2
12,243,131,237.267585263089,0.0,0.0,1
12,243,132,184.0051238666365,0.0,0.0,1
12,243,133,161.10038864177966,0.0,0.0,1
12,243,134,182.39030902156617,0.0,0.0,1
12,243,135,282.2711242451423,0.0,0.0,1
12,243,136,157.57052436526328,0.0,0.0,1
12,243,137,209.53438981127928,0.0,0.0,1
12,243,138,263.413925134369,0.0,0.03125,1
12,243,139,299.25416605188866,0.0,0.0,1
12,243,140,90.05269303049327,0.0,0.0,0
12,243,141,180.67327479288866,0.0,0.0,1
12,243,142,105.32850035821633,0.0,0.0,1
12,243,143,186.7846195402761,0.0,0.0,1
12,243,144,256.40371885211204,0.0,0.0,1
12,243,145,305.31774531776335,0.0,0.0,2
12,243,146,190.02724459679507,0.0,0.0,1
12,243,147,274.3133572356577,0.0,0.0,1
12,243,148,285.85704924694585,0.0,0.0,1
12,243,149,184.9541631608019,0.0,0.0,1
12,243,150,258.0838471982599,0.0,0.0,1
12,243,151,229.9178592268373,0.0,0.0,1
12,243,152,273.86710979071495,0.0,0.0,1
12,243,153,170.70575190637882,0.0,0.0,1
12,243,154,197.35799465317743,0.0,0.0,1
12,243,155,141.24154079964612,0.0,0.0,1
12,243,156,168.45866919598072,0.0,0.0,1
12,243,157,171.84549360804013,0.0,0.0,1
12,243,158,214.11719334072552,0.0,0.0,1
12,243,159,208.01937853662108,0.0,0.0,1
12,243,160,229.97959348523912,0.0,0.0,1
12,243,161,264.7351100521512,0.0,0.0,1
12,243,162,191.31497776885521,0.0,0.0,1
12,243,163,319.1611107171619,0.0,0.0,2
12,243,164,54.541446782343606,0.0,0.0,0
12,243,165,243.36670891109222,0.0,0.0,1
12,243,166,35.502035560684554,0.0,0.0,0
12,243,167,201.92149048138367,0.0,0.0,1
12,243,168,173.50139263551065,0.0,0.0,1
12,243,169,234.92264300702715,0.0,0.0,1
12,243,170,155.48656547166735,0.0,0.0,1
12,243,171,222.55600541570226,0.0,0.0,1
12,243,172,121.73300816394904,0.0,0.0,1
12,243,173,216.32052178127677,0.0,0.0,1
12,243,174,228.17017738988656,0.0,0.0,1
12,243,175,51.637142186421414,0.0,0.0,0
12,243,176,89.52788170218068,0.0,0.0,0
12,243,177,107.87864053420398,0.0,0.0,1
12,243,178,207.62649647734912,0.0,0.0,1
12,243,179,230.59976106278114,0.0,0.0,1
12,243,180,199.77554289600357,0.0,0.0,1
12,243,181,315.9153915758881,0.0,0.0,2
12,243,182,164.32498882286626,0.0,0.0,1
12,243,183,163.28940813738788,0.0,0.0,1
12,243,184,200.30913265733687,0.0,0.0,1
12,243,185,265.25575505222054,0.0,0.0,1
12,243,186,262.9822865023415,0.0,0.0,1
12,243,187,96.7258799493706,0.0,0.0,0
12,243,188,290.2457133631925,0.0,0.0,1
12,243,189,125.15166901989029,0.0,0.0,1
12,243,190,126.00810902504986,0.0,0.0,1
12,243,191,228.32199248556134,0.0,0.0,1
12,243,192,240.51452208442143,0.0,0.0,1
12,243,193,87.68393025895804,0.0,0.0,0
12,243,194,276.57348339307237,0.0,0.0,1
12,243,195,217.46573515123248,0.0,0.0,1
12,243,196,172.48300605789382,0.0,0.0,1
12,243,197,179.67664183432885,0.0,0.0,1
12,243,198,233.96725848290862,0.0,0.0,1
12,243,199,162.35084154659222,0.0,0.0,1
12,243,200,52.070287375505146,0.0,0.0,0
12,243,201,161.21338332179454,0.0,0.0,1
12,243,202,240.11138634978457,0.0,0.0,1
12,243,203,357.84738642671863,0.0,0.0,2
12,243,204,343.57826222149396,0.0,0.0,2
12,243,205,196.01324732218853,0.0,0.0,1
12,243,206,208.54965838587233,0.0,0.0,1
12,243,207,33.835741270988116,0.0,0.0,0
12,243,208,324.9657894136681,0.0,0.0,2
12,243,209,159.48949706030984,0.0,0.0,1
12,243,210,217.67320673284453,0.0,0.0,1
12,243,211,130.3557483405345,0.0,0.0,1
12,243,212,302.7010937930582,0.0,0.0,2
12,243,213,231.83875224273513,0.0,0.0,1
12,243,214,44.418395402816216,0.0,0.0,0
12,243,215,265.16311025426603,0.0,0.0,1
12,243,216,179.8010261289281,0.0,0.0,1
12,243,217,165.11071846623454,0.0,0.0,1
12,243,218,141.9351503826659,0.0,0.0,1
12,243,219,173.35353234429869,0.0,0.0,1
12,243,220,222.5944279251358,0.0,0.0,1
12,243,221,213.74048623988384,0.0,0.0,1
12,243,222,201.4060015352346,0.0,0.0,1
12,243,223,117.06170602475297,0.0,0.0,1
12,243,224,239.29185143531953,0.0,0.0,1
12,243,225,274.26758205120404,0.0,0.0,1
12,243,226,183.13340510353572,0.0,0.0,1
12,243,227,349.91305444573663,0.0,0.0,2
12,243,228,190.55404963870743,0.0,0.0,1
12,243,229,194.33071121462615,0.0,0.0,1
12,243,230,321.8068599144422,0.0,0.0,2
12,243,231,236.4301606679797,0.0,0.0,1
12,243,232,298.7950094352761,0.0,0.0,1
12,243,233,218.47999551864976,0.0,0.0,1
12,243,234,187.75712667025525,0.0,0.0,1
12,243,235,246.40240400441263,0.0,0.0,1
12,243,236,134.3980995098731,0.0,0.0,1
12,243,237,49.53626188277018,0.0,0.0,0
12,243,238,76.3110940590733,0.0,0.0,0
12,243,239,300.87622655570914,0.0,0.0,2
12,243,240,200.93917160325648,0.0,0.0,1
12,243,241,117.38504851656197,0.0,0.0,1
12,243,242,72.34955853271755,0.0,0.0,0
12,243,244,225.6495355484308,0.0,0.0,1
12,243,245,100.80837927732622,0.0,0.0,1
12,243,246,269.97230028326715,0.0,0.0,1
12,243,247,171.87827799624458,0.0,0.0,1
12,243,248,164.2786586608146,0.0,0.0,1
12,243,249,174.53469157854377,0.0,0.0,1
12,243,250,230.2926442094978,0.0,0.0,1
12,243,251,86.50484136741284,0.0,0.0,0
12,243,252,176.14066268708262,0.0,0.0,1
12,243,253,152.70065711235466,0.0,0.0,1
12,243,254,210.13744711944972,0.0,0.0,1
12,243,255,176.16385936696733,0.0,0.0,1
12,243,256,180.00060606905578,0.0,0.0,1
12,243,257,286.03374418481974,0.0,0.0,1
12,243,258,162.3447262032482,0.0,0.0,1
12,243,259,141.33572259716914,0.0,0.0,1
12,243,260,154.49975438514275,0.0,0.0,1
12,243,261,217.10237278550142,0.0,0.0,1
12,243,262,344.2987881102457,0.0,0.0,2
12,243,263,104.72641456638344,0.0,0.0,1
12,243,264,237.36983897750153,0.0,0.0,1
12,243,265,182.5097698342316,0.0,0.0,1
12,243,266,290.6654786056698,0.0,0.0,1
12,243,267,221.5990516627193,0.0,0.0,1
12,243,268,243.19039942847562,0.0,0.0,1
12,243,269,112.35952311608757,0.0,0.0,1
12,243,270,194.75217765995717,0.0,0.0,1
12,243,271,285.60862533441036,0.0,0.03125,1
12,243,272,175.7007558298454,0.0,0.0,1
12,243,273,142.8427355353661,0.0,0.0,1
12,243,274,244.99871035923866,0.0,0.0,1
12,243,275,154.3397087537582,0.0,0.0,1
12,243,276,111.2053260002812,0.0,0.0,1
12,243,277,230.17825372190194,0.0,0.0,1
12,243,278,202.9322944543193,0.0,0.0,1
12,243,279,228.31423627643255,0.0,0.0,1
12,243,280,134.27362013861273,0.0,0.0,1
12,243,281,107.50229721730413,0.0,0.0,1
12,243,282,304.54183683912623,0.0,0.0,2
12,243,283,201.9640756466561,0.0,0.0,1
12,243,284,176.71840058902995,0.0,0.0,1
12,243,285,113.9516308829759,0.0,0.0,1
12,243,286,158.03580402166185,0.0,0.0,1
12,243,287,222.5981345400909,0.0,0.0,1
12,243,288,298.6778977682207,0.0,0.0,1
12,243,289,168.877758473446,0.0,0.0,1
12,243,291,163.701836026496,0.0,0.0,1
12,243,292,103.11382553375672,0.0,0.0,1
12,243,293,213.7719692625093,0.0,0.0,1
12,243,294,183.46937495725285,0.0,0.0,1
12,243,295,272.6513843680464,0.0,0.0,1
12,243,296,140.0853061764233,0.0,0.0,1
12,243,297,146.59159768324656,0.0,0.0,1
12,243,298,154.61477569592685,0.0,0.0,1
12,243,299,233.6274200103962,0.0,0.0,1
12,243,300,236.48253871262588,0.0,0.0,1
12,243,301,187.6157138814229,0.0,0.0,1
12,243,302,215.03482235612972,0.0,0.0,1
12,243,303,166.54967018450645,0.0,0.0,1
12,243,304,167.6906118574726,0.0,0.0,1
12,243,305,160.19098129339864,0.0,0.0,1
12,243,306,202.81015036219208,0.0,0.0,1
12,243,307,242.89909768517444,0.0,0.0,1
12,243,308,243.97033616766478,0.0,0.0,1
12,243,309,172.78172359212735,0.0,0.0,1
12,243,310,294.8552578900643,0.0,0.0,1
12,243,311,204.8603887659861,0.0,0.0,1
12,243,312,182.3224225709957,0.0,0.0,1
12,243,313,137.54792107017252,0.0,0.0,1
12,243,314,100.1468601628444,0.0,0.0,1
12,243,315,65.31791809100987,0.0,0.0,0
12,243,316,267.1217599133277,0.0,0.0,1
12,243,317,102.4783745142779,0.0,0.0,1
12,243,318,298.8089881723374,0.0,0.0625,1
12,243,319,226.52584671485369,0.0,0.0,1
13,264,0,257.37224480834936,0.0,0.0,1
13,264,1,287.8471463815541,0.0,0.0,1
13,264,2,100.06146758953305,0.0,0.0,1
13,264,4,173.42076257693174,-0.14285715,0.0,1
13,264,5,174.00954277106314,-0.21821788,0.0,1
13,264,6,217.87523206811926,0.0,0.0,1
13,264,7,98.79900965332322,0.0,0.0,0
13,264,8,104.18031214983445,0.0,0.0,1
13,264,9,386.80519976381424,-0.14285715,0.0,2
13,264,10,140.2640660274208,0.0,0.0,1
13,264,11,95.16601958536538,1.0,0.0,0
13,264,12,366.0020602045366,0.0,0.0,2
13,264,13,312.5198707533692,0.0,0.0,2
13,264,14,308.91521469167185,-0.14285715,0.0,2
13,264,15,469.9388650035806,-0.19427231,0.03125,2
13,264,16,194.67382099791087,0.0,0.0,1
13,264,17,251.59896741033714,-0.14285715,0.0,1
13,264,18,106.08316870045763,0.0,0.0,1
13,264,19,103.60203389751251,0.0,0.0,1
13,264,20,346.33865224649895,-0.18898225,0.0,2
13,264,21,174.1432830831297,0.0,0.0,1
13,264,22,262.4859868809523,-0.14285715,0.0,1
13,264,23,341.083261624126,-0.21821788,0.0,2
13,264,24,237.00353099289416,-0.14285715,0.0,1
13,264,25,329.8668873350287,0.0,0.0,2
13,264,26,351.13050742151285,-0.14285715,0.0,2
13,264,27,117.75436387787315,0.0,0.0,1
13,264,28,491.725555361681,1.0,0.0,2
13,264,29,155.8135598958809,0.0,0.0,1
13,264,30,325.51127991164276,0.0,0.0,2
13,264,31,400.03186495249423,0.0,0.0,2
13,264,32,128.26137046059338,0.0,0.0,1
13,264,33,198.62706778538006,-0.14285715,0.0,1
13,264,34,426.42965538520525,-0.14285715,0.0,2
13,264,35,255.622960402204,-0.14285715,0.0,1
13,264,36,217.89097865843087,0.0,0.0,1
13,264,37,315.53558873501674,-0.14285715,0.0,2
13,264,38,121.62502558475427,0.0,0.0,1
13,264,39,185.84698870824056,0.0,0.0,1
13,264,40,206.99614595621352,0.0,0.0,1
13,264,41,85.27215762878879,0.0,0.0,0
13,264,42,391.95991616455456,0.0,0.0,2
13,264,43,32.547625402761184,0.0,0.0,0
13,264,44,311.7806729909059,0.0,0.0,2
13,264,45,168.9773069979945,0.0,0.0,1
13,264,46,144.17183845788728,0.0,0.0,1
13,264,47,146.8802738472545,0.0,0.0,1
13,264,48,332.43006816960366,-0.21821788,0.03125,2
13,264,49,311.585485548456,0.3394221,0.0,2
13,264,50,146.9953329303812,0.0,0.0,1
13,264,51,295.77802401181225,0.0,0.0,1
13,264,52,155.81415002108125,0.0,0.0,1
13,264,53,348.25711816638545,1.0,0.0,2
13,264,54,82.54174861095113,-0.20365328,0.0,0
13,264,55,373.3697504529408,0.98974335,0.0,2
13,264,56,247.0953839985355,0.0,0.0,1
13,264,57,345.89668804365033,0.0,0.0,2
13,264,58,262.4040658706612,0.0,0.0,1
13,264,59,284.2262454126526,-0.14285715,0.0,1
13,264,60,273.54284556252253,-0.20365328,0.0,1
13,264,61,312.241295536946,0.0,0.0,2
13,264,62,59.25230577613145,-0.14285715,0.0,0
13,264,63,106.5621602984117,0.0,0.0,1
13,264,64,104.32021547735869,0.0,0.0,1
13,264,65,98.11523222225446,0.0,0.0,0
13,264,66,303.07219337443826,0.0,0.0,2
13,264,67,301.8006021141561,0.0,0.0,2
13,264,68,104.2729122007705,0.0,0.0,1
13,264,69,306.26021971662806,0.0,0.0,2
13,264,70,147.98725333730002,0.0,0.0,1
13,264,71,318.751856593194,0.0,0.0,2
13,264,72,175.92840767005904,0.0,0.0,1
13,264,73,281.2143197016959,0.0,0.0,1
13,264,74,132.1282788996837,0.0,0.0,1
13,264,75,156.5324973056833,0.0,0.0,1
13,264,76,355.737568666785,-0.2182179,0.0,2
13,264,77,231.89549667441224,0.0,0.0,1
13,264,78,368.5720661364704,-0.14285715,0.0,2
13,264,79,444.4799159311804,0.8824975,0.0,2
13,264,80,95.88579767171765,-0.14285715,0.0,0
13,264,81,98.05548725826175,-0.14285715,0.0,0
13,264,82,311.52931231227996,0.0,0.0,2
13,264,83,294.123424193539,-0.14285715,0.0,1
13,264,84,385.73680162485647,0.0,0.0,2
13,264,85,36.970660999287645,0.0,0.0,0
13,264,86,301.7432460794146,1.0,0.0,2
13,264,87,419.54341460183696,0.0,0.0,2
13,264,88,134.18907017543867,0.0,0.0,1
13,264,89,410.57399945265365,-0.14285715,0.0,2
13,264,90,84.35001771251868,0.0,0.0,0
13,264,91,419.1630325102006,-0.14285715,0.0,2
13,264,92,269.598585490702,0.0,0.0,1
13,264,93,77.9061879109088,1.0,0.0,0
13,264,94,244.6264980892127,0.0,0.0,1
13,264,95,353.7938437382479,-0.21736214,0.0,2
13,264,96,304.9469879073349,-0.21821788,0.0,2
13,264,97,358.61111842532176,0.0,0.0,2
13,264,98,299.1428021855752,-0.14285715,0.0,1
13,264,99,470.963193571184,-0.20365328,0.0,2
13,264,100,314.2749512320693,-0.14285715,0.0,2
13,264,101,258.06761822061713,0.0,0.0,1
13,264,102,282.1573270618551,0.0,0.0,1
13,264,103,130.72891053516304,-0.14285715,0.0,1
13,264,104,187.27941569290363,0.0,0.0,1
13,264,105,78.30887911773449,0.0,0.0,0
13,264,106,171.60064360663776,0.0,0.0,1
13,264,107,192.71764384350914,-0.14285715,0.0,1
13,264,108,200.81836216102337,0.0,0.0,1
13,264,109,99.86644618664171,-0.21821788,0.0,0
13,264,110,227.2672309594116,0.0,0.0,1
13,264,111,217.83389433028447,0.0,0.0,1
13,264,112,382.96347884003995,0.9686196,0.03125,2
13,264,113,223.08572997899623,-0.14285715,0.0,1
13,264,114,372.7878967176212,0.0,0.0,2
13,264,115,168.54093717935578,0.0,0.0,1
13,264,116,332.53120513462335,-0.14285715,0.0,2
13,264,117,312.34151084148124,0.0,0.0,2
13,264,118,250.07475715253193,0.0,0.0,1
13,264,119,395.69952772000903,0.7303937,0.0,2
13,264,120,231.3356165012539,0.0,0.0,1
13,264,121,340.1638169789558,0.92898536,0.03125,2
13,264,122,122.36687690084315,0.0,0.0,1
13,264,123,221.42483197955428,0.0,0.0,1
13,264,124,221.30178610500343,0.0,0.0,1
13,264,125,201.02577716258037,0.0,0.0,1
13,264,126,148.46182657190468,0.0,0.0,1
13,264,127,306.58483944880913,0.0,0.0,2
13,264,128,237.18930307974315,0.0,0.0,1
13,264,129,315.18311853538023,-0.14285715,0.0,2
13,264,130,102.23054846829132,-0.14285715,0.0,1
13,264,131,278.43401111410884,0.98602146,0.0,1
13,264,132,400.72369587616174,0.0,0.0,2
13,264,133,76.43648485712555,0.0,0.0,0
13,264,134,340.4127257581232,0.0,0.0,2
13,264,135,385.02239276274696,-0.18898225,0.0,2
13,264,136,129.82895444726984,0.0,0.0,1
13,264,137,284.3873686433329,0.0,0.0,1
13,264,138,372.4215758900912,0.9330022,0.03125,2
13,264,139,166.76069297060207,-0.19557956,0.0,1
13,264,140,202.6919592709351,-0.29277,0.0,1
13,264,141,336.48500889849055,-0.14285715,0.0,2
13,264,142,229.9811340835065,0.0,0.0,1
13,264,143,408.4766019147066,1.0,0.0,2
13,264,144,347.6235541649634,-0.14285715,0.0,2
13,264,145,273.9591574054412,0.0,0.0,1
13,264,146,159.4180569240147,0.0,0.0,1
13,264,147,138.9739546387692,-0.14285715,0.0,1
13,264,148,331.1353561592248,-0.21821788,0.0,2
13,264,149,369.6831861326825,0.0,0.0,2
13,264,150,486.82792599558616,-0.2519763,-0.0625,2
13,264,151,386.72783239461137,0.0,0.0,2
13,264,152,71.99030624591921,0.0,0.0,0
13,264,153,385.0464103598258,0.0,0.0,2
13,264,154,341.7991300366779,0.0,0.0,2
13,264,155,133.470981590051,0.0,0.0,1
13,264,156,86.40564364663481,0.0,0.0,0
13,264,157,339.4901288706589,0.0,0.0,2
13,264,158,300.8417624696548,0.3394221,0.0,2
13,264,159,266.2074178201524,-0.14285715,0.0,1
13,264,160,110.2912146605362,0.0,0.0,1
13,264,161,323.49605283576363,0.0,0.0,2
13,264,162,251.82969264065989,0.0,0.0,1
13,264,163,86.77923643227913,0.0,0.0,0
13,264,164,260.40267593884107,0.0,0.0,1
13,264,165,474.70561046314367,0.0,0.0,2
13,264,166,248.54534757563582,-0.14285715,0.0,1
13,264,167,251.16849960839028,0.0,0.0,1
13,264,168,401.7838584287603,-0.14285715,0.0,2
13,264,169,290.5139996842274,0.0,-0.03125,1
13,264,170,223.94541775739808,0.0,0.0,1
13,264,171,394.38650139049435,-0.29277,0.0,2
13,264,172,333.18475413906395,0.0,0.0,2
13,264,173,223.5579544154915,0.0,0.0,1
13,264,174,465.5349196024982,-0.29277003,0.0,2
13,264,175,262.74387956827985,0.0,0.0,1
13,264,176,325.7538824794352,0.0,0.0,2
13,264,177,266.5580443867919,-0.14285715,0.0,1
13,264,178,181.18890617689866,0.0,0.0,1
13,264,179,363.6089527944898,0.0,0.0,2
13,264,180,300.89140970919135,0.0,0.0,2
13,264,181,393.35101827603177,0.0,0.0,2
13,264,182,358.4443303608923,0.0,0.0,2
13,264,183,276.7378643955527,0.0,0.0,1
13,264,184,157.06308119940618,0.0,0.0,1
13,264,185,151.4302218901835,1.0,0.0,1
13,264,186,188.59807187434478,0.0,0.0,1
13,264,187,331.93790833634404,0.0,0.0,2
13,264,188,208.5402767070221,-0.14285715,0.0,1
13,264,189,119.147264175938,0.0,0.0,1
13,264,190,343.23499912472005,-0.14285715,0.0,2
13,264,191,284.28945337412233,0.0,0.0,1
13,264,192,304.692251943727,-0.14285715,0.0,2
13,264,193,294.920728008902,0.0,0.0,1
13,264,194,71.86299933441671,0.0,0.0,0
13,264,195,451.32807763419845,-0.14285715,0.0,2
13,264,196,409.657852462537,0.0,0.0,2
13,264,197,386.22778690302977,1.0,0.0,2
13,264,198,233.83890699109082,0.0,0.0,1
13,264,199,328.4804191533989,0.0,0.0,2
13,264,200,267.3017706564884,-0.14285715,0.0,1
13,264,201,102.110191874715,0.0,0.0,1
13,264,202,284.99693504590044,1.0,0.0,1
13,264,203,133.82076127782577,0.0,0.0,1
13,264,204,123.16084665743487,0.0,0.0,1
13,264,205,344.60298601394123,-0.21262163,0.0,2
13,264,206,294.61523113224894,0.0,0.0,1
13,264,207,211.7180164660779,0.0,0.0,1
13,264,208,88.63503527296596,1.0,0.0,0
13,264,209,175.6030844856223,0.0,0.0,1
13,264,210,434.5465673827485,-0.14285715,0.0,2
13,264,211,335.2044109983036,0.0,0.0,2
13,264,212,110.11547169243052,-0.14285715,0.0,1
13,264,213,45.73261972203858,0.0,0.0,0
13,264,214,203.57143820605737,0.0,0.0,1
13,264,215,497.6003927802531,-0.2178551,0.0,2
13,264,216,126.47879545786961,0.0,0.0,1
13,264,217,371.7542639824841,-0.26726124,0.0,2
13,264,218,193.3733525498191,0.0,0.0,1
13,264,219,179.81461280445504,0.0,0.0,1
13,264,220,111.22398153761635,0.0,0.0,1
13,264,221,74.62690737588794,0.0,0.0,0
13,264,222,350.02805600067893,0.0,0.0,2
13,264,223,226.807423342255,0.0,0.0,1
13,264,224,194.70096662516187,0.0,0.0,1
13,264,225,260.91725404434715,-0.14285715,0.0,1
13,264,226,84.7591938959615,0.0,0.0,0
13,264,227,132.4466479314844,-0.20537813,0.0,1
13,264,228,313.33206310096654,0.0,0.0,2
13,264,229,423.18747849162673,0.0,0.0,2
13,264,230,401.3957873462403,-0.23262106,0.0,2
13,264,231,469.0795215627007,1.0,0.0,2
13,264,232,136.86025833624672,-0.14285715,0.0,1
13,264,233,292.57909396485917,0.0,0.0,1
13,264,234,373.53387597725987,-0.21821788,0.0,2
13,264,235,124.01991029187587,0.0,0.0,1
13,264,236,337.4705148141479,0.48795003,0.0,2
13,264,237,277.89676921569225,0.0,0.0,1
13,264,238,202.9738177544677,-0.14285715,0.0,1
13,264,239,110.34172642153928,0.0,0.0,1
13,264,240,338.40154735401757,0.0,0.0,2
13,264,241,206.68406506219313,0.0,0.0,1
13,264,242,234.87004497336594,0.0,0.0,1
13,264,243,237.36983897750153,0.0,0.0,1
13,264,244,311.11883841316904,0.0,0.0,2
13,264,245,267.02674816811475,0.0,0.0,1
13,264,246,324.2640594708992,-0.14285715,0.0,2
13,264,247,342.49360094863107,-0.14285715,0.0,2
13,264,248,379.57567277386227,-0.14285715,0.0,2
13,264,249,200.11762571918823,0.0,0.0,1
13,264,250,204.30078225712705,-0.24174689,0.0,1
13,264,251,316.56985214687404,0.0,0.0,2
13,264,252,352.91233318770236,-0.14285715,0.0,2
13,264,253,88.24390547968932,1.0,0.0,0
13,264,254,130.94350335620376,0.0,0.0,1
13,264,255,173.15204709753814,0.0,0.0,1
13,264,256,327.8893494340209,-0.14285715,0.0,2
13,264,257,321.47336909675766,-0.14285715,0.0,2
13,264,258,134.15930076235227,0.0,0.0,1
13,264,259,126.57714363527167,0.0,0.0,1
13,264,260,370.495806194999,-0.21821788,0.0,2
13,264,261,383.59176178683146,-0.31524417,0.0,2
13,264,262,327.4887299285543,-0.20365328,0.0,2
13,264,263,164.82403757779613,0.0,0.0,1
13,264,265,419.6341594244069,-0.21530819,0.0,2
13,264,266,383.65072009963546,-0.21262163,0.0,2
13,264,267,262.90623924767783,-0.14285715,0.0,1
13,264,268,205.14762512081379,0.0,0.0,1
13,264,269,244.3823368702159,0.0,0.0,1
13,264,270,403.6286266286051,-0.179374,0.0,2
13,264,271,519.4051933322216,-0.3351775,-0.03125,2
13,264,272,175.4416349051641,0.0,0.0,1
13,264,273,353.00160509619406,0.0,0.0,2
13,264,274,97.47736242093457,0.0,0.0,0
13,264,275,387.66679046476617,0.0,0.0,2
13,264,276,179.09799755532194,1.0,0.0,1
13,264,277,83.19499176657241,0.0,0.0,0
13,264,278,136.6736852911027,0.0,0.0,1
13,264,279,465.2853002712909,0.0,0.0,2
13,264,280,302.7409098898715,0.0,0.0,2
13,264,281,153.58146167332796,-0.14285715,0.0,1
13,264,282,117.38585575026255,0.0,0.0,1
13,264,283,424.1036902865603,-0.14285715,0.0,2
13,264,284,411.9507946210748,-0.14285715,0.0,2
13,264,285,351.3062132591051,-0.26726124,0.0,2
13,264,286,186.09338657581904,0.0,0.0,1
13,264,287,275.11547358435183,-0.14285715,0.0,1
13,264,288,151.75442982168087,0.0,0.0,1
13,264,289,397.47089435110695,0.0,0.0,2
13,264,290,228.71323480895697,0.0,0.0,1
13,264,291,384.1148349241556,0.0,0.0,2
13,264,292,336.4645313396255,0.0,0.0,2
13,264,293,291.7514902162281,0.0,0.0,1
13,264,294,236.1255982845023,0.0,0.0,1
13,264,295,195.7302238729164,-0.14285715,0.0,1
13,264,296,291.21606750246326,0.0,0.0,1
13,264,297,166.84422222534178,-0.14285715,0.0,1
13,264,298,172.85225845688058,-0.14285715,0.0,1
13,264,299,69.42777776850176,0.0,0.0,0
13,264,300,84.74531888502747,-0.14285715,0.0,0
13,264,301,424.8976917966583,1.0,0.0,2
13,264,302,101.57858618355037,0.0,0.0,1
13,264,303,297.79837435757145,0.0,0.0,1
13,264,304,357.5178039068431,-0.14285715,0.0,2
13,264,305,288.4857623816814,0.0,0.0,1
13,264,306,279.16293494367477,0.0,0.0,1
13,264,307,367.35618385401665,0.0,0.0,2
13,264,308,351.67105850582254,0.0,0.0,2
13,264,309,136.76439835758669,0.0,0.0,1
13,264,310,355.42563650150356,-0.21821788,0.0,2
13,264,311,420.61072084722025,-0.14285715,0.0,2
13,264,312,334.8382692868698,0.0,0.0,2
13,264,313,358.14225620605947,-0.14285715,0.0,2
13,264,314,162.3060322716271,0.0,0.0,1
13,264,315,301.1122854059357,0.0,0.0,2
13,264,316,283.1461040972879,-0.14285715,0.0,1
13,264,317,276.01876804234644,0.0,0.0,1
13,264,318,381.9920060837976,0.7273051,-0.03125,2
13,264,319,463.8382991800518,-0.14285715,0.0,2
14,297,0,303.9075450484354,0.0,0.0,2
14,297,1,348.9892700739997,0.0,0.0,2
14,297,2,265.841007081499,0.0,0.0,1
14,297,3,180.18499722256695,-0.14285715,0.0,1
14,297,4,27.169837283801535,-0.14285715,0.0,0
14,297,5,159.57431221286942,0.65465367,0.0,1
14,297,6,290.45667775750735,0.0,0.0,1
14,297,7,89.19269772029764,0.0,0.0,0
14,297,8,66.17995480631046,0.0,0.0,0
14,297,9,223.57701214777617,1.0,0.0,1
14,297,10,151.1878510123228,0.0,0.0,1
14,297,11,262.00850581083176,-0.14285715,0.0,1
14,297,12,252.11935718897453,0.0,0.0,1
14,297,13,235.22345262039423,0.0,0.0,1
14,297,14,229.65624827925876,-0.14285715,0.0,1
14,297,15,356.75717626556536,-0.22959456,0.03125,2
14,297,16,65.20622535599388,0.0,0.0,0
14,297,17,88.75253988291759,-0.14285715,0.0,0
14,297,18,76.18627533467567,0.0,0.0,0
14,297,19,220.2679387065263,0.0,0.0,1
14,297,20,411.61186851774784,-0.18898225,0.0,2
14,297,21,56.809767284944584,0.0,0.0,0
14,297,22,95.79082873585966,-0.14285715,0.0,0
14,297,23,337.02416457899716,0.65465367,0.03125,2
14,297,24,70.75575917286696,1.0,0.0,0
14,297,25,185.5693873042929,0.0,0.0,1
14,297,26,192.33056972001188,-0.14285715,0.0,1
14,297,27,129.7918205538871,0.0,0.0,1
14,297,28,395.6815782333156,-0.14285715,0.0,2
14,297,29,47.073439719982844,0.0,0.0,0
14,297,30,337.9098418230881,0.0,0.0,2
14,297,31,257.74172893632783,0.0,0.0,1
14,297,32,223.80661857829426,0.0,0.0,1
14,297,33,71.61110894518688,-0.14285715,0.0,0
14,297,34,340.9050022324277,1.0,0.0,2
14,297,35,119.53295492983113,-0.14285715,0.0,1
14,297,36,56.16475432199584,0.0,0.0,0
14,297,37,150.45932006405258,1.0,0.0,1
14,297,38,174.47200254264126,0.0,0.0,1
14,297,39,126.57813158359374,0.0,0.0,1
14,297,40,269.9859175869951,0.0,0.0,1
14,297,41,231.35738644276125,0.0,0.0,1
14,297,42,324.2951117150932,0.0,0.0,2
14,297,43,138.4125522575043,0.0,0.0,1
14,297,44,145.9661853328019,0.0,0.0,1
14,297,46,139.6874716462405,0.0,0.0,1
14,297,47,54.26873052235926,0.0,0.0,0
14,297,48,412.0950776045594,-0.21821788,0.0,2
14,297,49,336.13013811657487,-0.20365328,0.0,2
14,297,51,164.42960191257413,0.0,0.0,1
14,297,52,88.1016888504912,0.0,0.0,0
14,297,53,399.81339859700404,-0.14285715,0.0,2
14,297,54,242.51475994145133,-0.20365328,-0.03125,1
14,297,55,221.25502945809325,-0.16495723,0.03125,1
14,297,56,267.724198451156,0.0,0.0,1
14,297,57,334.3666557183545,0.0,0.0,2
14,297,58,197.9005377184469,0.0,0.0,1
14,297,59,231.80234436345594,-0.14285715,-0.03125,1
14,297,60,142.09941997791597,-0.20365328,0.0,1
14,297,61,145.39707827464363,0.0,0.0,1
14,297,62,224.41491640513317,-0.14285715,0.0,1
14,297,63,272.26325136338795,0.0,0.0,1
14,297,64,123.76605605700438,0.0,0.0,1
14,297,65,166.53316810375085,0.0,0.0,1
14,297,66,147.18695607299753,0.0,0.0,1
14,297,67,379.7746115836384,0.0,0.0,2
14,297,68,197.75315043696128,0.0,0.0,1
14,297,69,383.2861492989544,0.0,0.0,2
14,297,70,116.31331600314397,0.0,0.0,1
14,297,71,159.30642048327655,0.0,0.0,1
14,297,72,27.91032153603962,0.0,0.0,0
14,297,73,158.59723445378626,0.0,0.0,1
14,297,74,192.30843236279142,0.0,0.0,1
14,297,75,299.7342214093721,0.0,0.0,1
14,297,76,430.3916476056599,-0.2182179,0.0,2
14,297,77,271.53140002330366,0.0,0.0,1
14,297,78,438.41478783414175,-0.14285715,0.0,2
14,297,79,354.0701498912644,-0.20365328,0.0,2
14,297,80,261.51915478158816,1.0,0.0,1
14,297,81,80.03978333224899,-0.14285715,0.0,0
14,297,82,183.9516577032777,0.0,0.0,1
14,297,83,269.18118805723924,1.0,0.0,1
14,297,84,371.946781059662,0.0,0.0,2
14,297,85,131.9950236603023,0.0,0.0,1
14,297,86,352.8156451754069,-0.14285715,0.0,2
14,297,87,351.5484512012321,0.0,0.0,2
14,297,88,285.84131352946616,0.0,0.0,1
14,297,89,341.5934109461671,-0.14285715,0.0,2
14,297,90,93.50927268648942,0.0,0.0,0
14,297,91,349.1917496898909,-0.14285715,0.0,2
14,297,92,296.12983791033315,0.0,0.0,1
14,297,93,236.5377151873201,-0.14285715,0.0,1
14,297,94,164.9967984258137,0.0,0.0,1
14,297,95,416.5199745458043,-0.21736214,-0.03125,2
14,297,96,140.373528624713,-0.21821788,-0.03125,1
14,297,97,289.06204993752283,0.0,0.0,1
14,297,98,379.16862255325816,-0.14285715,0.0,2
14,297,99,362.4831877809636,-0.20365328,0.0,2
14,297,100,151.1913520328026,1.0,0.0,1
14,297,101,190.6141002702751,0.0,0.0,1
14,297,102,231.60019434107642,0.0,0.0,1
14,297,103,239.10702870794643,-0.14285715,0.0,1
14,297,104,176.7062841580795,0.0,0.0,1
14,297,105,191.61215746770975,0.0,0.0,1
14,297,106,43.81940215146495,0.0,0.0,0
14,297,107,51.55084097191835,-0.14285715,0.0,0
14,297,108,231.4068970828641,0.0,0.0,1
14,297,109,185.44920905442083,-0.21821788,0.0,1
14,297,110,99.48490670901354,0.0,0.0,0
14,297,111,103.88966151439011,0.0,0.0,1
14,297,112,217.32384497136889,-0.179374,0.03125,1
14,297,113,316.79152710962916,1.0,0.0,2
14,297,114,235.9534118895155,0.0,0.0,1
14,297,116,177.56075467231494,1.0,0.0,1
14,297,117,288.0980094326912,0.0,0.0,1
14,297,118,119.58355844029568,0.0,0.0,1
14,297,119,235.94158853411304,-0.22451791,0.03125,1
14,297,120,296.7692355474112,0.0,0.0,1
14,297,121,176.35476246934343,-0.22118698,0.03125,1
14,297,122,66.30542206124102,0.0,0.0,0
14,297,123,101.91646123511711,0.0,0.0,1
14,297,124,57.686114503061965,0.0,0.0,0
14,297,125,66.1074808266798,0.0,0.0,0
14,297,126,41.77123193664962,0.0,0.0,0
14,297,127,159.30754558424385,0.0,0.0,1
14,297,128,304.8235259629211,0.0,0.0,2
14,297,129,280.54223419811024,-0.14285715,0.0,1
14,297,130,246.01159436643468,1.0,0.0,1
14,297,131,127.38945649966713,-0.16834512,0.0,1
14,297,132,253.6547598710671,0.0,0.0,1
14,297,133,119.87535020483479,0.0,0.0,1
14,297,134,175.97354959853405,0.0,0.0,1
14,297,135,221.94789169087272,-0.18898225,0.0,1
14,297,136,184.9087284007883,0.0,0.0,1
14,297,137,314.1867882575695,0.0,0.0,2
14,297,138,207.83905478832457,-0.21530819,-0.0625,1
14,297,139,304.2703371149632,-0.19557956,0.0,2
14,297,140,62.0596074799082,-0.29277,0.03125,0
14,297,141,316.5908594454592,-0.14285715,0.0,2
14,297,142,216.0575892954791,0.0,0.0,1
14,297,143,331.394664618574,-0.14285715,0.0,2
14,297,144,372.7846794476644,1.0,0.0,2
14,297,145,367.50614406595537,0.0,0.0,2
14,297,146,43.85426918761452,0.0,0.0,0
14,297,147,274.34395068829815,-0.14285715,0.0,1
14,297,148,183.28335003395011,-0.21821788,-0.03125,1
14,297,149,209.89670766797096,0.0,-0.03125,1
14,297,150,397.4038876594581,0.5039526,0.0,2
14,297,151,220.64894196862562,0.0,0.0,1
14,297,152,232.39865354085106,0.0,0.0,1
14,297,153,317.0152069106445,0.0,0.0,2
14,297,154,330.4009215532337,0.0,0.0,2
14,297,155,37.409199272239924,0.0,0.0,0
14,297,156,156.42991605832842,0.0,0.0,1
14,297,157,311.0458830048476,0.0,0.0,2
14,297,158,324.85259424799676,-0.20365328,0.0,2
14,297,159,304.2893942993144,-0.14285715,0.0,2
14,297,160,229.74227018384067,0.0,0.0,1
14,297,161,169.51997496139876,0.0,0.0,1
14,297,162,286.1603951243571,0.0,0.0,1
14,297,163,251.6937053218154,0.0,0.0,1
14,297,164,196.8225172833572,0.0,0.0,1
14,297,165,380.6551751824754,0.0,0.0,2
14,297,166,132.60579203056813,1.0,0.0,1
14,297,167,292.6787888574556,0.0,0.0,1
14,297,168,264.98206853989893,-0.14285715,0.0,1
14,297,169,333.33161798693703,0.0,0.0,2
14,297,170,247.17141533903055,0.0,0.0,1
14,297,171,364.85151222032226,0.48795003,0.0,2
14,297,172,189.75444906046366,0.0,0.0,1
14,297,173,287.1304885663793,0.0,0.0,1
14,297,174,349.346584368092,-0.032530002,0.0,2
14,297,175,195.4816075034382,0.0,0.0,1
14,297,176,226.79772779699542,0.0,0.0,1
14,297,177,237.59385740582655,1.0,0.0,1
14,297,178,257.3822191282909,0.0,0.0,1
14,297,179,361.5803619895478,0.0,0.0,2
14,297,180,134.88290203579785,0.0,0.0,1
14,297,181,237.1393139323469,0.0,0.0,1
14,297,182,202.93521087669214,0.0,0.0,1
14,297,183,280.1597857922659,0.0,0.0,1
14,297,184,54.51372887413398,0.0,0.0,0
14,297,185,123.14122200740609,-0.14285715,0.0,1
14,297,186,296.56003255735766,0.0,0.0,1
14,297,187,213.73779524718037,0.0,0.0,1
14,297,188,323.4994342846042,-0.14285715,0.0,2
14,297,189,74.92548230368097,0.0,0.0,0
14,297,190,272.4566534491057,-0.14285715,0.0,1
14,297,191,326.1502298950047,0.0,0.0,2
14,297,192,147.2290637276117,-0.14285715,0.0,1
14,297,193,156.3239199080712,0.0,0.0,1
14,297,194,167.8415367384795,0.0,0.0,1
14,297,195,352.27053470260347,-0.14285715,0.0,2
14,297,196,299.49082659776184,0.0,0.0,1
14,297,197,326.26209449364046,-0.14285715,0.0,2
14,297,198,100.4945878447972,0.0,0.0,1
14,297,199,300.527851942613,0.0,0.0,2
14,297,200,143.21808496996456,-0.14285715,0.0,1
14,297,201,163.8101517088921,0.0,0.0,1
14,297,202,133.04245072371322,-0.14285715,0.0,1
14,297,203,247.3127261411956,0.0,0.0,1
14,297,204,231.69979773694638,0.0,0.0,1
14,297,205,178.68204182521995,-0.21262163,0.0,1
14,297,206,130.51920359037567,0.0,0.0,1
14,297,207,113.00594004668521,0.0,0.0,1
14,297,208,248.9068266484411,-0.14285715,0.0,1
14,297,209,219.96849339351493,0.0,0.0,1
14,297,210,363.0567597766237,-0.14285715,0.0,2
14,297,211,276.4573826295064,0.0,0.0,1
14,297,212,270.1470526276794,-0.14285715,0.0,1
14,297,213,190.86129481068954,0.0,0.0,1
14,297,214,146.30899917469085,0.0,0.0,1
14,297,215,400.565897339615,-0.2178551,0.0,2
14,297,216,48.383819871167816,0.0,0.0,0
14,297,217,311.664990568129,-0.26726124,0.0,2
14,297,218,218.77944680072048,0.0,0.03125,1
14,297,219,29.980689148084995,0.0,0.0,0
14,297,220,225.12378895778824,0.0,0.0,1
14,297,221,104.15719509560769,0.0,0.0,1
14,297,222,336.14068931051924,0.0,0.0,2
14,297,223,222.3366298328651,0.0,0.0,1
14,297,224,285.5777584744208,0.0,0.0,1
14,297,225,342.6049989688107,-0.14285715,0.0,2
14,297,226,82.53302789568554,0.0,0.0,0
14,297,227,235.00437801718522,-0.19016492,0.03125,1
14,297,228,146.49274269172045,0.0,0.0,1
14,297,229,335.23798743705055,0.0,0.0,2
14,297,230,244.86636145978284,0.69786316,0.0,1
14,297,231,372.365339069635,-0.14285715,-0.03125,2
14,297,232,165.02392819224139,1.0,0.0,1
14,297,233,323.8370471414673,0.0,0.0,2
14,297,234,332.10175314127144,-0.21821788,0.0,2
14,297,235,110.65879296603723,0.0,0.0,1
14,297,236,188.5075446641554,-0.29277,0.0,1
14,297,237,160.75739691025973,0.0,0.0,1
14,297,238,72.92458627652385,-0.14285715,0.0,0
14,297,239,269.5859277810408,0.0,0.0,1
14,297,240,331.6946165157154,0.0,0.0,2
14,297,241,47.587003407351396,0.0,0.0,0
14,297,242,96.86027628698534,0.0,0.0,0
14,297,243,146.59159768324656,0.0,0.0,1
14,297,244,336.98986147409823,0.0,0.0,2
14,297,245,232.8842881368592,0.0,0.0,1
14,297,246,371.17076179518006,-0.14285715,0.0,2
14,297,247,180.60453909740627,-0.14285715,0.0,1
14,297,248,310.54686459824984,-0.14285715,0.0,2
14,297,249,42.66377686978374,0.0,0.0,0
14,297,250,87.2652309280651,-0.24174689,0.0,0
14,297,251,230.855867168858,0.0,0.0,1
14,297,252,318.09751588522704,-0.14285715,0.0,2
14,297,253,130.29204933679765,-0.14285715,0.0,1
14,297,254,71.54981605053221,0.0,0.0,0
14,297,255,30.448541698531265,0.0,0.0,0
14,297,256,162.4867963407256,1.0,0.0,1
14,297,257,379.79321664646346,-0.14285715,0.0,2
14,297,258,192.6887012502593,0.0,0.0,1
14,297,259,165.39537119558122,0.0,0.0,1
14,297,260,225.54272251399118,0.65465367,0.0,1
14,297,261,357.9132299812148,-0.15762208,0.0,2
14,297,262,417.06780467510873,-0.20365328,0.0,2
14,297,263,165.0614044379248,0.0,0.0,1
14,297,264,166.84422222534178,-0.14285715,0.0,1
14,297,265,309.377644793483,-0.21530819,-0.03125,2
14,297,266,222.66521610451815,0.80796224,0.0,1
14,297,267,311.2705394119718,1.0,0.0,2
14,297,268,98.905081057789,0.0,0.0,0
14,297,269,229.30203595775686,0.0,0.0,1
14,297,270,341.29201993951676,-0.179374,0.0,2
14,297,271,418.4790072758485,0.5586292,0.0,2
14,297,272,231.74824058394873,0.0,0.0,1
14,297,273,289.4226302220904,0.0,0.0,1
14,297,274,119.90866748628164,0.0,0.0,1
14,297,275,292.49141807912093,0.0,0.0,1
14,297,276,35.6607777533112,-0.14285715,0.0,0
14,297,277,213.11722813202343,0.0,0.0,1
14,297,278,226.87163598855682,0.0,0.0,1
14,297,279,343.0603846023635,0.0,0.0,2
14,297,280,144.30984224426982,0.0,0.03125,1
14,297,281,155.75838612476088,-0.14285715,0.0,1
14,297,282,275.8268651956217,0.0,0.0,1
14,297,283,346.1257056307118,-0.14285715,0.0,2
14,297,284,310.66366101303885,1.0,0.0,2
14,297,285,242.76170973615982,-0.26726124,0.0,1
14,297,286,225.78519808071337,0.0,0.0,1
14,297,287,318.0265050183351,-0.14285715,0.0,2
14,297,288,294.9528531962333,0.0,0.0,1
14,297,289,261.386802751783,0.0,0.0,1
14,297,290,142.63268254494423,0.0,0.0,1
14,297,291,309.1069386493844,0.0,0.0,2
14,297,292,244.02089803286677,0.0,0.0,1
14,297,293,320.4147959612167,0.0,0.0,2
14,297,294,272.6853863082321,0.0,0.0,1
14,297,295,126.0671929915269,-0.14285715,0.0,1
14,297,296,129.29970347589554,0.0,0.0,1
14,297,298,214.43363812355682,-0.14285715,0.0,1
14,297,299,207.04818559020413,0.0,0.0,1
14,297,300,218.54343183576188,-0.14285715,0.0,1
14,297,301,312.6324423395195,-0.14285715,0.0,2
14,297,302,89.59198641502735,0.0,0.0,0
14,297,303,291.8528214965621,0.0,0.0,1
14,297,304,312.2935339146174,-0.14285715,0.0,2
14,297,305,122.57758965382791,0.0,0.0,1
14,297,306,307.3276468066245,0.0,0.0,2
14,297,307,371.4887640793092,0.0,0.0,2
14,297,308,366.219800918052,0.0,0.0,2
14,297,309,203.52666853782267,0.0,0.0,1
14,297,310,400.74464927039065,-0.21821788,0.0,2
14,297,311,350.6202498571312,-0.14285715,0.0,2
14,297,312,317.2195368397149,0.0,0.0,2
14,297,313,283.3887527873303,-0.14285715,0.0,1
14,297,314,52.33509288510743,0.0,0.0,0
14,297,315,205.82861416805932,0.0,0.0,1
14,297,316,145.77411912998664,-0.14285715,0.0,1
14,297,317,238.00368942297857,0.0,0.0,1
14,297,318,223.52479190442656,-0.22704233,-0.03125,1
14,297,319,349.2068787100949,-0.14285715,0.0,2
15,317,0,138.37882726262652,0.0,0.0,1
15,317,1,182.02764496287648,0.0,0.0,1
15,317,2,324.70846672425057,0.0,0.0,2
15,317,3,280.232050501242,0.0,0.0,1
15,317,4,211.9488009817291,0.0,0.0,1
15,317,5,102.76886218326831,0.0,0.0,1
15,317,6,170.3687990791293,0.0,0.0,1
15,317,7,200.6284143087285,0.0,0.0,1
15,317,8,223.39636498377283,0.0,0.0,1
15,317,9,297.5798757010802,0.0,0.0,1
15,317,10,135.78446971090398,0.0,0.0,1
15,317,11,335.56936505778685,0.0,0.0,2
15,317,12,153.6027084396491,0.0,0.0,1
15,317,13,68.54442740950822,0.0,0.0,0
15,317,14,70.2943938713126,0.0,0.0,0
15,317,15,230.0088291179251,0.0,0.0,1
15,317,16,302.50888667387807,0.0,0.0,2
15,317,17,230.98632986898068,0.0,0.0,1
15,317,18,205.00019242749613,0.0,0.0,1
15,317,19,220.0312184474783,0.0,0.0,1
15,317,20,231.28070951531933,0.0,0.0,1
15,317,21,294.3408974068658,0.0,0.0,1
15,317,22,259.6180691709676,0.0,0.0,1
15,317,23,104.71045201171265,0.0,0.03125,1
15,317,24,265.14080959271627,0.0,0.0,1
15,317,25,200.16802051551988,0.0,0.0,1
15,317,26,254.54506722264293,0.0,0.0,1
15,317,27,160.39386438781295,0.0,0.0,1
15,317,28,230.3644516269072,0.0,0.0,1
15,317,29,193.07285162500105,0.0,0.0,1
15,317,30,117.8533814004846,0.0,0.0,1
15,317,31,232.87846935801306,0.0,0.0,1
15,317,32,193.4304525763056,0.0,0.0,1
15,317,33,173.53116846946367,0.0,0.0,1
15,317,34,162.08832971441723,0.0,0.0,1
15,317,35,346.9956085011945,0.0,0.0,2
15,317,36,222.72879656731192,0.0,0.0,1
15,317,37,318.6720528921556,0.0,0.0,2
15,317,38,368.138161366905,0.0,0.0,2
15,317,39,360.1728159005147,0.0,0.0,2
15,317,40,151.5592707780546,0.0,0.0,1
15,317,41,261.4580732460119,0.0,0.0,1
15,317,42,119.0794956624973,0.0,0.0,1
15,317,43,249.27249900944076,0.0,0.0,1
15,317,44,271.8857332372019,0.0,0.0,1
15,317,45,250.21692911082454,0.0,0.0,1
15,317,46,133.6449809956209,0.0,0.0,1
15,317,47,189.99228742281576,0.0,0.0,1
15,317,48,250.15221135175005,0.0,0.0,1
15,317,49,128.7717285483418,0.0,0.0,1
15,317,50,235.5405069114355,0.0,0.0,1
15,317,51,161.06320545910802,0.0,0.0,1
15,317,52,318.138122789765,0.0,0.0,2
15,317,53,206.0084069566309,0.0,0.0,1
15,317,54,349.7385583005132,0.0,0.0,2
15,317,55,412.831072994652,0.0,-0.03125,2
15,317,56,90.52115438365895,0.0,0.0,0
15,317,57,98.6883877741128,0.0,0.0,0
15,317,58,49.36525493275799,0.0,0.0,0
15,317,60,369.22829041164687,0.0,0.0,2
15,317,61,291.6172016102292,0.0,0.0,1
15,317,62,296.9640901939073,0.0,0.0,1
15,317,63,355.91896683217817,0.0,0.0,2
15,317,64,322.04891432917594,0.0,0.0,2
15,317,65,182.1629460028369,0.0,0.0,1
15,317,66,346.27367487218123,0.0,0.0,2
15,317,67,224.76323138444099,0.0,0.0,1
15,317,68,195.0299638275055,0.0,0.0,1
15,317,69,225.8562168608265,0.0,0.0,1
15,317,70,338.98546772220624,0.0,0.0,2
15,317,71,240.84543679740767,0.0,0.0,1
15,317,72,265.63802440957784,0.0,0.0,1
15,317,73,142.70750069331643,0.0,0.0,1
15,317,74,158.56345586824386,0.0,0.0,1
15,317,75,284.63944982316275,0.0,0.0,1
15,317,76,257.6212682579285,0.0,0.03125,1
15,317,77,118.50968158833616,0.0,0.0,1
15,317,78,258.03277528424417,0.0,0.0,1
15,317,79,182.3918055162044,0.0,-0.03125,1
15,317,80,347.9445551152548,0.0,0.0,2
15,317,81,211.47682303778515,0.0,0.0,1
15,317,82,156.8064846562817,0.0,0.0,1
15,317,83,33.59516810562698,0.0,0.0,0
15,317,84,134.3684764662829,0.0,0.0,1
15,317,85,269.66765697758467,0.0,0.0,1
15,317,86,171.37440342084648,0.0,0.0,1
15,317,87,145.50355229823668,0.0,0.03125,1
15,317,88,294.39853935357263,0.0,0.0,1
15,317,89,137.27292257211585,0.0,0.0,1
15,317,90,215.48877197366883,0.0,0.0,1
15,317,91,145.87450092542542,0.0,0.0,1
15,317,92,107.83823132831432,0.0,0.0,1
15,317,93,285.4207167281585,0.0,0.0,1
15,317,94,82.26344804631621,0.0,0.0,0
15,317,95,232.03211657974896,0.0,0.0,1
15,317,96,258.9485502218128,0.0,0.0,1
15,317,97,90.10748604908369,0.0,0.0,0
15,317,98,227.20588616777346,0.0,0.0,1
15,317,99,224.7486351871535,0.0,0.0,1
15,317,100,329.2158238470318,0.0,0.0,2
15,317,101,56.301142106302265,0.0,0.0,0
15,317,103,210.4699177449013,0.0,0.0,1
15,317,104,88.76073228407915,0.0,0.0,0
15,317,105,348.59976358237304,0.0,0.0,2
15,317,106,281.53012610155156,0.0,0.0,1
15,317,107,287.75536455402136,0.0,0.0,1
15,317,108,106.28922720620656,0.0,0.0,1
15,317,109,360.9402392855318,0.0,0.0,2
15,317,110,160.80471818915427,0.0,0.0,1
15,317,111,145.57022865427805,0.0,0.0,1
15,317,112,361.8231289498064,0.0,0.0,2
15,317,113,211.5659729928717,0.0,0.0,1
15,317,114,203.21653328614462,0.0,0.0,1
15,317,115,219.45680502479215,0.0,0.0,1
15,317,116,371.5888224096544,0.0,0.0,2
15,317,117,50.876066563980125,0.0,0.0,0
15,317,118,350.19986397134926,0.0,0.0,2
15,317,119,405.9338073114639,0.0,0.0,2
15,317,120,162.23673293598353,0.0,0.0,1
15,317,121,343.76843489393013,0.0,0.0,2
15,317,122,197.05569438716685,0.0,0.0,1
15,317,123,338.21666081682724,0.0,0.0,2
15,317,124,228.61721287387053,0.0,0.0,1
15,317,125,182.1756144070823,0.0,0.0,1
15,317,126,271.84120269666454,0.0,0.0,1
15,317,127,369.43624765696404,0.0,0.0,2
15,317,128,168.4211505779456,0.0,0.0,1
15,317,129,43.13480465930945,0.0,0.0,0
15,317,130,377.1773706200195,0.0,0.0,2
15,317,131,339.19738842739673,0.0,0.03125,2
15,317,132,245.86972979711965,0.0,0.0,1
15,317,133,204.82977224131412,0.0,0.0,1
15,317,134,276.6734634166658,0.0,0.0,1
15,317,135,381.7151978928865,0.0,0.0,2
15,317,136,156.45142994466343,0.0,0.0,1
15,317,137,121.13039150858052,0.0,0.0,1
15,317,138,362.6466381659864,0.0,0.0,2
15,317,139,276.3651035819201,0.0,0.03125,1
15,317,140,188.98669411124763,0.0,0.0,1
15,317,141,79.21729793969358,0.0,0.0,0
15,317,142,50.31705779563215,0.0,0.0,0
15,317,143,139.64627516680764,0.0,0.0,1
15,317,144,157.4054413077129,0.0,0.0,1
15,317,145,239.2046871909437,0.0,0.0,1
15,317,146,278.82850122793434,0.0,0.0,1
15,317,147,259.04143094851236,0.0,0.0,1
15,317,148,388.32359431608575,0.0,-0.03125,2
15,317,149,269.34522927603257,0.0,0.0,1
15,317,150,220.65113846303692,0.0,0.0,1
15,317,151,320.92036851094787,0.0,0.0,2
15,317,152,287.49760339864974,0.0,0.0,1
15,317,153,112.80010742125378,0.0,0.0,1
15,317,154,95.03911555781777,0.0,0.0,0
15,317,155,221.8063377596411,0.0,0.0,1
15,317,156,191.11773053091864,0.0,0.0,1
15,317,157,73.15032560189182,0.0,0.0,0
15,317,158,120.55516506578685,0.0,0.0,1
15,317,159,126.99331866870529,0.0,0.0,1
15,317,160,224.19524655906375,0.0,0.0,1
15,317,161,367.20013363160615,0.0,0.0,2
15,317,162,114.71329928502163,0.0,0.0,1
15,317,163,343.65765311668684,0.0,0.0,2
15,317,164,49.07877978029669,0.0,0.0,0
15,317,165,212.98899408728323,0.0,0.0,1
15,317,166,135.40902188037774,0.0,0.0,1
15,317,167,126.98408335538593,0.0,0.0,1
15,317,168,220.9812439665581,0.0,0.0,1
15,317,169,148.68121766065255,0.0,0.0,1
15,317,170,93.21625759091036,0.0,0.0,0
15,317,171,128.081053255846,0.0,0.0,1
15,317,172,199.37928864219455,0.0,0.0,1
15,317,173,156.44307647498854,0.0,0.0,1
15,317,174,230.55614106866997,0.0,0.0,1
15,317,175,53.46816241016297,0.0,0.0,0
15,317,176,108.14729331357944,0.0,0.0,1
15,317,178,168.38700047370472,0.0,0.0,1
15,317,179,128.14382755365284,0.0,0.0,1
15,317,180,301.65653482303895,0.0,0.0,2
15,317,181,417.08979090716105,0.0,0.0,2
15,317,182,246.4196553085277,0.0,0.0,1
15,317,183,70.46953537299711,0.0,0.0,0
15,317,184,288.08851804865105,0.0,0.0,1
15,317,185,345.9592863965836,0.0,0.0,2
15,317,186,224.5567329789996,0.0,0.0,1
15,317,187,144.9146678820544,0.0,0.0,1
15,317,188,247.72767259004578,0.0,0.0,1
15,317,189,191.74126945094702,0.0,0.0,1
15,317,190,78.67701833814215,0.0,0.0,0
15,317,191,143.24501646826138,0.0,0.0,1
15,317,192,342.99197853817435,0.0,0.0,2
15,317,193,176.08032881231918,0.0,0.0,1
15,317,194,332.50977686068114,0.0,0.0,2
15,317,195,196.79811035602913,0.0,0.03125,1
15,317,196,176.9522996262713,0.0,0.0,1
15,317,197,110.94509401078811,0.0,0.0,1
15,317,198,332.3540182390442,0.0,0.0,2
15,317,199,62.52697737110146,0.0,0.0,0
15,317,200,145.76622022784724,0.0,0.0,1
15,317,201,177.0534566955959,0.0,0.0,1
15,317,202,342.2417556158645,0.0,0.0,2
15,317,203,408.25260480137996,0.0,0.0,2
15,317,204,395.9098909724145,0.0,0.0,2
15,317,205,291.5984826950772,0.0,0.0,1
15,317,206,310.8997921084821,0.0,0.0,2
15,317,207,129.93376319853004,0.0,0.0,1
15,317,208,354.5312670288889,0.0,0.0,2
15,317,209,128.17412402557954,0.0,0.0,1
15,317,210,161.22637933413,0.0,0.0,1
15,317,211,62.53151004718867,0.0,0.0,0
15,317,212,305.8302137618494,0.0,0.0,2
15,317,213,253.4180482346774,0.0,0.0,1
15,317,214,92.28470022153049,0.0,0.0,0
15,317,215,236.6506510889279,0.0,0.0,1
15,317,216,260.42744455105077,0.0,0.0,1
15,317,217,96.99290527976842,0.0,0.0,0
15,317,218,103.12910732285297,0.0,0.0,1
15,317,219,267.065993820682,0.0,0.0,1
15,317,220,216.69211072378275,0.0,0.0,1
15,317,221,278.4333783837442,0.0,0.0,1
15,317,222,99.55963661414665,0.0,0.0,0
15,317,223,59.66607012302259,0.0,0.0,0
15,317,224,195.31149176569198,0.0,0.0,1
15,317,225,206.9353431315011,0.0,0.0,1
15,317,226,249.5205847362525,0.0,0.0,1
15,317,227,404.0212393790699,0.0,0.0,2
15,317,228,290.8820626624432,0.0,0.0,1
15,317,229,161.26379962595112,0.0,0.0,1
15,317,230,422.715437766338,0.0,0.0,2
15,317,231,210.25597235378234,0.0,0.0,1
15,317,232,370.35177276264443,0.0,0.0,2
15,317,233,128.54361534560363,0.0,0.0,1
15,317,234,99.70136344516611,0.0,0.0,0
15,317,235,322.7214708525982,0.0,0.0,2
15,317,236,215.70699080386876,0.0,0.0,1
15,317,237,132.73357352498192,0.0,0.0,1
15,317,238,174.871623268373,0.0,0.0,1
15,317,239,303.3997540554629,0.0,0.0,2
15,317,240,98.4640124709403,0.0,0.0,0
15,317,241,217.05164969346748,0.0,0.0,1
15,317,242,174.8273348142247,0.0,0.0,1
15,317,243,102.4783745142779,0.0,0.0,1
15,317,244,130.82886917661892,0.0,0.0,1
15,317,246,179.01611167351666,0.0,0.0,1
15,317,247,263.339040588396,0.0,0.0,1
15,317,248,108.30965307892949,0.0,0.0,1
15,317,249,271.70207546252726,0.0,0.0,1
15,317,250,324.86179492448434,0.0,0.0,2
15,317,251,83.08697573354264,0.0,0.0,0
15,317,252,81.91713173866731,0.0,0.0,0
15,317,253,189.1406089079278,0.0,0.0,1
15,317,254,291.18788121922296,0.0,0.0,1
15,317,255,268.4490028569716,0.0,0.0,1
15,317,256,276.89120675540175,0.0,0.03125,1
15,317,257,198.97670108183053,0.0,0.0,1
15,317,258,156.45164442893238,0.0,0.0,1
15,317,259,151.67588707251372,0.0,0.0,1
15,317,260,221.7514690606612,0.0,0.0,1
15,317,261,120.2489924085778,0.0,0.0,1
15,317,262,267.58794437446136,0.0,0.0,1
15,317,263,111.22065256911888,0.0,0.0,1
15,317,264,276.01876804234644,0.0,0.0,1
15,317,265,184.70773564586364,0.0,0.0,1
15,317,266,390.97945860557064,0.0,0.0,2
15,317,267,144.1810658576031,0.0,0.0,1
15,317,268,336.8750006647544,0.0,0.0,2
15,317,269,40.42930888111073,0.0,0.0,0
15,317,270,128.4446344883763,0.0,0.0,1
15,317,271,260.3300963237632,0.0,0.0,1
15,317,272,141.5139091807016,0.0,0.0,1
15,317,273,81.14483209912966,0.0,0.0,0
15,317,274,314.3802871259869,0.0,0.0,2
15,317,275,139.65969206442892,0.0,0.0,1
15,317,276,204.96598252582913,0.0,0.0,1
15,317,277,236.25115015605368,0.0,0.0,1
15,317,278,186.44836407943762,0.0,0.0,1
15,317,279,239.737143889971,0.0,0.0,1
15,317,280,230.42661787521507,0.0,0.0,1
15,317,281,122.49557189737098,0.0,0.0,1
15,317,282,304.76886946216797,0.0,0.0,2
15,317,283,154.59720770865218,0.0,0.0,1
15,317,284,166.34252400950106,0.0,0.0,1
15,317,285,136.18958224022617,0.0,0.0,1
15,317,286,120.26671289895992,0.0,0.0,1
15,317,287,140.17500676344505,0.0,0.0,1
15,317,288,282.1821510100415,0.0,0.0,1
15,317,289,216.54937226912833,0.0,0.0,1
15,317,290,101.67039664820472,0.0,0.0,1
15,317,291,116.32662118027785,0.0,0.0,1
15,317,292,102.39195799277148,0.0,0.0,1
15,317,293,123.31307508414108,0.0,0.0,1
15,317,294,114.3273379849674,0.0,0.0,1
15,317,295,361.8208278694862,0.0,0.0,2
15,317,296,239.41707072292834,0.0,0.0,1
15,317,297,238.00368942297857,0.0,0.0,1
15,317,298,126.33980554170537,0.0,0.0,1
15,317,299,245.34555785823196,0.0,0.0,1
15,317,300,241.65443988187522,0.0,0.0,1
15,317,301,191.78202386627973,0.0,0.0,1
15,317,302,287.9207942706073,0.0,0.0,1
15,317,303,66.4496243031208,0.0,0.0,0
15,317,304,82.0921948265779,0.0,0.0,0
15,317,305,261.30312892671674,0.0,0.0,1
15,317,306,115.36433625766134,0.0,0.0,1
15,317,307,140.46490364856268,0.0,0.0,1
15,317,308,142.87996865559973,0.0,0.0,1
15,317,309,161.861096011372,0.0,0.0,1
15,317,310,199.9380358245972,0.0,0.0,1
15,317,311,147.26721650371425,0.0,0.0,1
15,317,312,80.41759288166547,0.0,0.0,0
15,317,313,94.16868112089445,0.0,0.0,0
15,317,314,186.32528157160735,0.0,0.0,1
15,317,315,95.11918453666131,0.0,0.0,0
15,317,316,368.25117143779727,0.0,0.0,2
15,317,318,399.8355105924997,0.0,0.09375,2
15,317,319,226.8770975676842,0.0,0.0,1
