run,current_uA_cm2,fraction,group,seeds,rate_hz_mean,rate_hz_seed_sd,block_mean,block_seed_sd,late_voltage_mV_mean,late_voltage_mV_seed_sd,h_available_mean,h_available_seed_sd,synaptic_inward_uA_cm2_mean,synaptic_inward_uA_cm2_seed_sd,cv_normalized_mean,cv_normalized_seed_sd,cs_normalized_mean,cs_normalized_seed_sd,optical_alpha_half_mean,optical_alpha_half_seed_sd
block_dt_half,120,0,all,1,62.349998474121094,0.0,0.0,0.0,-42.12202072143555,0.0,0.07212994992733002,0.0,3.118588924407959,0.0,1.0,0.0,1.0,0.0,1.0,0.0
block_dt_half,120,0,control,1,62.349998474121094,0.0,0.0,0.0,-42.12202072143555,0.0,0.07212994992733002,0.0,3.118588924407959,0.0,1.0,0.0,1.0,0.0,1.0,0.0
block_dt_half,120,0.1,all,1,55.75,0.0,0.1,0.0,-41.56867218017578,0.0,0.06886124610900879,0.0,2.781315803527832,0.0,1.0272964721856555,0.0,0.8918507283084269,0.0,0.9595736002470412,0.0
block_dt_half,120,0.1,KD,1,3.0,0.0,1.0,0.0,-36.25751876831055,0.0,0.0344463475048542,0.0,2.8682971000671387,0.0,1.2737618732217977,0.0,0.919741963302093,0.0,1.0967519182619454,0.0
block_dt_half,120,0.1,control,1,61.61111068725586,0.0,0.0,0.0,-42.15879821777344,0.0,0.0726851150393486,0.0,2.771651268005371,0.0,0.9999114521613677,0.0,0.8887517191870835,0.0,0.9443315856742256,0.0
block_dt_half,120,0.2,all,1,48.70000076293945,0.0,0.2,0.0,-40.997291564941406,0.0,0.06549837440252304,0.0,2.3754684925079346,0.0,1.0566599070733493,0.0,0.7617126046706844,0.0,0.9091862558720168,0.0
block_dt_half,120,0.2,KD,1,3.25,0.0,1.0,0.0,-36.29857635498047,0.0,0.03456170856952667,0.0,2.3928308486938477,0.0,1.2665123225579151,0.0,0.7672799803674377,0.0,1.0168961514626764,0.0
block_dt_half,120,0.2,control,1,60.0625,0.0,0.0,0.0,-42.17197036743164,0.0,0.07323253899812698,0.0,2.3711276054382324,0.0,1.0041966375890432,0.0,0.7603206651830117,0.0,0.8822586513860274,0.0
block_dt_half,120,0.3,all,1,44.5,0.0,0.275,0.0,-40.446659088134766,0.0,0.06156351417303085,0.0,2.296452045440674,0.0,1.0912543993757047,0.0,0.7363753611344074,0.0,0.9138148802550561,0.0
block_dt_half,120,0.3,KD,1,1.8333333730697632,0.0,0.9166666666666666,0.0,-36.3571891784668,0.0,0.035255368798971176,0.0,2.2755680084228516,0.0,1.2797269281816304,0.0,0.7296787308557672,0.0,1.0047028295186988,0.0
block_dt_half,120,0.3,control,1,62.78571319580078,0.0,0.0,0.0,-42.19929122924805,0.0,0.0728384330868721,0.0,2.3054025173187256,0.0,1.0104805530949732,0.0,0.7392454001472443,0.0,0.8748629766211087,0.0
block_dt_half,120,0.4,all,1,41.900001525878906,0.0,0.375,0.0,-39.894561767578125,0.0,0.05834323167800903,0.0,2.1226437091827393,0.0,1.1198525910345203,0.0,0.6806423548065756,0.0,0.900247472920548,0.0
block_dt_half,120,0.4,KD,1,3.0,0.0,0.9375,0.0,-36.276729583740234,0.0,0.034836895763874054,0.0,2.066537618637085,0.0,1.2874977186786587,0.0,0.6626514967917427,0.0,0.9750746077352007,0.0
block_dt_half,120,0.4,control,1,67.83333587646484,0.0,0.0,0.0,-42.30644607543945,0.0,0.07401411980390549,0.0,2.160047769546509,0.0,1.0080892094080203,0.0,0.6926362601497976,0.0,0.8503627347789089,0.0
block_dt_half,120,0.5,all,1,31.25,0.0,0.45,0.0,-39.3243408203125,0.0,0.05439621955156326,0.0,1.4784873723983765,0.0,1.1408129243630325,0.0,0.47408857282434436,0.0,0.8074507485936884,0.0
block_dt_half,120,0.5,KD,1,2.5,0.0,0.9,0.0,-36.4420166015625,0.0,0.03544699028134346,0.0,1.3198784589767456,0.0,1.2680801271820776,0.0,0.4232293806492354,0.0,0.8456547539156565,0.0
block_dt_half,120,0.5,control,1,60.0,0.0,0.0,0.0,-42.2066650390625,0.0,0.07334544509649277,0.0,1.6370960474014282,0.0,1.0135457215439871,0.0,0.5249476885486659,0.0,0.7692467050463265,0.0
block_dt_half,120,0.6,all,1,31.100000381469727,0.0,0.525,0.0,-38.7705078125,0.0,0.050711095333099365,0.0,1.425012230873108,0.0,1.167623156297645,0.0,0.45694134924936797,0.0,0.8122822527735064,0.0
block_dt_half,120,0.6,KD,1,3.3333332538604736,0.0,0.875,0.0,-36.41390609741211,0.0,0.0352947972714901,0.0,1.360071063041687,0.0,1.270729054544254,0.0,0.43611745440283906,0.0,0.8534232544735465,0.0
block_dt_half,120,0.6,control,1,72.75,0.0,0.0,0.0,-42.305416107177734,0.0,0.07383553683757782,0.0,1.5224238634109497,0.0,1.0129645297452836,0.0,0.4881771532937675,0.0,0.7505708415195256,0.0
block_dt_half,120,0.7,all,1,29.049999237060547,0.0,0.65,0.0,-38.2078742980957,0.0,0.04757614806294441,0.0,1.3119491338729858,0.0,1.2009795245820172,0.0,0.4206867803591811,0.0,0.8108331524705992,0.0
block_dt_half,120,0.7,KD,1,3.5714285373687744,0.0,0.9285714285714286,0.0,-36.32448196411133,0.0,0.03495931252837181,0.0,1.2065937519073486,0.0,1.280719171854683,0.0,0.3869037507520846,0.0,0.8338114613033838,0.0
block_dt_half,120,0.7,control,1,88.5,0.0,0.0,0.0,-42.60245132446289,0.0,0.07701543718576431,0.0,1.557778239250183,0.0,1.0149198691744328,0.0,0.49951381121701244,0.0,0.7572168401957227,0.0
block_dt_half,120,0.8,all,1,23.350000381469727,0.0,0.675,0.0,-37.61591339111328,0.0,0.04353899881243706,0.0,1.0900089740753174,0.0,1.228424606980639,0.0,0.34951992728001097,0.0,0.788972267130325,0.0
block_dt_half,120,0.8,KD,1,3.625,0.0,0.84375,0.0,-36.35660934448242,0.0,0.03514625504612923,0.0,1.0066297054290771,0.0,1.2802160390608586,0.0,0.32278371078361295,0.0,0.8014998749222357,0.0
block_dt_half,120,0.8,control,1,102.25,0.0,0.0,0.0,-42.65312576293945,0.0,0.07710997760295868,0.0,1.4235262870788574,0.0,1.0212588786597612,0.0,0.4564648697163905,0.0,0.7388618741880758,0.0
block_dt_half,120,0.9,all,1,14.850000381469727,0.0,0.75,0.0,-37.0398063659668,0.0,0.03965543583035469,0.0,0.6143514513969421,0.0,1.2476198352016523,0.0,0.19699661170109883,0.0,0.7223082234513756,0.0
block_dt_half,120,0.9,KD,1,3.722222328186035,0.0,0.8333333333333334,0.0,-36.40292739868164,0.0,0.035303227603435516,0.0,0.57138991355896,0.0,1.2732582987928678,0.0,0.18322065761438375,0.0,0.7282394782036258,0.0
block_dt_half,120,0.9,control,1,115.0,0.0,0.0,0.0,-42.771671295166016,0.0,0.07882529497146606,0.0,1.00100576877594,0.0,1.0168741045158183,0.0,0.32098035138310943,0.0,0.6689272279494638,0.0
block_dt_half,120,1,all,1,7.849999904632568,0.0,0.825,0.0,-36.45745849609375,0.0,0.03553309664130211,0.0,0.2417023628950119,0.0,1.268602139876658,0.0,0.07750375851183955,0.0,0.6730529491942487,0.0
block_dt_half,120,1,KD,1,7.849999904632568,0.0,0.825,0.0,-36.45745849609375,0.0,0.03553309664130211,0.0,0.2417023628950119,0.0,1.268602139876658,0.0,0.07750375851183955,0.0,0.6730529491942487,0.0
block_residual,120,0,all,1,62.25,0.0,0.0,0.0,-42.12179183959961,0.0,0.0721253901720047,0.0,3.1166369915008545,0.0,1.0,0.0,1.0,0.0,1.0,0.0
block_residual,120,0,control,1,62.25,0.0,0.0,0.0,-42.12179183959961,0.0,0.0721253901720047,0.0,3.1166369915008545,0.0,1.0,0.0,1.0,0.0,1.0,0.0
block_residual,120,0.25,all,1,49.29999923706055,0.0,0.075,0.0,-41.419578552246094,0.0,0.067205049097538,0.0,2.4121735095977783,0.0,1.032038190000308,0.0,0.7739667841252718,0.0,0.9030024870627898,0.0
block_residual,120,0.25,KD,1,21.600000381469727,0.0,0.3,0.0,-39.264671325683594,0.0,0.051376331597566605,0.0,2.3869807720184326,0.0,1.0973725109324606,0.0,0.7658834758516272,0.0,0.9316279933920439,0.0
block_residual,120,0.25,control,1,58.53333282470703,0.0,0.0,0.0,-42.13787841796875,0.0,0.07248128950595856,0.0,2.4205708503723145,0.0,1.0102601566254592,0.0,0.7766611437178185,0.0,0.8934606501716389,0.0
block_residual,120,0.5,all,1,39.599998474121094,0.0,0.15,0.0,-40.715187072753906,0.0,0.062094904482364655,0.0,1.894952416419983,0.0,1.058449870987636,0.0,0.6080119120666169,0.0,0.8332308915271265,0.0
block_residual,120,0.5,KD,1,21.200000762939453,0.0,0.3,0.0,-39.31206130981445,0.0,0.051514822989702225,0.0,1.8324377536773682,0.0,1.102871061937748,0.0,0.5879535405228362,0.0,0.8454123012302921,0.0
block_residual,120,0.5,control,1,58.0,0.0,0.0,0.0,-42.118316650390625,0.0,0.07267497479915619,0.0,1.9574670791625977,0.0,1.01402890084513,0.0,0.6280702836103975,0.0,0.8210495922277637,0.0
block_residual,120,0.75,all,1,39.0,0.0,0.25,0.0,-39.98115539550781,0.0,0.05663014575839043,0.0,1.8422772884368896,0.0,1.072013530206867,0.0,0.5911106405593032,0.0,0.8315620853830851,0.0
block_residual,120,0.75,KD,1,25.733333587646484,0.0,0.3333333333333333,0.0,-39.174461364746094,0.0,0.05029519274830818,0.0,1.6952588558197021,0.0,1.0894032332195327,0.0,0.5439385018026529,0.0,0.8166708675110927,0.0
block_residual,120,0.75,control,1,78.80000305175781,0.0,0.0,0.0,-42.4012336730957,0.0,0.07563500106334686,0.0,2.283332586288452,0.0,1.0198444211688693,0.0,0.7326270568292541,0.0,0.8762357389990617,0.0
block_residual,120,1,all,1,32.79999923706055,0.0,0.3,0.0,-39.25859832763672,0.0,0.05090484768152237,0.0,1.6176669597625732,0.0,1.097090539619564,0.0,0.519042469230132,0.0,0.8080665044248481,0.0
block_residual,120,1,KD,1,32.79999923706055,0.0,0.3,0.0,-39.25859832763672,0.0,0.05090484768152237,0.0,1.6176669597625732,0.0,1.097090539619564,0.0,0.519042469230132,0.0,0.8080665044248481,0.0
block_uncoupled,20,0,all,1,65.75,0.0,0.0,0.0,-55.42315673828125,0.0,0.34426817297935486,0.0,0.0,0.0,1.0,0.0,nan,0.0,nan,0.0
block_uncoupled,20,0,control,1,65.75,0.0,0.0,0.0,-55.42315673828125,0.0,0.34426817297935486,0.0,0.0,0.0,1.0,0.0,nan,0.0,nan,0.0
block_uncoupled,20,0.25,all,1,75.5999984741211,0.0,0.0,0.0,-53.32830810546875,0.0,0.3061782717704773,0.0,0.0,0.0,1.1768473701823925,0.0,nan,0.0,nan,0.0
block_uncoupled,20,0.25,KD,1,105.0,0.0,0.0,0.0,-47.43978500366211,0.0,0.1917172372341156,0.0,0.0,0.0,1.7029955603718456,0.0,nan,0.0,nan,0.0
block_uncoupled,20,0.25,control,1,65.80000305175781,0.0,0.0,0.0,-55.29115295410156,0.0,0.34433192014694214,0.0,0.0,0.0,1.0014648315254253,0.0,nan,0.0,nan,0.0
block_uncoupled,20,0.5,all,1,85.55000305175781,0.0,0.0,0.0,-51.22551345825195,0.0,0.26764512062072754,0.0,0.0,0.0,1.3539663457397462,0.0,nan,0.0,nan,0.0
block_uncoupled,20,0.5,KD,1,105.30000305175781,0.0,0.0,0.0,-47.112693786621094,0.0,0.1911228448152542,0.0,0.0,0.0,1.7072357050014206,0.0,nan,0.0,nan,0.0
block_uncoupled,20,0.5,control,1,65.80000305175781,0.0,0.0,0.0,-55.33832550048828,0.0,0.34416741132736206,0.0,0.0,0.0,1.0006968716343616,0.0,nan,0.0,nan,0.0
block_uncoupled,20,0.75,all,1,95.55000305175781,0.0,0.0,0.0,-49.183738708496094,0.0,0.22906756401062012,0.0,0.0,0.0,1.5335024368686898,0.0,nan,0.0,nan,0.0
block_uncoupled,20,0.75,KD,1,105.66666412353516,0.0,0.0,0.0,-47.07728576660156,0.0,0.18968605995178223,0.0,0.0,0.0,1.7136227379521483,0.0,nan,0.0,nan,0.0
block_uncoupled,20,0.75,control,1,65.19999694824219,0.0,0.0,0.0,-55.503082275390625,0.0,0.347212016582489,0.0,0.0,0.0,0.9931413039308935,0.0,nan,0.0,nan,0.0
block_uncoupled,20,1,all,1,105.4000015258789,0.0,0.0,0.0,-47.06809997558594,0.0,0.1900499165058136,0.0,0.0,0.0,1.7104819921616872,0.0,nan,0.0,nan,0.0
block_uncoupled,20,1,KD,1,105.4000015258789,0.0,0.0,0.0,-47.06809997558594,0.0,0.1900499165058136,0.0,0.0,0.0,1.7104819921616872,0.0,nan,0.0,nan,0.0
block_uncoupled,120,0,all,1,89.5,0.0,0.0,0.0,-42.50396728515625,0.0,0.07652796804904938,0.0,0.0,0.0,1.0,0.0,nan,0.0,nan,0.0
block_uncoupled,120,0,control,1,89.5,0.0,0.0,0.0,-42.50396728515625,0.0,0.07652796804904938,0.0,0.0,0.0,1.0,0.0,nan,0.0,nan,0.0
block_uncoupled,120,0.25,all,1,75.55000305175781,0.0,0.2,0.0,-40.991851806640625,0.0,0.0660499781370163,0.0,0.0,0.0,1.0675295309142163,0.0,nan,0.0,nan,0.0
block_uncoupled,120,0.25,KD,1,20.600000381469727,0.0,0.8,0.0,-36.53681945800781,0.0,0.03625939413905144,0.0,0.0,0.0,1.2581556776252467,0.0,nan,0.0,nan,0.0
block_uncoupled,120,0.25,control,1,93.86666870117188,0.0,0.0,0.0,-42.476871490478516,0.0,0.07598017156124115,0.0,0.0,0.0,1.0039874458117104,0.0,nan,0.0,nan,0.0
block_uncoupled,120,0.5,all,1,49.29999923706055,0.0,0.4,0.0,-39.502384185791016,0.0,0.05568964406847954,0.0,0.0,0.0,1.1258954730577002,0.0,nan,0.0,nan,0.0
block_uncoupled,120,0.5,KD,1,12.199999809265137,0.0,0.8,0.0,-36.52482604980469,0.0,0.03591357171535492,0.0,0.0,0.0,1.247097080155393,0.0,nan,0.0,nan,0.0
block_uncoupled,120,0.5,control,1,86.4000015258789,0.0,0.0,0.0,-42.47993469238281,0.0,0.07546572387218475,0.0,0.0,0.0,1.0046939745564947,0.0,nan,0.0,nan,0.0
block_uncoupled,120,0.75,all,1,34.5,0.0,0.6,0.0,-38.00754165649414,0.0,0.04631715267896652,0.0,0.0,0.0,1.1964642938551437,0.0,nan,0.0,nan,0.0
block_uncoupled,120,0.75,KD,1,9.600000381469727,0.0,0.8,0.0,-36.40505599975586,0.0,0.03542648255825043,0.0,0.0,0.0,1.2590543135556325,0.0,nan,0.0,nan,0.0
block_uncoupled,120,0.75,control,1,109.19999694824219,0.0,0.0,0.0,-42.815006256103516,0.0,0.07898915559053421,0.0,0.0,0.0,1.0086940175607035,0.0,nan,0.0,nan,0.0
block_uncoupled,120,1,all,1,8.199999809265137,0.0,0.825,0.0,-36.4682731628418,0.0,0.03556033968925476,0.0,0.0,0.0,1.2473284992693086,0.0,nan,0.0,nan,0.0
block_uncoupled,120,1,KD,1,8.199999809265137,0.0,0.825,0.0,-36.4682731628418,0.0,0.03556033968925476,0.0,0.0,0.0,1.2473284992693086,0.0,nan,0.0,nan,0.0
block_validation,20,0,all,3,69.56666564941406,0.5795123196365854,0.0,0.0,-54.734564463297524,0.12320909471526527,0.3199617365996043,0.0012943012708502993,4.490589618682861,0.2340899792323316,1.0,0.0,1.0,0.0,1.0,0.0
block_validation,20,0,control,3,69.56666564941406,0.5795123196365854,0.0,0.0,-54.734564463297524,0.12320909471526527,0.3199617365996043,0.0012943012708502993,4.490589618682861,0.2340899792323316,1.0,0.0,1.0,0.0,1.0,0.0
block_validation,20,0.1,all,3,73.73333485921223,0.38188130791298663,0.0,0.0,-53.87411753336588,0.05271692262236418,0.3008437653382619,0.001772673452416841,4.819918314615886,0.27113855524892816,1.0682285723245932,0.004015282390237942,1.073229444148249,0.01200922593733494,1.0707290082364211,0.0050539797591274945
block_validation,20,0.1,KD,3,111.5,1.8027756377319946,0.0,0.0,-46.102027893066406,0.5476686624224537,0.16990831991036734,0.004559714346071534,4.104202747344971,0.6102071165077989,1.7039085352564216,0.01789575404378359,0.9142772729264795,0.12701192401832287,1.3090929040914507,0.07244812032818808
block_validation,20,0.1,control,3,69.5370381673177,0.28509023535176103,0.0,0.0,-54.737684885660805,0.0518830509246939,0.315392126639684,0.00180573443818773,4.8994425137837725,0.2749558707893124,0.9975975263262158,0.005354473099446938,1.0908908487284725,0.004636016780644747,1.044244187527344,0.0024370074872624727
block_validation,20,0.2,all,3,78.5,0.7000023978122554,0.0,0.0,-52.825548807779946,0.07945373684523246,0.28500865896542865,0.0015218993980775164,5.0173845291137695,0.2670927410277374,1.1454944892648722,0.0027236717955827507,1.1172745846848702,0.004173129931066221,1.131384536974871,0.0014538204082992056
block_validation,20,0.2,KD,3,111.91666666666667,0.8779711460710616,0.0,0.0,-46.11279805501302,0.12714263535062612,0.16925383607546488,0.0025607230589760545,4.319352467854817,0.22541812306833411,1.7052884606575673,0.012007071194230605,0.9619382131277746,0.013213318339758846,1.3336133368926708,0.011887907730533068
block_validation,20,0.2,control,3,70.14583333333333,0.8890245122229945,0.0,0.0,-54.50373967488607,0.07473514983855957,0.31394736965497333,0.0019616209505226847,5.191892782847087,0.2788455105533688,1.0055459509915348,0.006323800544824177,1.156108731131331,0.0025452763134598353,1.0808273410614329,0.0032715635499568287
block_validation,20,0.3,all,3,82.98333485921223,0.596516457233747,0.0,0.0,-51.92076110839844,0.19072599207274976,0.2686084508895874,0.0014683593204420397,5.249826113382976,0.17927457792900228,1.218875929136091,0.003336872042530113,1.169836942736973,0.022589335769888974,1.194356435936532,0.010277207575195296
block_validation,20,0.3,KD,3,111.5,0.44095903245785056,0.0,0.0,-46.020886739095054,0.14701775540953263,0.16825620333353677,0.001982199366744536,4.543063640594482,0.3568471416776783,1.700578306550179,0.005837177415528127,1.0108427474861068,0.03133284327840724,1.3557105270181429,0.0146227142877751
block_validation,20,0.3,control,3,70.76190439860027,0.7867981012329155,0.0,0.0,-54.449275970458984,0.20946786014000257,0.31161652008692425,0.0013580316096047553,5.552724520365397,0.10687607977580062,1.01243200113221,0.006920067975770683,1.2379773571159982,0.041817621342465146,1.125204679124104,0.01892460890269649
block_validation,20,0.4,all,3,87.58333333333333,0.42524422005496304,0.0,0.0,-50.977684020996094,0.1243165588644856,0.2528933882713318,0.001617537013102053,5.462138970692952,0.22564363051926734,1.2938754066398694,0.003578816055653235,1.2168625750587454,0.01767022230571658,1.2553689908493075,0.009325575935131397
block_validation,20,0.4,KD,3,111.75,1.4086784586980805,0.0,0.0,-45.96393712361654,0.17137527828113946,0.1680934727191925,0.002334137232913045,4.757798830668132,0.40422100644808767,1.703448449005668,0.007348706312928432,1.0586088672144462,0.045817119195223036,1.381028658110057,0.026183671121504725
block_validation,20,0.4,control,3,71.47222391764323,0.535758903033378,0.0,0.0,-54.32018788655599,0.18143907031758905,0.3094266653060913,0.001922361928095853,5.9316989580790205,0.1338400758257656,1.0208266629586893,0.010248345858318608,1.3223650233217243,0.04258347368916703,1.1715958431402067,0.024822019658253872
block_validation,20,0.5,all,3,92.01666514078777,0.3617090123698979,0.0,0.0,-50.149556477864586,0.028980716164206336,0.23573250571886697,0.001824251762913882,5.657405694325765,0.24085590250939728,1.3704635751304899,0.004239087285640616,1.2603032186054828,0.016592856115492507,1.3153833968679864,0.008094140594842722
block_validation,20,0.5,KD,3,112.06666564941406,0.6506384037570975,0.0,0.0,-45.97180430094401,0.06916654461497766,0.1664974441130956,0.002609174683986579,4.942417939503987,0.35314339726447225,1.7124877672581524,0.0019444617111818961,1.1000791074153389,0.032351869296884786,1.4062834373367457,0.015671055792808686
block_validation,20,0.5,control,3,71.96666971842448,0.2886751345948129,0.0,0.0,-54.3273073832194,0.038163215294558385,0.3049675524234772,0.0012171673104665066,6.3723931312561035,0.15284696733716976,1.028439382473787,0.007430931802623943,1.4205272653385095,0.04330808253004922,1.2244833239061481,0.024496369000726336
block_validation,20,0.6,all,3,96.33333333333333,0.6788444769025982,0.0,0.0,-49.298407236735024,0.07807028802376502,0.2212723195552826,0.0017104219410273443,5.842342376708984,0.28251248791332056,1.4433851373158408,0.004197746759078469,1.3012493256861768,0.014269215433085911,1.3723172315010086,0.005435204666272801
block_validation,20,0.6,KD,3,112.55555470784505,0.9292066549347547,0.0,0.0,-45.934930165608726,0.12785498950847052,0.16492525239785513,0.002438157068856069,5.281894048055013,0.32706825282144236,1.7199799394305906,0.0030473159663958298,1.176219742998499,0.037598937974354436,1.448099841214545,0.017458563461246576
block_validation,20,0.6,control,3,72.0,0.375,0.0,0.0,-54.34362284342448,0.04483192678799762,0.3057929078737895,0.0014290233866417314,6.683015664418538,0.2982530216318723,1.0284929709741018,0.006951425229257879,1.4887938745104579,0.029692578669730556,1.2586434227422798,0.018271102347436022
block_validation,20,0.7,all,3,100.83333333333333,0.92915477888009,0.0,0.0,-48.37841669718424,0.049622765361178774,0.20576717952887216,0.0018810669686976284,5.945408344268799,0.31083282428636766,1.5156514284431972,0.0033059699600283612,1.3239739267132384,0.005186842841439303,1.4198126775782178,0.0021658925601822686
block_validation,20,0.7,KD,3,113.11904907226562,1.4309487498381275,0.0,0.0,-45.86128234863281,0.12350668285715113,0.16327341894308725,0.0029218318686977884,5.492669741312663,0.3549753392304229,1.7242402432673265,0.006734169572399436,1.2227344411158805,0.024711484175119137,1.4734873421916035,0.014887208948860609
block_validation,20,0.7,control,3,72.16666666666667,0.6666679382360599,0.0,0.0,-54.25171915690104,0.13918838582384874,0.3049192428588867,0.0008730017768118062,7.001796881357829,0.28430552571046397,1.0289440502735732,0.011594804549522643,1.5601990615483767,0.043574446831693966,1.294571555910975,0.027517550707112034
block_validation,20,0.8,all,3,105.36666870117188,1.2096848780042324,0.0,0.0,-47.49720255533854,0.11864178420283387,0.19016612072785696,0.002485078213932266,6.069751898447673,0.3713086920968437,1.589812817934109,0.005914171340420977,1.3512459732760158,0.014546072109018834,1.4705293956050625,0.008681095336605816
block_validation,20,0.8,KD,3,113.47916666666667,1.3115075612947618,0.0,0.0,-45.88360722859701,0.05447063681283001,0.1626548320055008,0.0021906072893197646,5.633358319600423,0.3836498437647888,1.7278518270751686,0.00616000344356754,1.2537689321222056,0.020624347156532465,1.4908103795986871,0.012813589319362152
block_validation,20,0.8,control,3,72.91666666666667,0.8036375634160795,0.0,0.0,-53.95158894856771,0.3892197013963248,0.30021125078201294,0.0036837432281596203,7.81532605489095,0.34458512034503597,1.037656891980101,0.00509738545432582,1.7411540909842405,0.03902534227104166,1.3894054914821707,0.016976386290420746
block_validation,20,0.9,all,3,109.38333129882812,0.8962881616251527,0.0,0.0,-46.64610926310221,0.1653717956558437,0.17636412382125854,0.0024555474188771536,6.135376453399658,0.3581089773510658,1.6590425759154472,0.004481863896261272,1.3659694546780285,0.008875370389581336,1.512506015296738,0.006166768557310546
block_validation,20,0.9,KD,3,113.37036895751953,0.714341775806279,0.0,0.0,-45.8467903137207,0.16295460570195994,0.1628962606191635,0.0011486248485395236,5.838026841481526,0.29272482593978305,1.7271249463591385,0.002409353371604529,1.300167767170186,0.007527326765797305,1.513646356764662,0.0028325914436191286
block_validation,20,0.9,control,3,73.5,2.6457513110645907,0.0,0.0,-53.83998998006185,0.822024173592795,0.29757485787073773,0.014862867486975148,8.811522165934244,1.0184960787853032,1.0463007013834327,0.03194697730291362,1.9581844758615272,0.1383899575207292,1.5022425886224802,0.08515406658807875
block_validation,20,1,all,3,113.16666666666667,1.1676166336241143,0.0,0.0,-45.86279805501302,0.16868685516917908,0.1619237760702769,0.0023683921778796806,6.168915589650472,0.3456917537722389,1.7268906229604422,0.011272141313180273,1.37355550536857,0.007908872496219146,1.5502230641645063,0.009212979858193715
block_validation,20,1,KD,3,113.16666666666667,1.1676166336241143,0.0,0.0,-45.86279805501302,0.16868685516917908,0.1619237760702769,0.0023683921778796806,6.168915589650472,0.3456917537722389,1.7268906229604422,0.011272141313180273,1.37355550536857,0.007908872496219146,1.5502230641645063,0.009212979858193715
block_validation,110,0,all,3,91.0500005086263,5.4616864539171,0.0,0.0,-43.05062484741211,0.061785642405223315,0.08237532277901967,0.00059602065637476,4.742501417795817,0.23926479520689228,1.0,0.0,1.0,0.0,1.0,0.0
block_validation,110,0,control,3,91.0500005086263,5.4616864539171,0.0,0.0,-43.05062484741211,0.061785642405223315,0.08237532277901967,0.00059602065637476,4.742501417795817,0.23926479520689228,1.0,0.0,1.0,0.0,1.0,0.0
block_validation,110,0.1,all,3,85.85000101725261,7.545365503962769,0.06666666666666667,0.01443375672974064,-42.47405878702799,0.059224619865710086,0.07840760300556819,0.0005784587350194458,4.401883602142334,0.2665400953099592,1.021772016610709,0.0012012108944063219,0.9284140016081593,0.039857565878007976,0.9750930091094342,0.01986971440645374
block_validation,110,0.1,KD,3,6.666666666666667,5.923118547972287,0.6666666666666666,0.14433756729740646,-36.97880554199219,0.07738060277578294,0.038131593416134514,0.0006673524829900232,4.149468104044597,0.5006203775150925,1.2400211389748315,0.01867196243838253,0.8767041231231584,0.11638891976466034,1.0583626310489949,0.05803394662911958
block_validation,110,0.1,control,3,94.64815012613933,7.778238978159495,0.0,0.0,-43.08463923136393,0.06175339652057412,0.08288271725177765,0.0006396872101032435,4.429930051167806,0.3396984226876116,0.9975220851168949,0.0015617574402876306,0.9341596050728538,0.05519623656518019,0.9658408450948742,0.026847237033292472
block_validation,110,0.2,all,3,82.28333282470703,8.670688467238366,0.11666666666666665,0.014433756729740642,-41.89278920491537,0.03661115359135169,0.07426499327023824,0.0008566627985520781,4.13874093691508,0.28535843848085846,1.0492534123986454,0.005561855049030222,0.8725795487709366,0.03746464302155606,0.9609164805847911,0.021494693526812644
block_validation,110,0.2,KD,3,12.25,14.506464076404008,0.5833333333333334,0.07216878364870323,-37.04003779093424,0.2898416386688043,0.038908157497644424,0.0027903959340580017,3.7829936345418296,0.07841062766063094,1.2456214289013703,0.0164612109032347,0.7996104477111686,0.057532509209961426,1.0226159383062694,0.029684121037194793
block_validation,110,0.2,control,3,99.79166666666667,7.5973713930104365,0.0,0.0,-43.10597610473633,0.095322392853017,0.08310420314470927,0.0015578423097401546,4.227677663167317,0.3681296922753349,1.0001613622146406,0.002915222971147661,0.8908218032969643,0.04937603674921252,0.9454915827558024,0.02590658620360887
block_validation,110,0.3,all,3,75.66666666666667,6.437067635347173,0.17499999999999996,0.02500000000000001,-41.31235885620117,0.06324510868213024,0.07014217972755432,0.0009005830178330579,3.784414211908976,0.23196775687884835,1.0711820824766223,0.010563528081659215,0.7987527706627392,0.0500608291128758,0.9349674265696807,0.03030874817230404
block_validation,110,0.3,KD,3,14.277777433395386,9.76008473033959,0.5833333333333334,0.08333333333333331,-37.06221135457357,0.16239783147114337,0.0389786995947361,0.0018818812319650253,3.3658388455708823,0.11912181370270337,1.2343033003868822,0.018740860662724006,0.7115522842004843,0.05695095030539983,0.9729277922936833,0.03564687609822981
block_validation,110,0.3,control,3,101.97619120279948,7.064694097370091,0.0,0.0,-43.13384882609049,0.13169551587251865,0.08349795391162236,0.0018809861150874206,3.96380352973938,0.3133901663178998,1.0012729205690725,0.007071466303903004,0.8361243835486533,0.057267962696297504,0.9186986520588629,0.03192746805798178
block_validation,110,0.4,all,3,67.13333384195964,8.41580677537353,0.25,0.02500000000000001,-40.727044423421226,0.06613639259751056,0.06597123543421428,0.0007101465946915491,3.319912592569987,0.34264257965783396,1.0924517382258851,0.00863713346314166,0.7004620436859345,0.06838639122684688,0.89645689095591,0.03843302051122874
block_validation,110,0.4,KD,3,16.0,8.06322671143507,0.625,0.0625,-37.11965306599935,0.16147190714478765,0.03913623715440432,0.0013327476535803092,3.08376137415568,0.3277909941707049,1.230362488023464,0.0130012692716186,0.6517268018016652,0.07931491087704398,0.9410446449125646,0.04615612165777477
block_validation,110,0.4,control,3,101.22222137451172,9.01285183241817,0.0,0.0,-43.131971995035805,0.1659263086726624,0.08386122932036717,0.0018482860773592583,3.477346658706665,0.38942186625884473,1.000511176928536,0.006050652103785674,0.7329521885233387,0.06859296346043896,0.8667316827259374,0.03722883978818119
block_validation,110,0.5,all,3,58.61666615804037,8.340311626952161,0.3,0.043301270189221905,-40.188907623291016,0.05210629215769724,0.0618852103749911,0.0005756614342369504,2.749858776728312,0.41244961257040336,1.117070331438983,0.00769298933464376,0.5797946958552543,0.08027500025886897,0.8484325136471186,0.04257025544960357
block_validation,110,0.5,KD,3,15.899999936421713,7.535914399493068,0.6,0.08660254037844381,-37.18693542480469,0.07708363295390629,0.039504121989011765,0.0006781774083517379,2.551372845967611,0.36914997860778775,1.2324496115220989,0.010418840380059245,0.5381218230466573,0.07317062625580352,0.8852857172843782,0.04049281825235869
block_validation,110,0.5,control,3,101.33333333333333,9.187675508306656,0.0,0.0,-43.190878550211586,0.0875759812741482,0.08426630248626073,0.0015541894136766642,2.948344866434733,0.4568008909931276,1.0016911621144489,0.005075576795870467,0.6214676029102799,0.08772392363546884,0.8115793825123644,0.04495315597925713
block_validation,110,0.6,all,3,51.81666692097982,9.306224671810437,0.375,0.04330127018922194,-39.63211313883463,0.02438741700163535,0.05798041572173437,0.000520446848507438,2.3781380653381348,0.4470311102882276,1.140613645447817,0.005189599661373814,0.5008127544115509,0.08489500899261389,0.820713199929684,0.04337634616046541
block_validation,110,0.6,KD,3,14.444444338480631,8.203290433746107,0.625,0.07216878364870323,-37.14452234903971,0.01132619678835051,0.03924558808406194,0.00018815747722625766,2.2551199992497764,0.4169973784006555,1.2351094839739012,0.005535290114159682,0.47517396193103484,0.08079836515470996,0.8551417229524679,0.04200937000967255
block_validation,110,0.6,control,3,107.875,10.997869111787065,0.0,0.0,-43.36349614461263,0.04506876830319831,0.086082657178243,0.0014416861172429766,2.5626653830210366,0.4976777592684116,0.9988699793006531,0.004939066471046746,0.5392709890513329,0.09246539738245466,0.7690704841759931,0.04615828171118504
block_validation,110,0.7,all,3,41.03333409627279,7.3256956462342195,0.4166666666666667,0.057735026918962595,-39.046512603759766,0.04934682577709679,0.05375496670603752,0.00036925877816493957,1.845919926961263,0.2412920976298539,1.162248939534005,0.005766062788996643,0.389991249734037,0.05420426085648039,0.7761200946340211,0.029179654695576755
block_validation,110,0.7,KD,3,13.833333651224772,6.456421583265736,0.5952380952380952,0.08247860988423228,-37.1650759379069,0.09487373235457004,0.039353144665559135,0.000571852147424601,1.7553540865580242,0.2512074682770737,1.233870242160183,0.006298327513998863,0.3707891462753226,0.055018291772068934,0.8023296942177529,0.02918893881826672
block_validation,110,0.7,control,3,104.5,14.207785542687416,0.0,0.0,-43.436529795328774,0.17863615859002266,0.087359219789505,0.001833402783595649,2.057240128517151,0.22000834507275618,0.9951327141962553,0.005487588120318043,0.43479613469522604,0.05333522856019024,0.7149644244457406,0.02939305088610582
block_validation,110,0.8,all,3,34.76666768391927,2.503165049714872,0.48333333333333334,0.028867513459481284,-38.44856516520182,0.04790667575231991,0.049617102990547814,0.0005372021493698443,1.5853731632232666,0.10030089211344646,1.1887462107281683,0.008427756070813953,0.3341978919392105,0.008739241787760246,0.7614720513336893,0.006312148211992026
block_validation,110,0.8,KD,3,13.895833333333334,5.090713563277091,0.6041666666666666,0.03608439182435161,-37.14305750528971,0.053445679369575484,0.039313580840826035,0.000488826709499613,1.5204975605010986,0.13920214925866395,1.237891596361658,0.007220617890527332,0.32031855684653204,0.018369060319469235,0.779105076604095,0.008813727763786586
block_validation,110,0.8,control,3,118.25,10.5,0.0,0.0,-43.67060089111328,0.3292057273510821,0.09083120773235957,0.0038963514060598955,1.8448762098948162,0.11093511072841612,0.9921649627749956,0.015152234558336287,0.38971536397481127,0.03133653540237777,0.6909401633749034,0.016866107053534668
block_validation,110,0.9,all,3,24.333333333333332,4.660828938138032,0.5333333333333333,0.038188130791298645,-37.87064870198568,0.03434874803467658,0.045245262483755745,0.0009438180337391399,1.0587318142255147,0.2606573299938291,1.2124569637860088,0.008315387616873636,0.22185392572208865,0.0460292659276437,0.7171554447540487,0.023954954957927568
block_validation,110,0.9,KD,3,13.59259287516276,5.035164800803284,0.5925925925925926,0.04243125643477625,-37.18871180216471,0.0768919437505672,0.039595471074183784,0.0007310522420681167,1.0238781968752544,0.2900431690362173,1.238225908082872,0.00461328900052305,0.21422128807420807,0.052303953393776435,0.7262235980785401,0.02661050310491697
block_validation,110,0.9,control,3,121.0,12.55985668708047,0.0,0.0,-44.008113861083984,0.9750213963554225,0.09609338889519374,0.015053023390627444,1.3724138736724854,0.29698114351928384,0.9805376453361268,0.042659017597182304,0.2905475636084269,0.06694908765693629,0.6355426044722768,0.0547702873147923
block_validation,110,1,all,3,15.450000127156576,6.390618356267585,0.5416666666666666,0.014433756729740658,-37.268296559651695,0.025025440501274743,0.040216791133085884,0.000226463821075409,0.6239698131879171,0.31418975965328544,1.2406178677135313,0.003014651391183898,0.12951525897096786,0.06122782758422122,0.6850665633422496,0.030140786226577673
block_validation,110,1,KD,3,15.450000127156576,6.390618356267585,0.5416666666666666,0.014433756729740658,-37.268296559651695,0.025025440501274743,0.040216791133085884,0.000226463821075409,0.6239698131879171,0.31418975965328544,1.2406178677135313,0.003014651391183898,0.12951525897096786,0.06122782758422122,0.6850665633422496,0.030140786226577673
block_validation,120,0,all,3,66.56666564941406,3.7384257145113597,0.008333333333333333,0.014433756729740647,-42.16082890828451,0.037105243684517175,0.07299849390983582,0.0008269993703075897,3.272606531778971,0.17182591307399941,1.0,0.0,1.0,0.0,1.0,0.0
block_validation,120,0,control,3,66.56666564941406,3.7384257145113597,0.008333333333333333,0.014433756729740647,-42.16082890828451,0.037105243684517175,0.07299849390983582,0.0008269993703075897,3.272606531778971,0.17182591307399941,1.0,0.0,1.0,0.0,1.0,0.0
block_validation,120,0.1,all,3,61.90000025431315,5.3807543234983575,0.10000000000000002,1.6996749443881478e-17,-41.62363815307617,0.0739172599678354,0.06955461204051971,0.0006667198648821162,3.0257914066314697,0.22077145939212758,1.0266900790085984,0.0006179409869813857,0.9240008905382697,0.025649296204708925,0.9753454847734341,0.012530542183389936
block_validation,120,0.1,KD,3,3.3333333333333335,0.5773502691896258,0.9166666666666666,0.14433756729740646,-36.333258310953774,0.06683130068344802,0.03498828038573265,0.0006540632599765105,2.889652729034424,0.36682898629254607,1.2779071173564105,0.02303158495410741,0.8821713105511129,0.08928706509251357,1.0800392139537618,0.03361388456258112
block_validation,120,0.1,control,3,68.40740712483723,5.934918796651226,0.009259259259259259,0.016037507477489603,-42.21145884195963,0.07600671873453742,0.07339531183242798,0.0006742826055812936,3.040917714436849,0.23185113451232953,0.9987770584621494,0.0026794590342991507,0.9286485574416501,0.03510433196519996,0.9637128079518996,0.016572372798665514
block_validation,120,0.2,all,3,56.699999491373696,6.937578982341798,0.18333333333333335,0.028867513459481298,-41.05651092529297,0.04740253031536367,0.06601508458455403,0.0005789890273651465,2.721341848373413,0.3098112995750289,1.0598769466523736,0.005746035744898147,0.8299128434930921,0.055932775433036194,0.9448948950727329,0.029468995128894355
block_validation,120,0.2,KD,3,10.25,11.908505363814553,0.875,0.21650635094610965,-36.38947296142578,0.2822326093934625,0.035822417587041855,0.00260914903387188,2.3752404054005942,0.06283484893511708,1.2887754208573186,0.02434227949218363,0.726957904551322,0.03862519202680089,1.0078666627043205,0.013814267820794991
block_validation,120,0.2,control,3,68.3125,7.125822320967595,0.010416666666666666,0.018042195912175808,-42.223270416259766,0.08934035973084338,0.07356325288613637,0.0011064951556904496,2.8078672091166177,0.3882678848223513,1.002652254489618,0.002350888069337464,0.855651576973921,0.07956409505205456,0.9291519157317695,0.039304236208929935
block_validation,120,0.3,all,3,47.833333333333336,3.253203549323856,0.26666666666666666,0.03818813079129866,-40.51874923706055,0.07331040136409352,0.062433032939831413,0.0009305236145503189,2.3314946492513022,0.042946275362228864,1.087274231012749,0.008931433021981199,0.7132805211759742,0.024596397309252862,0.9002773760943615,0.01607772591516905
block_validation,120,0.3,KD,3,6.833333452542623,7.6720996943776765,0.861111111111111,0.17347216662217774,-36.44728215535482,0.20952047182609077,0.03581260020534197,0.0016608356539161387,2.046724716822306,0.2085950382815356,1.2784070498066928,0.014007528891869327,0.6278873128174793,0.08925139921368729,0.9531471813120862,0.045753971221727606
block_validation,120,0.3,control,3,65.4047622680664,2.339036479668574,0.011904761904761904,0.020619652471058063,-42.26366424560547,0.1458528352157355,0.07384179284175237,0.0016994724723834195,2.45353897412618,0.12751206886080144,1.0053601921224289,0.007287241173256273,0.7498776301422739,0.01912576014625991,0.8776189111323515,0.011746963627139182
block_validation,120,0.4,all,3,42.449999491373696,5.168171351376506,0.35000000000000003,0.04330127018922194,-39.95550537109375,0.06842250899448471,0.058721043169498444,0.0004863589980944746,2.065481344858805,0.13282768488329086,1.1111703662123287,0.012764424825553464,0.6334875078599231,0.0695753659466009,0.8723289370361259,0.041169892843031915
block_validation,120,0.4,KD,3,5.875,5.764926278800103,0.8541666666666666,0.14433756729740646,-36.47551727294922,0.18819649717809908,0.03584244598944982,0.0013021691919728282,1.893203337987264,0.3068826286699739,1.270861347938797,0.02347262288235309,0.5825453367761441,0.11976718277524566,0.9267033423574703,0.07161620733838724
block_validation,120,0.4,control,3,66.83333333333333,5.15657528451746,0.013888888888888888,0.024056261216234408,-42.275498708089195,0.12928582656469553,0.07397344211737315,0.0012523299268523424,2.180333455403646,0.036563699971781397,1.0047097485084244,0.005660156758218509,0.6674489897508629,0.03612185977263273,0.8360793691296436,0.020883828178732536
block_validation,120,0.5,all,3,34.5,6.1096229100966,0.43333333333333335,0.02886751345948128,-39.383705139160156,0.054684434931513044,0.05499394858876864,0.0005972879194122642,1.591780424118042,0.20885122456255573,1.1349262824298656,0.011749313807266982,0.487608515986451,0.07160406937482468,0.8112673992081584,0.04076583455596826
block_validation,120,0.5,KD,3,5.833333412806193,4.772141476768266,0.85,0.08660254037844388,-36.52146911621094,0.07140206540242497,0.03593704973657926,0.0007782583081097595,1.4408797423044841,0.2307721613813114,1.2634905738773077,0.018141846358712865,0.44148346764588964,0.07716930090186493,0.8524870207615987,0.04699453183565449
block_validation,120,0.5,control,3,63.16666793823242,7.55005687330125,0.016666666666666666,0.028867513459481294,-42.245941162109375,0.06990963414802352,0.0740508461991946,0.0014043911621090916,1.7426811456680298,0.18698344300961384,1.0063619910271588,0.007102562841591101,0.5337335790839846,0.06621260429844048,0.7700477850555717,0.0346648186013061
block_validation,120,0.6,all,3,31.516667048136394,9.375011938129932,0.5166666666666666,0.014433756729740658,-38.8226687113444,0.06820754623986269,0.05153908580541611,0.0007447823110775575,1.4525433778762817,0.3259247472414059,1.163529693494911,0.013769838355166765,0.4464271418230507,0.11101201284658267,0.8049784176589808,0.06230614423000193
block_validation,120,0.6,KD,3,5.111111005147298,4.097198498472225,0.8472222222222222,0.048112522432468836,-36.45969772338867,0.04921709506222384,0.035642318427562714,0.00046699091523332335,1.3405085802078247,0.3558697020731194,1.2688922458014593,0.019860169025071255,0.4126898458359518,0.12030945462641371,0.8407910458187056,0.07002046971649263
block_validation,120,0.6,control,3,71.125,18.213576666871337,0.020833333333333332,0.036084391824351615,-42.36712392171224,0.09682819411153369,0.0753842368721962,0.00169350226904456,1.620595653851827,0.29333815449368617,1.0054857545954723,0.0078020015699441555,0.4970331131851753,0.09927668510007825,0.7512594338903238,0.05126341654460446
block_validation,120,0.7,all,3,26.316666920979817,6.007148137259585,0.6083333333333334,0.014433756729740658,-38.25625737508138,0.052631247579430024,0.047816041857004166,0.00025067640702409793,1.1644248763720195,0.1977513173745783,1.188624250063846,0.014597413393844063,0.3584784673326708,0.07723159611284702,0.7735513586982584,0.04589551400977373
block_validation,120,0.7,KD,3,5.547618865966797,3.2999173444089784,0.8571428571428572,0.035714285714285754,-36.465919494628906,0.12229327468919172,0.035650315384070076,0.000707112345389505,1.0675257245699565,0.20398214324226732,1.268508962212845,0.016127503339617103,0.32883592845394183,0.07716479462108844,0.7986724453333934,0.046642668496640005
block_validation,120,0.7,control,3,74.77777735392253,16.586751731441254,0.027777777777777776,0.048112522432468816,-42.433719635009766,0.17696795395999887,0.07620274275541306,0.0015480754481818073,1.3905226786931355,0.18709354838056974,1.0022264410048682,0.011941946530133883,0.42764431996320035,0.07848682539293916,0.7149353804840342,0.0450082944804595
block_validation,120,0.8,all,3,21.799999872843426,3.2430690984196153,0.6833333333333332,0.014433756729740593,-37.68895975748698,0.07048834409651047,0.044287181148926415,0.0007227622623220187,0.972277820110321,0.10460258844210221,1.219806074201468,0.010843291106783098,0.2987295707934856,0.04727467840041415,0.7592678224974768,0.028841625706246165
block_validation,120,0.8,KD,3,5.395833333333333,3.0132087686274462,0.8541666666666666,0.018042195912175808,-36.436041514078774,0.07709455007068856,0.03552252799272537,0.0005709926434889525,0.9284040729204813,0.10206978397389321,1.273225224794716,0.009180181744910884,0.2852337367890124,0.04478833248145153,0.7792294807918642,0.026983178560039737
block_validation,120,0.8,control,3,87.41666666666667,12.887332281482204,0.0,0.0,-42.70062764485677,0.3150216030372742,0.07934579253196716,0.004007144359241151,1.1477725903193157,0.24800262392335243,1.0061296926541756,0.01759546811925878,0.3527128385695195,0.08900924488114793,0.6794212656118476,0.05016921761999446
block_validation,120,0.9,all,3,14.833333651224772,0.7251435696743279,0.7583333333333334,0.0381881307912987,-37.12034225463867,0.07414957176444259,0.040487355242172875,0.0010743668194964854,0.6015009681383768,0.014403182069610027,1.2440544635231439,0.00587090355583058,0.184285662636555,0.013927891474693593,0.7141700630798494,0.009737934152433451
block_validation,120,0.9,KD,3,5.222222248713176,2.6463344107282842,0.8425925925925926,0.04243125643477625,-36.460198720296226,0.09613060878038035,0.03561865786711375,0.0006839260974076134,0.5905911922454834,0.019113662943916684,1.2709393762306893,0.003308540615874847,0.1805912130653737,0.0036211043386063274,0.7257652946480314,0.0034558172418059016
block_validation,120,0.9,control,3,101.33333333333333,17.95364401266031,0.0,0.0,-43.06158574422201,1.0248102874144418,0.08430562913417816,0.014411770758536991,0.6996890207131704,0.31605125555237906,1.0020899178098712,0.029256814842241696,0.21753573278190141,0.10715273672051528,0.6098128252958862,0.06650538285261605
block_validation,120,1,all,3,7.816666762034099,0.028867348278244297,0.8166666666666668,0.014433756729740593,-36.532492319742836,0.06505590044188456,0.03605036437511444,0.0004485616568104757,0.25851283470789593,0.015759982062576783,1.2683076005323304,0.0016263213281957087,0.0790137128570302,0.0034329994152372577,0.6736606566946802,0.0024101402341039795
block_validation,120,1,KD,3,7.816666762034099,0.028867348278244297,0.8166666666666668,0.014433756729740593,-36.532492319742836,0.06505590044188456,0.03605036437511444,0.0004485616568104757,0.25851283470789593,0.015759982062576783,1.2683076005323304,0.0016263213281957087,0.0790137128570302,0.0034329994152372577,0.6736606566946802,0.0024101402341039795
block_validation,130,0,all,3,36.53333409627279,1.2003476328119644,0.09999999999999999,0.025,-41.36222712198893,0.09474921204073876,0.0650300532579422,0.0010921248040945033,1.741590102513631,0.05961797858839443,1.0,0.0,1.0,0.0,1.0,0.0
block_validation,130,0,control,3,36.53333409627279,1.2003476328119644,0.09999999999999999,0.025,-41.36222712198893,0.09474921204073876,0.0650300532579422,0.0010921248040945033,1.741590102513631,0.05961797858839443,1.0,0.0,1.0,0.0,1.0,0.0
block_validation,130,0.1,all,3,32.84999974568685,1.7022032989226563,0.19166666666666665,0.052041649986653324,-40.84240595499674,0.08891652680400573,0.062069281935691833,0.0010029560713670218,1.5620508591334026,0.08516414306900746,1.0355202147035332,0.0011410990709193154,0.8972491536415926,0.04805080888569798,0.9663846841725631,0.024428069045825927
block_validation,130,0.1,KD,3,3.0,0.0,1.0,0.0,-35.772274017333984,0.08985993193263797,0.03285376727581024,0.0003038303911440339,1.3416736125946045,0.297342535814136,1.3683918596990745,0.01551779435662629,0.767232274360988,0.14545005441886646,1.0678120670300313,0.07865138553977824
block_validation,130,0.1,control,3,36.166666666666664,1.8913386297779358,0.10185185185185186,0.05782405554072591,-41.405755360921226,0.08919378495385973,0.06531545519828796,0.0010806466795211358,1.5865371624628704,0.0792069390203568,0.9985343848542536,0.0004577079893470129,0.9116954416217484,0.055533681732220265,0.9551149132380009,0.027680598015813396
block_validation,130,0.2,all,3,31.666666666666668,0.4041445277077901,0.25,0.02500000000000001,-40.27563349405924,0.10194700965789164,0.05875207856297493,0.0010319107667696604,1.477543830871582,0.08286517445889292,1.0778614792697765,0.0020884925422949827,0.8480248949934683,0.021836409210775808,0.9629431871316224,0.009900653025234886
block_validation,130,0.2,KD,3,9.75,11.908505363814553,0.9166666666666666,0.14433756729740646,-35.80425771077474,0.3109515806507648,0.03346116840839386,0.0019675657572116854,1.154984951019287,0.22516556346176744,1.381814589692502,0.011162994188359466,0.6608112321004267,0.10742291880122525,1.0213129108964643,0.05562975473431222
block_validation,130,0.2,control,3,37.145833333333336,2.7544944333458603,0.08333333333333333,0.018042195912175808,-41.39347839355469,0.15709287334447333,0.0650748039285342,0.0014693898049563902,1.5581835508346558,0.04784618287469948,1.0018732763364173,0.002976878828335081,0.894828310336866,0.013191718042040158,0.9483507933366416,0.007476115919162848
block_validation,130,0.3,all,3,28.266667048136394,2.023198806253954,0.325,0.024999999999999994,-39.72213236490885,0.1013975225788451,0.055526373287041984,0.0009911597585785716,1.3199172417322795,0.17751301353391105,1.1148837841043344,0.00542617717185081,0.7563277402956814,0.08076578228736499,0.9356057622000079,0.03980029720391256
block_validation,130,0.3,KD,3,6.611110965410869,7.993631574755274,0.9166666666666666,0.08333333333333331,-35.8197021484375,0.21415296363020894,0.03339266652862231,0.0012816602430288943,1.1140548984209697,0.29040629429201453,1.3737426397592571,0.011239540979135064,0.636333138654757,0.14657189030657553,1.005037889207007,0.07890276203763145
block_validation,130,0.3,control,3,37.54761950174967,5.488547189987721,0.07142857142857142,0.0,-41.39460245768229,0.1454618318691625,0.06501224885384242,0.0015923541848128903,1.4081440369288127,0.14922848880681597,1.00394425305826,0.007704893322214075,0.807754043100754,0.06956425901072298,0.9058491480795071,0.031018694781649116
block_validation,130,0.4,all,3,25.43333371480306,2.425043147643833,0.4166666666666667,0.028867513459481284,-39.178367614746094,0.07531079075264754,0.052283293257157006,0.0005282654068866506,1.1865781148274739,0.24002834977191828,1.1467686477207184,0.014742051629901816,0.6786938353742032,0.11549009082728344,0.9127312415474608,0.06181741058743621
block_validation,130,0.4,KD,3,5.375,5.663755379604596,0.9375,0.0625,-35.844139099121094,0.19763610136036705,0.033349583546320595,0.0010146470952422356,1.0676502386728923,0.2568842825048871,1.3645371420735561,0.028618332101569326,0.6105058756853906,0.12795568202433433,0.9875215088794733,0.07782647000034554
block_validation,130,0.4,control,3,38.80555534362793,7.43552542487253,0.06944444444444443,0.024056261216234408,-41.401187896728516,0.0729412375905831,0.06490576763947804,0.0009596601716502926,1.2658634185791016,0.2491532942829169,1.0015896765266157,0.008833082317768037,0.7241525060592284,0.1206441752668817,0.8628710912929222,0.058255400022485845
block_validation,130,0.5,all,3,20.53333346048991,1.5986981758268155,0.5083333333333333,0.0381881307912987,-38.62262471516927,0.06035024955517568,0.04909145583709081,0.0006123429286064504,0.8869832356770834,0.08734522549233818,1.1803058076610604,0.012766069864736771,0.5095698415805576,0.05067828613390497,0.8449378246208091,0.018956990182842443
block_validation,130,0.5,KD,3,5.333333412806193,4.600362566985225,0.9500000000000001,0.04999999999999999,-35.884744008382164,0.09082612010864968,0.033413792649904885,0.0005869021991871197,0.7997118234634399,0.04133004605247167,1.3585310268358077,0.01519311997962647,0.4599881865010899,0.037543767737422795,0.9092596066684488,0.013905499472282198
block_validation,130,0.5,control,3,35.73333295186361,4.754295335789936,0.06666666666666667,0.05773502691896258,-41.36050287882487,0.07578456994567648,0.06476912399133046,0.0011492664004605628,0.9742547273635864,0.15802877454490824,1.002080625835042,0.01147747372356474,0.5591515425072572,0.08611872316689867,0.7806160841711497,0.037327335837510175
block_validation,130,0.6,all,3,17.81666660308838,2.9267441833878984,0.6083333333333333,0.0381881307912987,-38.0762087504069,0.060601111403994296,0.046224549412727356,0.0006676214131399105,0.7515710790952047,0.12113238991283076,1.2215899054321573,0.012657057118247696,0.43310856799110237,0.08069453846628809,0.8273492367116297,0.03845858404676467
block_validation,130,0.6,KD,3,4.638888994852702,4.145222779198369,0.9583333333333334,0.041666666666666685,-35.81800842285156,0.03187360638554804,0.03314688429236412,0.0003170778828377598,0.6919677058855692,0.12670295042812055,1.365966063636434,0.012284038629964616,0.3991905741427897,0.0855641439320631,0.8825783188896117,0.04185470008336419
block_validation,130,0.6,control,3,37.583333333333336,3.0728990112487153,0.08333333333333333,0.07216878364870323,-41.46350606282552,0.10433581485208338,0.06584104647239049,0.001466550936766174,0.8409761587778727,0.13616211351991986,1.0050256119651015,0.013473794020134771,0.483985569055811,0.08477326716186633,0.7445055905104563,0.038759607773476264
block_validation,130,0.7,all,3,17.450000127156574,4.181207829420983,0.7166666666666667,0.038188130791298645,-37.51699574788412,0.021807514371726806,0.04304820423324903,0.00018545036957440567,0.7002707123756409,0.13946671658531065,1.2568253720091818,0.020512982918680134,0.4041973421785084,0.09509774331920992,0.8305113570938452,0.04611792833934809
block_validation,130,0.7,KD,3,4.952381134033203,3.2010310696069064,0.9761904761904763,0.020619652471058052,-35.811012268066406,0.10698085652478907,0.03307765598098437,0.00045637158159199506,0.6122493048508962,0.15364096319232176,1.3659767220522996,0.02081541503907641,0.35383583645073946,0.10170211191824281,0.8599062792515196,0.047579957753382654
block_validation,130,0.7,control,3,46.61111068725586,6.679848249094604,0.1111111111111111,0.09622504486493763,-41.49762980143229,0.17817705410095655,0.06631281475226085,0.0011895977001798613,0.9056540528933207,0.11271407748356752,1.0021386768742593,0.020624270246262927,0.5217075545311215,0.08203721000672068,0.7619231157026904,0.044198718351862315
block_validation,130,0.8,all,3,13.766666730244955,5.51935987548,0.7916666666666666,0.02886751345948125,-36.958380381266274,0.049616039345064554,0.040173412611087166,0.0005891346696555306,0.5368253787358602,0.20442044732435974,1.2992343946886613,0.011860922045035725,0.3108695367959018,0.12617957575128572,0.8050519657422814,0.057858128252597035
block_validation,130,0.8,KD,3,4.8125,3.033665274877899,0.96875,0.03125,-35.77119445800781,0.05443916216417785,0.03294747695326805,0.00036624043192651494,0.4961470862229665,0.23539391039000707,1.3714045026470645,0.009480866485310213,0.28791410300519177,0.14348031357266156,0.8296593028261281,0.06749735836733918
block_validation,130,0.8,control,3,49.583333333333336,18.536001007049318,0.08333333333333333,0.07216878364870323,-41.70713424682617,0.26688276245252374,0.06907715648412704,0.0036024340048801755,0.6995387474695841,0.09004535810461689,1.0105537759871217,0.021523841462420555,0.4026913896606927,0.06010588008754941,0.7066225828239072,0.01981029873573376
block_validation,130,0.9,all,3,10.850000063578287,3.3094561875770805,0.875,0.025000000000000022,-36.404605865478516,0.06120911876505077,0.03694572920600573,0.00096629701830026,0.41787706812222797,0.14994304701304015,1.3343266059615349,0.009676886964541576,0.2408700408559751,0.08788485785070632,0.7875983234087549,0.041534034342886356
block_validation,130,0.9,KD,3,4.629629611968994,2.7269421661864715,0.9722222222222222,0.02777777777777779,-35.77703730265299,0.09009294656691903,0.032949977864821754,0.00048370778311133375,0.4023638864358266,0.1853020952796887,1.3698225043325276,0.009416205022098357,0.23196707871572878,0.10715914059788664,0.8008947915241281,0.05194544462171078
block_validation,130,0.9,control,3,66.83333333333333,37.82966208325596,0.0,0.0,-42.052738189697266,1.0326848558655475,0.07290749003489812,0.012871109460212466,0.5574956238269806,0.20194010887891212,1.0148631874996197,0.014199300588435203,0.3209966498384351,0.11913950898041777,0.6679299186690274,0.06187281124215675
block_validation,130,1,all,3,5.933333317438762,2.4981660157425867,0.9499999999999998,0.024999999999999967,-35.83667500813802,0.05107301366396671,0.03323297823468844,0.0003066091850870547,0.19971818725268045,0.07656595535439095,1.364577238933564,0.006677959500432451,0.11551226417544587,0.046342169895644034,0.7400447515545047,0.01987707604677391
block_validation,130,1,KD,3,5.933333317438762,2.4981660157425867,0.9499999999999998,0.024999999999999967,-35.83667500813802,0.05107301366396671,0.03323297823468844,0.0003066091850870547,0.19971818725268045,0.07656595535439095,1.364577238933564,0.006677959500432451,0.11551226417544587,0.046342169895644034,0.7400447515545047,0.01987707604677391
network_block_pilot,20,0,all,1,68.0999984741211,0.0,0.0,0.0,-54.90160369873047,0.0,0.32264140248298645,0.0,4.1607794761657715,0.0,1.0,0.0,1.0,0.0,1.0,0.0
network_block_pilot,20,0,control,1,68.0999984741211,0.0,0.0,0.0,-54.90160369873047,0.0,0.32264140248298645,0.0,4.1607794761657715,0.0,1.0,0.0,1.0,0.0,1.0,0.0
network_block_pilot,20,0.25,all,1,79.69999694824219,0.0,0.0,0.0,-52.483177185058594,0.0,0.28138917684555054,0.0,4.859138011932373,0.0,1.1931112505679697,0.0,1.1678431985561875,0.0,1.1804772245620785,0.0
network_block_pilot,20,0.25,KD,1,110.4000015258789,0.0,0.0,0.0,-46.1087646484375,0.0,0.17114107310771942,0.0,4.449944972991943,0.0,1.7150091535677934,0.0,1.0694979146293624,0.0,1.392253534098578,0.0
network_block_pilot,20,0.25,control,1,69.46666717529297,0.0,0.0,0.0,-54.60798263549805,0.0,0.31813856959342957,0.0,4.9955363273620605,0.0,1.019145060875583,0.0,1.2006251126689202,0.0,1.1098850867722516,0.0
network_block_pilot,20,0.5,all,1,91.0,0.0,0.0,0.0,-50.335906982421875,0.0,0.24037985503673553,0.0,5.334419250488281,0.0,1.380752674050726,0.0,1.2820720927522067,0.0,1.3314123834014664,0.0
network_block_pilot,20,0.5,KD,1,111.19999694824219,0.0,0.0,0.0,-46.10224533081055,0.0,0.16905346512794495,0.0,4.756781101226807,0.0,1.7313652376236448,0.0,1.1432427814247585,0.0,1.4373040095242016,0.0
network_block_pilot,20,0.5,control,1,70.80000305175781,0.0,0.0,0.0,-54.56956100463867,0.0,0.3117062747478485,0.0,5.912057876586914,0.0,1.0301402214906967,0.0,1.4209015186824983,0.0,1.2255208700865974,0.0
network_block_pilot,20,0.75,all,1,101.8499984741211,0.0,0.0,0.0,-48.097068786621094,0.0,0.20105354487895966,0.0,5.622992038726807,0.0,1.5672014860629424,0.0,1.35142755604738,0.0,1.4593145210551612,0.0
network_block_pilot,20,0.75,KD,1,111.80000305175781,0.0,0.0,0.0,-46.04861068725586,0.0,0.1664556860923767,0.0,5.31309700012207,0.0,1.74031687297117,0.0,1.2769475120123834,0.0,1.5086321924917767,0.0
network_block_pilot,20,0.75,control,1,72.0,0.0,0.0,0.0,-54.2424201965332,0.0,0.3048471510410309,0.0,6.55267333984375,0.0,1.0478556583769272,0.0,1.5748667713296234,0.0,1.3113612148532754,0.0
network_block_pilot,20,1,all,1,111.6500015258789,0.0,0.0,0.0,-45.91481018066406,0.0,0.16498425602912903,0.0,5.781785488128662,0.0,1.7356554417463748,0.0,1.3895919072973018,0.0,1.5626236745218383,0.0
network_block_pilot,20,1,KD,1,111.6500015258789,0.0,0.0,0.0,-45.91481018066406,0.0,0.16498425602912903,0.0,5.781785488128662,0.0,1.7356554417463748,0.0,1.3895919072973018,0.0,1.5626236745218383,0.0
network_block_pilot,100,0,all,1,141.60000610351562,0.0,0.0,0.0,-44.129425048828125,0.0,0.09502396732568741,0.0,7.119184970855713,0.0,1.0,0.0,1.0,0.0,1.0,0.0
network_block_pilot,100,0,control,1,141.60000610351562,0.0,0.0,0.0,-44.129425048828125,0.0,0.09502396732568741,0.0,7.119184970855713,0.0,1.0,0.0,1.0,0.0,1.0,0.0
network_block_pilot,100,0.25,all,1,116.30000305175781,0.0,0.075,0.0,-42.6620979309082,0.0,0.0845414325594902,0.0,5.614016532897949,0.0,1.0602751495608638,0.0,0.788575736672165,0.0,0.9244254431165144,0.0
network_block_pilot,100,0.25,KD,1,37.0,0.0,0.3,0.0,-38.017425537109375,0.0,0.04503430798649788,0.0,5.3236308097839355,0.0,1.2506024637483604,0.0,0.7477865558455977,0.0,0.999194509796979,0.0
network_block_pilot,100,0.25,control,1,142.73333740234375,0.0,0.0,0.0,-44.210323333740234,0.0,0.09771047532558441,0.0,5.710812568664551,0.0,0.9968327491123844,0.0,0.8021722419129843,0.0,0.8995024955126844,0.0
network_block_pilot,100,0.5,all,1,93.4000015258789,0.0,0.15,0.0,-41.178646087646484,0.0,0.07192909717559814,0.0,4.681360721588135,0.0,1.1197727044991483,0.0,0.6575697556324968,0.0,0.8886712300658226,0.0
network_block_pilot,100,0.5,KD,1,44.29999923706055,0.0,0.3,0.0,-38.03873825073242,0.0,0.04490767791867256,0.0,4.334479331970215,0.0,1.2473056701780105,0.0,0.6088448817827553,0.0,0.928075275980383,0.0
network_block_pilot,100,0.5,control,1,142.5,0.0,0.0,0.0,-44.31855392456055,0.0,0.09895052015781403,0.0,5.0282416343688965,0.0,0.9922399645044022,0.0,0.7062945625030601,0.0,0.8492672635037312,0.0
network_block_pilot,100,0.75,all,1,75.5,0.0,0.175,0.0,-39.63682174682617,0.0,0.05845380946993828,0.0,3.7852606773376465,0.0,1.1957178921464635,0.0,0.5316985993247293,0.0,0.8637082457355965,0.0
network_block_pilot,100,0.75,KD,1,52.53333282470703,0.0,0.23333333333333334,0.0,-38.136009216308594,0.0,0.04634152352809906,0.0,3.6358423233032227,0.0,1.2585608755821522,0.0,0.5107104729245715,0.0,0.8846356742533619,0.0
network_block_pilot,100,0.75,control,1,144.39999389648438,0.0,0.0,0.0,-44.139244079589844,0.0,0.09479066729545593,0.0,4.233515739440918,0.0,1.0071884904711652,0.0,0.5946629785252029,0.0,0.800925734498184,0.0
network_block_pilot,100,1,all,1,47.95000076293945,0.0,0.225,0.0,-38.146949768066406,0.0,0.04672982916235924,0.0,2.2815587520599365,0.0,1.269950024509295,0.0,0.32048033045918983,0.0,0.7952151774842424,0.0
network_block_pilot,100,1,KD,1,47.95000076293945,0.0,0.225,0.0,-38.146949768066406,0.0,0.04672982916235924,0.0,2.2815587520599365,0.0,1.269950024509295,0.0,0.32048033045918983,0.0,0.7952151774842424,0.0
network_block_pilot,120,0,all,1,67.44999694824219,0.0,0.0,0.0,-42.54773712158203,0.0,0.07632915675640106,0.0,3.35075306892395,0.0,1.0,0.0,1.0,0.0,1.0,0.0
network_block_pilot,120,0,control,1,67.44999694824219,0.0,0.0,0.0,-42.54773712158203,0.0,0.07632915675640106,0.0,3.35075306892395,0.0,1.0,0.0,1.0,0.0,1.0,0.0
network_block_pilot,120,0.25,all,1,54.45000076293945,0.0,0.2,0.0,-41.11102294921875,0.0,0.06670545041561127,0.0,2.563896656036377,0.0,1.0563076179639688,0.0,0.7651702776354505,0.0,0.9107389477997097,0.0
network_block_pilot,120,0.25,KD,1,2.5999999046325684,0.0,0.8,0.0,-36.7730598449707,0.0,0.03671441972255707,0.0,2.1881818771362305,0.0,1.218426236640752,0.0,0.6530418183990311,0.0,0.9357340275198915,0.0
network_block_pilot,120,0.25,control,1,71.73332977294922,0.0,0.0,0.0,-42.557010650634766,0.0,0.07670246809720993,0.0,2.6891350746154785,0.0,1.0022680054530178,0.0,0.8025464781500771,0.0,0.9024072418015474,0.0
network_block_pilot,120,0.5,all,1,42.650001525878906,0.0,0.4,0.0,-39.67073440551758,0.0,0.057213641703128815,0.0,1.8866008520126343,0.0,1.110160765103312,0.0,0.563037864386256,0.0,0.8365993147447841,0.0
network_block_pilot,120,0.5,KD,1,2.4000000953674316,0.0,0.8,0.0,-36.68924331665039,0.0,0.03632877394556999,0.0,1.7729148864746094,0.0,1.2214080411659514,0.0,0.5291093822810278,0.0,0.8752587117234896,0.0
network_block_pilot,120,0.5,control,1,82.9000015258789,0.0,0.0,0.0,-42.652225494384766,0.0,0.07809849828481674,0.0,2.0002872943878174,0.0,0.9989135984687079,0.0,0.5969664887989442,0.0,0.797940043633826,0.0
network_block_pilot,120,0.75,all,1,27.200000762939453,0.0,0.55,0.0,-38.20436477661133,0.0,0.04663250222802162,0.0,1.0499322414398193,0.0,1.1786889777298628,0.0,0.31334217110095525,0.0,0.746015574415409,0.0
network_block_pilot,120,0.75,KD,1,9.533333778381348,0.0,0.7333333333333333,0.0,-36.8525390625,0.0,0.03756672143936157,0.0,1.0250301361083984,0.0,1.233295536890051,0.0,0.30591037746555677,0.0,0.7696029571778038,0.0
network_block_pilot,120,0.75,control,1,80.19999694824219,0.0,0.0,0.0,-42.25984191894531,0.0,0.07382985949516296,0.0,1.1246380805969238,0.0,1.0148694096773339,0.0,0.3356374096996907,0.0,0.6752534096885123,0.0
network_block_pilot,120,1,all,1,8.149999618530273,0.0,0.8,0.0,-36.789485931396484,0.0,0.037140436470508575,0.0,0.3096825182437897,0.0,1.2338708000699463,0.0,0.09242176665176945,0.0,0.6631462833608579,0.0
network_block_pilot,120,1,KD,1,8.149999618530273,0.0,0.8,0.0,-36.789485931396484,0.0,0.037140436470508575,0.0,0.3096825182437897,0.0,1.2338708000699463,0.0,0.09242176665176945,0.0,0.6631462833608579,0.0
network_exploration_v2,10,0,all,1,2.0,0.0,0.0,0.0,-59.90117645263672,0.0,0.41481631994247437,0.0,2.618201494216919,0.0,1.0,0.0,1.0,0.0,1.0,0.0
network_exploration_v2,10,0,control,1,2.0,0.0,0.0,0.0,-59.90117645263672,0.0,0.41481631994247437,0.0,2.618201494216919,0.0,1.0,0.0,1.0,0.0,1.0,0.0
network_exploration_v2,10,0.25,all,1,6.0,0.0,0.0,0.0,-57.758846282958984,0.0,0.3627347946166992,0.0,8.098193168640137,0.0,1.6230412598812587,0.0,3.093036646158601,0.0,2.3580389530199297,0.0
network_exploration_v2,10,0.25,KD,1,6.0,0.0,0.0,0.0,-57.630733489990234,0.0,0.3580533564090729,0.0,7.553427696228027,0.0,1.6281464763766942,0.0,2.8849680641127247,0.0,2.256557270244709,0.0
network_exploration_v2,10,0.25,control,1,6.0,0.0,0.0,0.0,-57.801551818847656,0.0,0.36429524421691895,0.0,8.279780387878418,0.0,1.6213394792992302,0.0,3.162392354510067,0.0,2.391865916904649,0.0
network_exploration_v2,10,0.5,all,1,6.0,0.0,0.0,0.0,-57.68535232543945,0.0,0.3604542016983032,0.0,8.094144821166992,0.0,1.633061812886676,0.0,3.0914904139522235,0.0,2.36227611341945,0.0
network_exploration_v2,10,0.5,KD,1,6.0,0.0,0.0,0.0,-57.56047821044922,0.0,0.35626956820487976,0.0,7.893164157867432,0.0,1.6451041618849622,0.0,3.014727543048862,0.0,2.329915852466912,0.0
network_exploration_v2,10,0.5,control,1,6.0,0.0,0.0,0.0,-57.81021499633789,0.0,0.36463895440101624,0.0,8.295125961303711,0.0,1.6210190881364401,0.0,3.168253466979519,0.0,2.3946362775579795,0.0
network_exploration_v2,10,0.75,all,1,6.0,0.0,0.0,0.0,-57.61240005493164,0.0,0.3581988215446472,0.0,8.088187217712402,0.0,1.6431710433523186,0.0,3.0892149575109413,0.0,2.36619300043163,0.0
network_exploration_v2,10,0.75,KD,1,6.0,0.0,0.0,0.0,-57.53887176513672,0.0,0.3560444414615631,0.0,8.136393547058105,0.0,1.653912789600639,0.0,3.107626958822598,0.0,2.3807698742116186,0.0
network_exploration_v2,10,0.75,control,1,6.0,0.0,0.0,0.0,-57.83299255371094,0.0,0.3646620512008667,0.0,7.943567276000977,0.0,1.6109460551086578,0.0,3.033978589328102,0.0,2.32246232221838,0.0
network_exploration_v2,10,1,all,1,6.0,0.0,0.0,0.0,-59.63275146484375,0.0,0.39661750197410583,0.0,8.089837074279785,0.0,1.6533993871861445,0.0,3.089845106325319,0.0,2.3716222467557317,0.0
network_exploration_v2,10,1,KD,1,6.0,0.0,0.0,0.0,-59.63275146484375,0.0,0.39661750197410583,0.0,8.089837074279785,0.0,1.6533993871861445,0.0,3.089845106325319,0.0,2.3716222467557317,0.0
network_exploration_v2,30,0,all,1,24.0,0.0,0.0,0.0,-52.188621520996094,0.0,0.21401527523994446,0.0,32.7197151184082,0.0,1.0,0.0,1.0,0.0,1.0,0.0
network_exploration_v2,30,0,control,1,24.0,0.0,0.0,0.0,-52.188621520996094,0.0,0.21401527523994446,0.0,32.7197151184082,0.0,1.0,0.0,1.0,0.0,1.0,0.0
network_exploration_v2,30,0.25,all,1,28.0,0.0,0.0,0.0,-51.51154708862305,0.0,0.19132444262504578,0.0,38.221683502197266,0.0,1.1212590378431244,0.0,1.1681545320268891,0.0,1.1447067849350068,0.0
network_exploration_v2,30,0.25,KD,1,28.0,0.0,0.0,0.0,-51.33298873901367,0.0,0.18621252477169037,0.0,35.786598205566406,0.0,1.11838788937681,0.0,1.09373196178694,0.0,1.106059925581875,0.0
network_exploration_v2,30,0.25,control,1,28.0,0.0,0.0,0.0,-51.57107162475586,0.0,0.19302843511104584,0.0,39.03337860107422,0.0,1.1222161533102826,0.0,1.1929620554402056,0.0,1.1575891043752442,0.0
network_exploration_v2,30,0.5,all,1,30.0,0.0,0.0,0.0,-50.5531005859375,0.0,0.18475563824176788,0.0,40.83932876586914,0.0,1.1877877173117752,0.0,1.2481566119410623,0.0,1.2179721646264188,0.0
network_exploration_v2,30,0.5,KD,1,30.0,0.0,0.0,0.0,-50.33980941772461,0.0,0.1799108237028122,0.0,39.91757583618164,0.0,1.193766051922945,0.0,1.2199854336055604,0.0,1.2068757427642527,0.0
network_exploration_v2,30,0.5,control,1,30.0,0.0,0.0,0.0,-50.76639938354492,0.0,0.18960049748420715,0.0,41.761070251464844,0.0,1.1818095806357658,0.0,1.2763274405152125,0.0,1.2290685105754893,0.0
network_exploration_v2,30,0.75,all,1,28.0,0.0,0.0,0.0,-51.594886779785156,0.0,0.19233404099941254,0.0,38.130245208740234,0.0,1.1351987204679503,0.0,1.1653599388244078,0.0,1.150279329646179,0.0
network_exploration_v2,30,0.75,KD,1,28.0,0.0,0.0,0.0,-51.459869384765625,0.0,0.18956084549427032,0.0,38.312862396240234,0.0,1.1433255422755357,0.0,1.1709411973053918,0.0,1.1571333697904638,0.0
network_exploration_v2,30,0.75,control,1,28.0,0.0,0.0,0.0,-51.99993896484375,0.0,0.20065368711948395,0.0,37.58238220214844,0.0,1.110818354012774,0.0,1.1486158136201035,0.0,1.1297170838164388,0.0
network_exploration_v2,30,1,all,1,30.0,0.0,0.0,0.0,-50.58656692504883,0.0,0.19137968122959137,0.0,38.94379425048828,0.0,1.196151566473703,0.0,1.1902241235767481,0.0,1.1931878450252256,0.0
network_exploration_v2,30,1,KD,1,30.0,0.0,0.0,0.0,-50.58656692504883,0.0,0.19137968122959137,0.0,38.94379425048828,0.0,1.196151566473703,0.0,1.1902241235767481,0.0,1.1931878450252256,0.0
network_exploration_v2,70,0,all,1,31.366666793823242,0.0,0.0,0.0,-46.97894287109375,0.0,0.11902032047510147,0.0,43.91584396362305,0.0,1.0,0.0,1.0,0.0,1.0,0.0
network_exploration_v2,70,0,control,1,31.366666793823242,0.0,0.0,0.0,-46.97894287109375,0.0,0.11902032047510147,0.0,43.91584396362305,0.0,1.0,0.0,1.0,0.0,1.0,0.0
network_exploration_v2,70,0.25,all,1,32.400001525878906,0.0,0.0,0.0,-46.81867599487305,0.0,0.11787984520196915,0.0,45.403263092041016,0.0,1.0399698287592052,0.0,1.0338697607553677,0.0,1.0369197947572864,0.0
network_exploration_v2,70,0.25,KD,1,29.066667556762695,0.0,0.0,0.0,-46.483421325683594,0.0,0.11327995359897614,0.0,42.08971405029297,0.0,1.066937446081454,0.0,0.9584175152174527,0.0,1.0126774806494534,0.0
network_exploration_v2,70,0.25,control,1,33.511112213134766,0.0,0.0,0.0,-46.930419921875,0.0,0.11941312998533249,0.0,46.50777816772461,0.0,1.0309805823799856,0.0,1.0590204803134047,0.0,1.045000531346695,0.0
network_exploration_v2,70,0.5,all,1,32.766666412353516,0.0,0.0,0.0,-46.806884765625,0.0,0.11599506437778473,0.0,46.339054107666016,0.0,1.0686192296344734,0.0,1.0551784942593883,0.0,1.061898861946931,0.0
network_exploration_v2,70,0.5,KD,1,30.933332443237305,0.0,0.0,0.0,-46.56507110595703,0.0,0.11244198679924011,0.0,44.97200393676758,0.0,1.084761233268958,0.0,1.0240496339776457,0.0,1.0544054336233017,0.0
network_exploration_v2,70,0.5,control,1,34.599998474121094,0.0,0.0,0.0,-47.0486946105957,0.0,0.11954816430807114,0.0,47.70610809326172,0.0,1.0524768605537582,0.0,1.0863074414049352,0.0,1.0693921509793467,0.0
network_exploration_v2,70,0.75,all,1,32.96666717529297,0.0,0.0,0.0,-46.24776840209961,0.0,0.10558732599020004,0.0,47.56414031982422,0.0,1.115658006646736,0.0,1.0830747180726659,0.0,1.099366362359701,0.0
network_exploration_v2,70,0.75,KD,1,32.17777633666992,0.0,0.0,0.0,-46.15171432495117,0.0,0.10431317985057831,0.0,47.48392105102539,0.0,1.1239664266984297,0.0,1.0812480591368778,0.0,1.1026072429176539,0.0
network_exploration_v2,70,0.75,control,1,35.33333206176758,0.0,0.0,0.0,-46.53596115112305,0.0,0.10940972715616226,0.0,47.80478286743164,0.0,1.0907323810454248,0.0,1.088554347424814,0.0,1.0896433642351195,0.0
network_exploration_v2,70,1,all,1,32.599998474121094,0.0,0.0,0.0,-45.77219772338867,0.0,0.10690075904130936,0.0,46.70863342285156,0.0,1.1438698465686183,0.0,1.0635941201891026,0.0,1.1037319833788604,0.0
network_exploration_v2,70,1,KD,1,32.599998474121094,0.0,0.0,0.0,-45.77219772338867,0.0,0.10690075904130936,0.0,46.70863342285156,0.0,1.1438698465686183,0.0,1.0635941201891026,0.0,1.1037319833788604,0.0
network_exploration_v2,100,0,all,1,13.166666984558105,0.0,0.0,0.0,-45.50893020629883,0.0,0.0959923267364502,0.0,21.136110305786133,0.0,1.0,0.0,1.0,0.0,1.0,0.0
network_exploration_v2,100,0,control,1,13.166666984558105,0.0,0.0,0.0,-45.50893020629883,0.0,0.0959923267364502,0.0,21.136110305786133,0.0,1.0,0.0,1.0,0.0,1.0,0.0
network_exploration_v2,100,0.25,all,1,13.633333206176758,0.0,0.0,0.0,-45.118614196777344,0.0,0.0926993116736412,0.0,21.61702537536621,0.0,1.0473670070161645,0.0,1.022753243743643,0.0,1.0350601253799039,0.0
network_exploration_v2,100,0.25,KD,1,15.733333587646484,0.0,0.0,0.0,-44.90776062011719,0.0,0.09051759541034698,0.0,18.843137741088867,0.0,1.094241584845663,0.0,0.8915139762461615,0.0,0.9928777805459122,0.0
network_exploration_v2,100,0.25,control,1,12.933333396911621,0.0,0.0,0.0,-45.188907623291016,0.0,0.09342655539512634,0.0,22.541658401489258,0.0,1.0317420843149887,0.0,1.0664998467252675,0.0,1.0491209655201281,0.0
network_exploration_v2,100,0.5,all,1,13.166666984558105,0.0,0.0,0.0,-45.11515808105469,0.0,0.09249935299158096,0.0,21.095720291137695,0.0,1.0433584089133487,0.0,0.9980890516720392,0.0,1.020723730292694,0.0
network_exploration_v2,100,0.5,KD,1,14.333333015441895,0.0,0.0,0.0,-44.90296936035156,0.0,0.08977582305669785,0.0,19.256296157836914,0.0,1.0660822653569217,0.0,0.911061490465698,0.0,0.9885718779113098,0.0
network_exploration_v2,100,0.5,control,1,12.0,0.0,0.0,0.0,-45.32734298706055,0.0,0.09522286057472229,0.0,22.935142517089844,0.0,1.020634552469776,0.0,1.0851165226371484,0.0,1.0528755375534622,0.0
network_exploration_v2,100,0.75,all,1,13.100000381469727,0.0,0.0,0.0,-45.05314636230469,0.0,0.09132528305053711,0.0,20.859037399291992,0.0,1.0632766748015157,0.0,0.9868910171982642,0.0,1.0250838459998899,0.0
network_exploration_v2,100,0.75,KD,1,11.155555725097656,0.0,0.0,0.0,-44.92607498168945,0.0,0.09005963057279587,0.0,20.563613891601562,0.0,1.0671823346547231,0.0,0.9729138235038522,0.0,1.0200480790792876,0.0
network_exploration_v2,100,0.75,control,1,18.933332443237305,0.0,0.0,0.0,-45.43435287475586,0.0,0.09512226283550262,0.0,21.745311737060547,0.0,1.0515594098308503,0.0,1.028822778763964,0.0,1.0401910942974073,0.0
network_exploration_v2,100,1,all,1,13.166666984558105,0.0,0.0,0.0,-44.84250259399414,0.0,0.0903179869055748,0.0,21.035547256469727,0.0,1.063265829181871,0.0,0.995242121286201,0.0,1.029253975234036,0.0
network_exploration_v2,100,1,KD,1,13.166666984558105,0.0,0.0,0.0,-44.84250259399414,0.0,0.0903179869055748,0.0,21.035547256469727,0.0,1.063265829181871,0.0,0.995242121286201,0.0,1.029253975234036,0.0
network_exploration_v2,140,0,all,1,2.0,0.0,0.21666666666666667,0.0,-44.29096984863281,0.0,0.08270739763975143,0.0,2.0866663455963135,0.0,1.0,0.0,1.0,0.0,1.0,0.0
network_exploration_v2,140,0,control,1,2.0,0.0,0.21666666666666667,0.0,-44.29096984863281,0.0,0.08270739763975143,0.0,2.0866663455963135,0.0,1.0,0.0,1.0,0.0,1.0,0.0
network_exploration_v2,140,0.25,all,1,2.0,0.0,0.23333333333333334,0.0,-44.154335021972656,0.0,0.08143885433673859,0.0,2.085998058319092,0.0,1.011665351646188,0.0,0.9996797344824044,0.0,1.0056725430642963,0.0
network_exploration_v2,140,0.25,KD,1,2.0,0.0,0.3333333333333333,0.0,-43.788455963134766,0.0,0.07826884090900421,0.0,1.9169766902923584,0.0,1.0612774480175302,0.0,0.9186790664151617,0.0,0.989978257216346,0.0
network_exploration_v2,140,0.25,control,1,2.0,0.0,0.2,0.0,-44.27629852294922,0.0,0.08249551802873611,0.0,2.142338514328003,0.0,0.9951281428323708,0.0,1.0266799571714853,0.0,1.010904050001928,0.0
network_exploration_v2,140,0.5,all,1,2.0,0.0,0.23333333333333334,0.0,-44.025596618652344,0.0,0.08022583276033401,0.0,2.085068941116333,0.0,1.0242075924692795,0.0,0.9992344705787048,0.0,1.0117210315239922,0.0
network_exploration_v2,140,0.5,KD,1,2.0,0.0,0.3,0.0,-43.75908660888672,0.0,0.07776065915822983,0.0,2.0224549770355225,0.0,1.0446346929501589,0.0,0.9692277739101404,0.0,1.0069312334301497,0.0
network_exploration_v2,140,0.5,control,1,2.0,0.0,0.16666666666666666,0.0,-44.29210662841797,0.0,0.0826910212635994,0.0,2.1476831436157227,0.0,1.0037805859743785,0.0,1.029241281505392,0.0,1.0165109337398852,0.0
network_exploration_v2,140,0.75,all,1,2.0,0.0,0.23333333333333334,0.0,-43.89262390136719,0.0,0.07898745685815811,0.0,2.0841331481933594,0.0,1.03718630417528,0.0,0.998786007447573,0.0,1.0179861558114265,0.0
network_exploration_v2,140,0.75,KD,1,2.0,0.0,0.2222222222222222,0.0,-43.78739547729492,0.0,0.07795789837837219,0.0,2.0928661823272705,0.0,1.0492633144061239,0.0,1.0029711682196059,0.0,1.026117241312865,0.0
network_exploration_v2,140,0.75,control,1,2.0,0.0,0.26666666666666666,0.0,-44.20827865600586,0.0,0.08207613974809647,0.0,2.0579333305358887,0.0,1.0009550855107927,0.0,0.9862301823571062,0.0,0.9935926339339495,0.0
network_exploration_v2,140,1,all,1,2.0,0.0,0.23333333333333334,0.0,-43.76864242553711,0.0,0.07772946357727051,0.0,2.083207130432129,0.0,1.0504728199599902,0.0,0.9983422288994669,0.0,1.0244075244297286,0.0
network_exploration_v2,140,1,KD,1,2.0,0.0,0.23333333333333334,0.0,-43.76864242553711,0.0,0.07772946357727051,0.0,2.083207130432129,0.0,1.0504728199599902,0.0,0.9983422288994669,0.0,1.0244075244297286,0.0
network_fast,10,0,all,1,2.0,0.0,0.0,0.0,-60.31101608276367,0.0,0.4290301203727722,0.0,0.43169504404067993,0.0,1.0,0.0,1.0,0.0,1.0,0.0
network_fast,10,0,control,1,2.0,0.0,0.0,0.0,-60.31101608276367,0.0,0.4290301203727722,0.0,0.43169504404067993,0.0,1.0,0.0,1.0,0.0,1.0,0.0
network_fast,10,0.25,all,1,16.0,0.0,0.0,0.0,-59.459556579589844,0.0,0.4089670181274414,0.0,3.7886147499084473,0.0,2.8197425364227366,0.0,8.776136771103248,0.0,5.797939653762993,0.0
network_fast,10,0.25,KD,1,16.0,0.0,0.0,0.0,-58.76921844482422,0.0,0.38384443521499634,0.0,3.8840789794921875,0.0,2.955786195908086,0.0,8.997274889090871,0.0,5.976530542499479,0.0
network_fast,10,0.25,control,1,16.0,0.0,0.0,0.0,-59.68967819213867,0.0,0.4173412322998047,0.0,3.7567927837371826,0.0,2.7743948401700025,0.0,8.702422776443013,0.0,5.738408808306508,0.0
network_fast,10,0.5,all,1,22.0,0.0,0.0,0.0,-58.420326232910156,0.0,0.38212156295776367,0.0,5.1660027503967285,0.0,3.646385734789087,0.0,11.96678725343421,0.0,7.806586494111649,0.0
network_fast,10,0.5,KD,1,22.0,0.0,0.0,0.0,-57.84467315673828,0.0,0.36359772086143494,0.0,5.033836841583252,0.0,3.7544392227666483,0.0,11.660631529299879,0.0,7.707535376033263,0.0
network_fast,10,0.5,control,1,22.0,0.0,0.0,0.0,-58.99597930908203,0.0,0.4006454348564148,0.0,5.298168659210205,0.0,3.538332246811526,0.0,12.272942977568542,0.0,7.905637612190034,0.0
network_fast,10,0.75,all,1,26.0,0.0,0.0,0.0,-58.15340042114258,0.0,0.37104982137680054,0.0,6.051783084869385,0.0,4.228401009445106,0.0,14.018653140477348,0.0,9.123527074961228,0.0
network_fast,10,0.75,KD,1,26.0,0.0,0.0,0.0,-57.86949157714844,0.0,0.36220890283584595,0.0,5.9449028968811035,0.0,4.2871961787534545,0.0,13.771070525240724,0.0,9.029133351997089,0.0
network_fast,10,0.75,control,1,26.0,0.0,0.0,0.0,-59.00513458251953,0.0,0.3975726068019867,0.0,6.372424125671387,0.0,4.0520143600657645,0.0,14.761402090756674,0.0,9.406708225411219,0.0
network_fast,10,1,all,1,28.950000762939453,0.0,0.0,0.0,-57.4429931640625,0.0,0.36064332723617554,0.0,6.449625492095947,0.0,4.621169439901219,0.0,14.940235198734825,0.0,9.780702319318022,0.0
network_fast,10,1,KD,1,28.950000762939453,0.0,0.0,0.0,-57.4429931640625,0.0,0.36064332723617554,0.0,6.449625492095947,0.0,4.621169439901219,0.0,14.940235198734825,0.0,9.780702319318022,0.0
network_fast,30,0,all,1,78.1500015258789,0.0,0.0,0.0,-53.16485595703125,0.0,0.2394835501909256,0.0,17.358137130737305,0.0,1.0,0.0,1.0,0.0,1.0,0.0
network_fast,30,0,control,1,78.1500015258789,0.0,0.0,0.0,-53.16485595703125,0.0,0.2394835501909256,0.0,17.358137130737305,0.0,1.0,0.0,1.0,0.0,1.0,0.0
network_fast,30,0.25,all,1,82.8499984741211,0.0,0.0,0.0,-52.094276428222656,0.0,0.22402147948741913,0.0,18.427959442138672,0.0,1.068332731967812,0.0,1.061632322831864,0.0,1.0649825273998381,0.0
network_fast,30,0.25,KD,1,85.4000015258789,0.0,0.0,0.0,-50.234615325927734,0.0,0.1826598197221756,0.0,19.52336883544922,0.0,1.137041864324895,0.0,1.1247387140914897,0.0,1.1308902892081925,0.0
network_fast,30,0.25,control,1,82.0,0.0,0.0,0.0,-52.71415710449219,0.0,0.2378087043762207,0.0,18.062824249267578,0.0,1.0454296167023165,0.0,1.0405969323333915,0.0,1.043013274517854,0.0
network_fast,30,0.5,all,1,90.3499984741211,0.0,0.0,0.0,-51.092281341552734,0.0,0.20600417256355286,0.0,20.113983154296875,0.0,1.1652550318072736,0.0,1.158763927419354,0.0,1.1620094796133138,0.0
network_fast,30,0.5,KD,1,90.69999694824219,0.0,0.0,0.0,-49.763336181640625,0.0,0.1775747835636139,0.0,20.248685836791992,0.0,1.195613798900168,0.0,1.166524131263843,0.0,1.1810689650820057,0.0
network_fast,30,0.5,control,1,90.0,0.0,0.0,0.0,-52.421226501464844,0.0,0.23443356156349182,0.0,19.979280471801758,0.0,1.134896157994677,0.0,1.151003723574865,0.0,1.142949940784771,0.0
network_fast,30,0.75,all,1,94.4000015258789,0.0,0.0,0.0,-49.94208526611328,0.0,0.19206678867340088,0.0,20.245513916015625,0.0,1.2205508849677935,0.0,1.1663413973245687,0.0,1.1934461411461812,0.0
network_fast,30,0.75,KD,1,94.66666412353516,0.0,0.0,0.0,-49.2573356628418,0.0,0.1787245124578476,0.0,20.18227195739746,0.0,1.238709348998078,0.0,1.16269803639581,0.0,1.200703692696944,0.0
network_fast,30,0.75,control,1,93.5999984741211,0.0,0.0,0.0,-51.9963493347168,0.0,0.23209364712238312,0.0,20.435245513916016,0.0,1.1660760264754506,0.0,1.1772718097571573,0.0,1.171673918116304,0.0
network_fast,30,1,all,1,97.0,0.0,0.0,0.0,-49.97307205200195,0.0,0.18259388208389282,0.0,20.30406379699707,0.0,1.2639115268056946,0.0,1.16971444827701,0.0,1.2168129875413523,0.0
network_fast,30,1,KD,1,97.0,0.0,0.0,0.0,-49.97307205200195,0.0,0.18259388208389282,0.0,20.30406379699707,0.0,1.2639115268056946,0.0,1.16971444827701,0.0,1.2168129875413523,0.0
network_fast,70,0,all,1,86.6500015258789,0.0,0.0,0.0,-48.4870719909668,0.0,0.14231401681900024,0.0,18.74530792236328,0.0,1.0,0.0,1.0,0.0,1.0,0.0
network_fast,70,0,control,1,86.6500015258789,0.0,0.0,0.0,-48.4870719909668,0.0,0.14231401681900024,0.0,18.74530792236328,0.0,1.0,0.0,1.0,0.0,1.0,0.0
network_fast,70,0.25,all,1,84.6500015258789,0.0,0.0,0.0,-47.892433166503906,0.0,0.13442382216453552,0.0,18.252853393554688,0.0,1.0344284391251692,0.0,0.9737291843458548,0.0,1.004078811735512,0.0
network_fast,70,0.25,KD,1,69.4000015258789,0.0,0.0,0.0,-46.37372589111328,0.0,0.11155901849269867,0.0,19.276220321655273,0.0,1.0960474663898472,0.0,1.028322415480762,0.0,1.0621849409353046,0.0
network_fast,70,0.25,control,1,89.73332977294922,0.0,0.0,0.0,-48.398658752441406,0.0,0.14204543828964233,0.0,17.911731719970703,0.0,1.0138886819527981,0.0,0.9555314745511266,0.0,0.9847100782519624,0.0
network_fast,70,0.5,all,1,83.6500015258789,0.0,0.0,0.0,-47.35188674926758,0.0,0.12618331611156464,0.0,18.32159996032715,0.0,1.0825622080420114,0.0,0.977396585652741,0.0,1.0299793968473763,0.0
network_fast,70,0.5,KD,1,78.30000305175781,0.0,0.0,0.0,-46.27545928955078,0.0,0.11217759549617767,0.0,18.159523010253906,0.0,1.1451554768519931,0.0,0.9687503179710092,0.0,1.0569528974115012,0.0
network_fast,70,0.5,control,1,89.0,0.0,0.0,0.0,-48.42831039428711,0.0,0.1401890218257904,0.0,18.483680725097656,0.0,1.019969020649508,0.0,0.9860430568359189,0.0,1.0030060387427135,0.0
network_fast,70,0.75,all,1,85.6500015258789,0.0,0.0,0.0,-46.99047088623047,0.0,0.11884492635726929,0.0,18.378925323486328,0.0,1.1405294171526272,0.0,0.9804547036306693,0.0,1.0604920603916483,0.0
network_fast,70,0.75,KD,1,86.5999984741211,0.0,0.0,0.0,-46.53358840942383,0.0,0.11373536288738251,0.0,18.206905364990234,0.0,1.178276595528145,0.0,0.971278009430257,0.0,1.074777302479201,0.0
network_fast,70,0.75,control,1,82.80000305175781,0.0,0.0,0.0,-48.36111068725586,0.0,0.13417358696460724,0.0,18.89499282836914,0.0,1.0272880448610306,0.0,1.0079851932347978,0.0,1.0176366190479142,0.0
network_fast,70,1,all,1,87.25,0.0,0.0,0.0,-46.517913818359375,0.0,0.11322112381458282,0.0,18.236835479736328,0.0,1.1567141534108836,0.0,0.972874681774614,0.0,1.0647944175927488,0.0
network_fast,70,1,KD,1,87.25,0.0,0.0,0.0,-46.517913818359375,0.0,0.11322112381458282,0.0,18.236835479736328,0.0,1.1567141534108836,0.0,0.972874681774614,0.0,1.0647944175927488,0.0
network_fast,100,0,all,1,37.75,0.0,0.0,0.0,-47.08803939819336,0.0,0.11706997454166412,0.0,8.631528854370117,0.0,1.0,0.0,1.0,0.0,1.0,0.0
network_fast,100,0,control,1,37.75,0.0,0.0,0.0,-47.08803939819336,0.0,0.11706997454166412,0.0,8.631528854370117,0.0,1.0,0.0,1.0,0.0,1.0,0.0
network_fast,100,0.25,all,1,35.79999923706055,0.0,0.0,0.0,-46.61767578125,0.0,0.11255975067615509,0.0,7.7606000900268555,0.0,1.0476832074031954,0.0,0.8990991307522175,0.0,0.9733911690777064,0.0
network_fast,100,0.25,KD,1,31.600000381469727,0.0,0.0,0.0,-45.23735046386719,0.0,0.09689830988645554,0.0,8.299993515014648,0.0,1.1289366093718118,0.0,0.9615901950918447,0.0,1.0452634022318283,0.0
network_fast,100,0.25,control,1,37.20000076293945,0.0,0.0,0.0,-47.07777404785156,0.0,0.11778023093938828,0.0,7.580803871154785,0.0,1.0205986601280643,0.0,0.8782689601178413,0.0,0.9494338101229528,0.0
network_fast,100,0.5,all,1,32.54999923706055,0.0,0.0,0.0,-46.26306915283203,0.0,0.10814066231250763,0.0,7.086824893951416,0.0,1.0902264439857672,0.0,0.8210393562391184,0.0,0.9556329001124428,0.0
network_fast,100,0.5,KD,1,29.700000762939453,0.0,0.0,0.0,-45.29750061035156,0.0,0.0973588153719902,0.0,6.979257106781006,0.0,1.1529891271324066,0.0,0.808577162230933,0.0,0.9807831446816698,0.0
network_fast,100,0.5,control,1,35.400001525878906,0.0,0.0,0.0,-47.228641510009766,0.0,0.11892250925302505,0.0,7.19439172744751,0.0,1.0274640006959044,0.0,0.8335014397600039,0.0,0.9304827202279542,0.0
network_fast,100,0.75,all,1,32.900001525878906,0.0,0.0,0.0,-45.76251220703125,0.0,0.10242225974798203,0.0,6.972025394439697,0.0,1.1197970267993576,0.0,0.8077393370364256,0.0,0.9637681819178916,0.0
network_fast,100,0.75,KD,1,35.266666412353516,0.0,0.0,0.0,-45.33977127075195,0.0,0.09845124930143356,0.0,6.956582069396973,0.0,1.1483905130568435,0.0,0.8059501609468497,0.0,0.9771703370018465,0.0
network_fast,100,0.75,control,1,25.799999237060547,0.0,0.0,0.0,-47.0307502746582,0.0,0.11433529853820801,0.0,7.018357276916504,0.0,1.0340171276927121,0.0,0.8131070862797534,0.0,0.9235621069862328,0.0
network_fast,100,1,all,1,30.049999237060547,0.0,0.0,0.0,-45.31125259399414,0.0,0.09762823581695557,0.0,6.475288391113281,0.0,1.1530288634050836,0.0,0.7501902038866338,0.0,0.9516095336458588,0.0
network_fast,100,1,KD,1,30.049999237060547,0.0,0.0,0.0,-45.31125259399414,0.0,0.09762823581695557,0.0,6.475288391113281,0.0,1.1530288634050836,0.0,0.7501902038866338,0.0,0.9516095336458588,0.0
network_fast,140,0,all,1,5.5,0.0,0.125,0.0,-45.16854476928711,0.0,0.09070266783237457,0.0,1.0233447551727295,0.0,1.0,0.0,1.0,0.0,1.0,0.0
network_fast,140,0,control,1,5.5,0.0,0.125,0.0,-45.16854476928711,0.0,0.09070266783237457,0.0,1.0233447551727295,0.0,1.0,0.0,1.0,0.0,1.0,0.0
network_fast,140,0.25,all,1,5.5,0.0,0.125,0.0,-44.831974029541016,0.0,0.08742143213748932,0.0,1.010624647140503,0.0,1.0312222111660745,0.0,0.9875700657398888,0.0,1.0093961384529817,0.0
network_fast,140,0.25,KD,1,2.200000047683716,0.0,0.2,0.0,-43.886985778808594,0.0,0.07869424670934677,0.0,1.2773650884628296,0.0,1.1416354932558046,0.0,1.2482255681734786,0.0,1.1949305307146416,0.0
network_fast,140,0.25,control,1,6.599999904632568,0.0,0.1,0.0,-45.14696502685547,0.0,0.09033050388097763,0.0,0.9217112064361572,0.0,0.9944176524426588,0.0,0.9006849370919797,0.0,0.9475512947673193,0.0
network_fast,140,0.5,all,1,5.5,0.0,0.15,0.0,-44.48838806152344,0.0,0.08430616557598114,0.0,1.0011717081069946,0.0,1.0621467930220163,0.0,0.9783327691341006,0.0,1.0202397810780583,0.0
network_fast,140,0.5,KD,1,2.299999952316284,0.0,0.15,0.0,-43.82488250732422,0.0,0.07803113758563995,0.0,1.0351892709732056,0.0,1.1282138005026496,0.0,1.0115743162219821,0.0,1.069894058362316,0.0
network_fast,140,0.5,control,1,8.699999809265137,0.0,0.15,0.0,-45.15188980102539,0.0,0.09058118611574173,0.0,0.9671542048454285,0.0,0.9960796870212537,0.0,0.9450912802911501,0.0,0.9705854836562019,0.0
network_fast,140,0.75,all,1,2.25,0.0,0.175,0.0,-44.137535095214844,0.0,0.08114989846944809,0.0,0.35947293043136597,0.0,1.1091476925107953,0.0,0.3512725585530468,0.0,0.730210125531921,0.0
network_fast,140,0.75,KD,1,2.3333332538604736,0.0,0.2,0.0,-43.87974166870117,0.0,0.07909000664949417,0.0,0.35249096155166626,0.0,1.1608372634654849,0.0,0.34444986381170206,0.0,0.7526435636385935,0.0
network_fast,140,0.75,control,1,2.0,0.0,0.1,0.0,-44.91091537475586,0.0,0.08732958883047104,0.0,0.3804188370704651,0.0,0.9540784870460808,0.0,0.371740642777081,0.0,0.6629095649115809,0.0
network_fast,140,1,all,1,2.25,0.0,0.2,0.0,-43.81288146972656,0.0,0.07818423211574554,0.0,0.3542519509792328,0.0,1.139269532354503,0.0,0.346170681179129,0.0,0.742720106766816,0.0
network_fast,140,1,KD,1,2.25,0.0,0.2,0.0,-43.81288146972656,0.0,0.07818423211574554,0.0,0.3542519509792328,0.0,1.139269532354503,0.0,0.346170681179129,0.0,0.742720106766816,0.0
network_release_pilot,5,0,all,1,54.0,0.0,0.0,0.0,-56.241943359375,0.0,0.34138351678848267,0.0,7.267950534820557,0.0,1.0,0.0,1.0,0.0,1.0,0.0
network_release_pilot,5,0,control,1,54.0,0.0,0.0,0.0,-56.241943359375,0.0,0.34138351678848267,0.0,7.267950534820557,0.0,1.0,0.0,1.0,0.0,1.0,0.0
network_release_pilot,5,0.25,all,1,61.75,0.0,0.0,0.0,-54.7096061706543,0.0,0.33460959792137146,0.0,6.0067667961120605,0.0,1.1399449343728167,0.0,0.8264732633131997,0.0,0.9832090988430082,0.0
network_release_pilot,5,0.25,KD,1,84.5999984741211,0.0,0.0,0.0,-50.044368743896484,0.0,0.2433546781539917,0.0,6.410029411315918,0.0,1.5657191980404628,0.0,0.8819583155671793,0.0,1.2238387568038211,0.0
network_release_pilot,5,0.25,control,1,54.13333511352539,0.0,0.0,0.0,-56.26469039916992,0.0,0.3650279939174652,0.0,5.872345924377441,0.0,0.9980203077040339,0.0,0.8079782458952065,0.0,0.9029992767996202,0.0
network_release_pilot,5,0.5,all,1,68.5999984741211,0.0,0.0,0.0,-53.74223709106445,0.0,0.3117787837982178,0.0,4.826939105987549,0.0,1.2715497115698309,0.0,0.664140335416678,0.0,0.9678450234932545,0.0
network_release_pilot,5,0.5,KD,1,83.0999984741211,0.0,0.0,0.0,-50.624595642089844,0.0,0.2514985501766205,0.0,4.868590831756592,0.0,1.5478740879891377,0.0,0.6698712117578819,0.0,1.1088726498735098,0.0
network_release_pilot,5,0.5,control,1,54.099998474121094,0.0,0.0,0.0,-56.859893798828125,0.0,0.37205901741981506,0.0,4.785286903381348,0.0,0.9952253990940734,0.0,0.6584093934672733,0.0,0.8268173962806733,0.0
network_release_pilot,5,0.75,all,1,73.6500015258789,0.0,0.0,0.0,-52.47380447387695,0.0,0.2903425097465515,0.0,3.1768853664398193,0.0,1.373835220286168,0.0,0.43710883160520236,0.0,0.9054720259456851,0.0
network_release_pilot,5,0.75,KD,1,79.53333282470703,0.0,0.0,0.0,-51.26283264160156,0.0,0.2656552493572235,0.0,3.1910836696624756,0.0,1.4895207392590504,0.0,0.43906238139267445,0.0,0.9642915603258624,0.0
network_release_pilot,5,0.75,control,1,56.0,0.0,0.0,0.0,-56.1067008972168,0.0,0.3644042909145355,0.0,3.1342899799346924,0.0,1.0267787273110702,0.0,0.43124811663458534,0.0,0.7290134219728278,0.0
network_release_pilot,5,1,all,1,76.1500015258789,0.0,0.0,0.0,-51.24836349487305,0.0,0.2872222661972046,0.0,1.0818054676055908,0.0,1.4395108727693453,0.0,0.1488460140754522,0.0,0.7941784434223987,0.0
network_release_pilot,5,1,KD,1,76.1500015258789,0.0,0.0,0.0,-51.24836349487305,0.0,0.2872222661972046,0.0,1.0818054676055908,0.0,1.4395108727693453,0.0,0.1488460140754522,0.0,0.7941784434223987,0.0
network_release_pilot,10,0,all,1,70.25,0.0,0.0,0.0,-52.74964141845703,0.0,0.28450366854667664,0.0,9.591493606567383,0.0,1.0,0.0,1.0,0.0,1.0,0.0
network_release_pilot,10,0,control,1,70.25,0.0,0.0,0.0,-52.74964141845703,0.0,0.28450366854667664,0.0,9.591493606567383,0.0,1.0,0.0,1.0,0.0,1.0,0.0
network_release_pilot,10,0.25,all,1,77.3499984741211,0.0,0.0,0.0,-51.86742401123047,0.0,0.27586838603019714,0.0,7.649907112121582,0.0,1.0997015607823766,0.0,0.7975720389245342,0.0,0.9486367998534554,0.0
network_release_pilot,10,0.25,KD,1,98.80000305175781,0.0,0.0,0.0,-47.93522262573242,0.0,0.19882483780384064,0.0,7.985927581787109,0.0,1.4176282918035548,0.0,0.8326052134694718,0.0,1.1251167526365133,0.0
network_release_pilot,10,0.25,control,1,70.19999694824219,0.0,0.0,0.0,-53.178157806396484,0.0,0.3015495538711548,0.0,7.537900924682617,0.0,0.9937259501149871,0.0,0.7858943803623398,0.0,0.8898101652386634,0.0
network_release_pilot,10,0.5,all,1,81.8499984741211,0.0,0.0,0.0,-51.017860412597656,0.0,0.2551460266113281,0.0,5.853456020355225,0.0,1.1734782720213788,0.0,0.6102757568797533,0.0,0.8918770144505661,0.0
network_release_pilot,10,0.5,KD,1,95.5,0.0,0.0,0.0,-48.584110260009766,0.0,0.20811736583709717,0.0,5.807253837585449,0.0,1.3799483462040336,0.0,0.6054587612516542,0.0,0.9927035537278439,0.0
network_release_pilot,10,0.5,control,1,68.19999694824219,0.0,0.0,0.0,-53.45161056518555,0.0,0.3021746277809143,0.0,5.899658679962158,0.0,0.967008197838724,0.0,0.615092802222441,0.0,0.7910505000305825,0.0
network_release_pilot,10,0.75,all,1,86.0,0.0,0.0,0.0,-50.16203689575195,0.0,0.24721653759479523,0.0,3.649646759033203,0.0,1.2419905413126358,0.0,0.38050869955584987,0.0,0.8112496204342428,0.0
network_release_pilot,10,0.75,KD,1,92.0,0.0,0.0,0.0,-49.01096725463867,0.0,0.2237383872270584,0.0,3.6503067016601562,0.0,1.3341779046727338,0.0,0.3805775045463991,0.0,0.8573777046095664,0.0
network_release_pilot,10,0.75,control,1,68.0,0.0,0.0,0.0,-53.61524200439453,0.0,0.3176509141921997,0.0,3.647667646408081,0.0,0.9654289561372913,0.0,0.3803023591560849,0.0,0.672865657646688,0.0
network_release_pilot,10,1,all,1,89.25,0.0,0.0,0.0,-49.55747604370117,0.0,0.23982258141040802,0.0,1.2684850692749023,0.0,1.3036239855702205,0.0,0.13225104674066185,0.0,0.7179375161554412,0.0
network_release_pilot,10,1,KD,1,89.25,0.0,0.0,0.0,-49.55747604370117,0.0,0.23982258141040802,0.0,1.2684850692749023,0.0,1.3036239855702205,0.0,0.13225104674066185,0.0,0.7179375161554412,0.0
network_release_pilot,20,0,all,1,89.1500015258789,0.0,0.0,0.0,-49.56403350830078,0.0,0.21436342597007751,0.0,12.031466484069824,0.0,1.0,0.0,1.0,0.0,1.0,0.0
network_release_pilot,20,0,control,1,89.1500015258789,0.0,0.0,0.0,-49.56403350830078,0.0,0.21436342597007751,0.0,12.031466484069824,0.0,1.0,0.0,1.0,0.0,1.0,0.0
network_release_pilot,20,0.25,all,1,96.5,0.0,0.0,0.0,-48.563209533691406,0.0,0.20580069720745087,0.0,9.583117485046387,0.0,1.0836845297114677,0.0,0.796504524010838,0.0,0.9400945268611529,0.0
network_release_pilot,20,0.25,KD,1,117.0,0.0,0.0,0.0,-45.08306884765625,0.0,0.14924144744873047,0.0,9.638340950012207,0.0,1.333124245929391,0.0,0.8010944437050781,0.0,1.0671093448172346,0.0
network_release_pilot,20,0.25,control,1,89.66666412353516,0.0,0.0,0.0,-49.72325134277344,0.0,0.22465381026268005,0.0,9.564709663391113,0.0,1.0005379576388265,0.0,0.7949745507794247,0.0,0.8977562542091255,0.0
network_release_pilot,20,0.5,all,1,100.0,0.0,0.0,0.0,-47.966941833496094,0.0,0.20053334534168243,0.0,6.967726707458496,0.0,1.1322448334846595,0.0,0.579125305853951,0.0,0.8556850696693052,0.0
network_release_pilot,20,0.5,KD,1,113.5,0.0,0.0,0.0,-45.658512115478516,0.0,0.16087862849235535,0.0,6.797451019287109,0.0,1.300502842097553,0.0,0.5649727760358411,0.0,0.9327378090666971,0.0
network_release_pilot,20,0.5,control,1,86.5,0.0,0.0,0.0,-50.27537155151367,0.0,0.24018800258636475,0.0,7.138001918792725,0.0,0.9639867429409651,0.0,0.5932777960395554,0.0,0.7786322694902603,0.0
network_release_pilot,20,0.75,all,1,103.30000305175781,0.0,0.0,0.0,-47.82770538330078,0.0,0.19287440180778503,0.0,4.248532772064209,0.0,1.1785747350644655,0.0,0.35311844800377806,0.0,0.7658465915341218,0.0
network_release_pilot,20,0.75,KD,1,109.73332977294922,0.0,0.0,0.0,-46.45210647583008,0.0,0.173428475856781,0.0,4.221642971038818,0.0,1.257273365886079,0.0,0.3508834917695573,0.0,0.8040784288278182,0.0
network_release_pilot,20,0.75,control,1,84.0,0.0,0.0,0.0,-51.95452880859375,0.0,0.2512122392654419,0.0,4.329202175140381,0.0,0.9424790064612268,0.0,0.3598233167064405,0.0,0.6511511615838337,0.0
network_release_pilot,20,1,all,1,106.6500015258789,0.0,0.0,0.0,-47.05499267578125,0.0,0.18524131178855896,0.0,1.4571199417114258,0.0,1.2317367642020078,0.0,0.12110908870840598,0.0,0.6764229264552069,0.0
network_release_pilot,20,1,KD,1,106.6500015258789,0.0,0.0,0.0,-47.05499267578125,0.0,0.18524131178855896,0.0,1.4571199417114258,0.0,1.2317367642020078,0.0,0.12110908870840598,0.0,0.6764229264552069,0.0
network_release_strong_pilot,5,0,all,1,68.0,0.0,0.0,0.0,-50.08644485473633,0.0,0.23141109943389893,0.0,16.636127471923828,0.0,1.0,0.0,1.0,0.0,1.0,0.0
network_release_strong_pilot,5,0,control,1,68.0,0.0,0.0,0.0,-50.08644485473633,0.0,0.23141109943389893,0.0,16.636127471923828,0.0,1.0,0.0,1.0,0.0,1.0,0.0
network_release_strong_pilot,5,0.25,all,1,73.8499984741211,0.0,0.0,0.0,-50.75556182861328,0.0,0.235408753156662,0.0,13.436080932617188,0.0,1.0690262879347174,0.0,0.8076447451663712,0.0,0.9383355165505443,0.0
network_release_strong_pilot,5,0.25,KD,1,91.19999694824219,0.0,0.0,0.0,-48.229393005371094,0.0,0.1901615560054779,0.0,14.734410285949707,0.0,1.297952562971772,0.0,0.8856875081545523,0.0,1.0918200355631622,0.0
network_release_strong_pilot,5,0.25,control,1,68.06666564941406,0.0,0.0,0.0,-51.59761047363281,0.0,0.2504911422729492,0.0,13.003300666809082,0.0,0.9927176287255632,0.0,0.7816302615349797,0.0,0.8871739451302715,0.0
network_release_strong_pilot,5,0.5,all,1,77.4000015258789,0.0,0.0,0.0,-50.329429626464844,0.0,0.24454089999198914,0.0,9.649858474731445,0.0,1.115524195806941,0.0,0.5800543720897277,0.0,0.8477892839483343,0.0
network_release_strong_pilot,5,0.5,KD,1,86.80000305175781,0.0,0.0,0.0,-48.79651641845703,0.0,0.2150353491306305,0.0,10.069284439086914,0.0,1.2425072857914847,0.0,0.6052661267521825,0.0,0.9238867062718337,0.0
network_release_strong_pilot,5,0.5,control,1,68.0,0.0,0.0,0.0,-51.86234664916992,0.0,0.27404651045799255,0.0,9.230432510375977,0.0,0.9885413040954589,0.0,0.5548426174272728,0.0,0.7716919607613659,0.0
network_release_strong_pilot,5,0.75,all,1,77.9000015258789,0.0,0.0,0.0,-50.813941955566406,0.0,0.2627530097961426,0.0,5.210958957672119,0.0,1.129284643681994,0.0,0.31323148770448295,0.0,0.7212580656932386,0.0
network_release_strong_pilot,5,0.75,KD,1,81.80000305175781,0.0,0.0,0.0,-50.2078742980957,0.0,0.24925872683525085,0.0,5.334753513336182,0.0,1.1836062082864458,0.0,0.3206727961383709,0.0,0.7521395022124083,0.0
network_release_strong_pilot,5,0.75,control,1,66.19999694824219,0.0,0.0,0.0,-52.632164001464844,0.0,0.303235799074173,0.0,4.839572906494141,0.0,0.9663199498686391,0.0,0.2909074190890703,0.0,0.6286136844788547,0.0
network_release_strong_pilot,5,1,all,1,73.55000305175781,0.0,0.0,0.0,-52.52973556518555,0.0,0.3000124990940094,0.0,0.0,0.0,1.0835977717676806,0.0,0.0,0.0,0.5417988858838403,0.0
network_release_strong_pilot,5,1,KD,1,73.55000305175781,0.0,0.0,0.0,-52.52973556518555,0.0,0.3000124990940094,0.0,0.0,0.0,1.0835977717676806,0.0,0.0,0.0,0.5417988858838403,0.0
network_release_strong_pilot,10,0,all,1,90.25,0.0,0.0,0.0,-47.80290222167969,0.0,0.17698635160923004,0.0,21.919946670532227,0.0,1.0,0.0,1.0,0.0,1.0,0.0
network_release_strong_pilot,10,0,control,1,90.25,0.0,0.0,0.0,-47.80290222167969,0.0,0.17698635160923004,0.0,21.919946670532227,0.0,1.0,0.0,1.0,0.0,1.0,0.0
network_release_strong_pilot,10,0.25,all,1,94.5,0.0,0.0,0.0,-47.264427185058594,0.0,0.18204405903816223,0.0,17.261531829833984,0.0,1.0353274804020758,0.0,0.7874805577442067,0.0,0.9114040190731412,0.0
network_release_strong_pilot,10,0.25,KD,1,105.4000015258789,0.0,0.0,0.0,-45.71320724487305,0.0,0.15404735505580902,0.0,18.436473846435547,0.0,1.1536092564991989,0.0,0.8410820575225378,0.0,0.9973456570108683,0.0
network_release_strong_pilot,10,0.25,control,1,90.86666870117188,0.0,0.0,0.0,-47.781497955322266,0.0,0.19137625396251678,0.0,16.869890213012695,0.0,0.9959004793983782,0.0,0.7696136521943047,0.0,0.8827570657963415,0.0
network_release_strong_pilot,10,0.5,all,1,93.80000305175781,0.0,0.0,0.0,-47.90916442871094,0.0,0.19487404823303223,0.0,12.019058227539062,0.0,1.0297754857666745,0.0,0.5483160341670318,0.0,0.7890457599668532,0.0
network_release_strong_pilot,10,0.5,KD,1,100.69999694824219,0.0,0.0,0.0,-46.89262008666992,0.0,0.17603878676891327,0.0,12.335834503173828,0.0,1.102862497913634,0.0,0.5627675417548955,0.0,0.8328150198342648,0.0
network_release_strong_pilot,10,0.5,control,1,86.9000015258789,0.0,0.0,0.0,-48.92571258544922,0.0,0.21370932459831238,0.0,11.702280044555664,0.0,0.9566883963111118,0.0,0.5338644395648763,0.0,0.745276417937994,0.0
network_release_strong_pilot,10,0.75,all,1,91.3499984741211,0.0,0.0,0.0,-49.27244186401367,0.0,0.2193337380886078,0.0,6.29833459854126,0.0,1.0116837264849456,0.0,0.28733348183772445,0.0,0.649508604161335,0.0
network_release_strong_pilot,10,0.75,KD,1,94.4000015258789,0.0,0.0,0.0,-48.59868621826172,0.0,0.2092462033033371,0.0,6.399661064147949,0.0,1.0451997890093605,0.0,0.29195605082156717,0.0,0.6685779199154638,0.0
network_release_strong_pilot,10,0.75,control,1,82.19999694824219,0.0,0.0,0.0,-51.29370880126953,0.0,0.24959638714790344,0.0,5.994357109069824,0.0,0.9111358481461126,0.0,0.2734658619004878,0.0,0.5923008550233002,0.0
network_release_strong_pilot,10,1,all,1,86.0999984741211,0.0,0.0,0.0,-50.63756561279297,0.0,0.25349751114845276,0.0,0.0,0.0,0.9676260947767911,0.0,0.0,0.0,0.48381304738839553,0.0
network_release_strong_pilot,10,1,KD,1,86.0999984741211,0.0,0.0,0.0,-50.63756561279297,0.0,0.25349751114845276,0.0,0.0,0.0,0.9676260947767911,0.0,0.0,0.0,0.48381304738839553,0.0
network_release_strong_pilot,20,0,all,1,110.4000015258789,0.0,0.0,0.0,-45.0794563293457,0.0,0.13098275661468506,0.0,25.99307632446289,0.0,1.0,0.0,1.0,0.0,1.0,0.0
network_release_strong_pilot,20,0,control,1,110.4000015258789,0.0,0.0,0.0,-45.0794563293457,0.0,0.13098275661468506,0.0,25.99307632446289,0.0,1.0,0.0,1.0,0.0,1.0,0.0
network_release_strong_pilot,20,0.25,all,1,114.5999984741211,0.0,0.0,0.0,-45.11150360107422,0.0,0.1359805315732956,0.0,20.67237663269043,0.0,1.0214598352361624,0.0,0.7953031943831526,0.0,0.9083815148096575,0.0
network_release_strong_pilot,20,0.25,KD,1,121.80000305175781,0.0,0.0,0.0,-43.70360565185547,0.0,0.11516318470239639,0.0,21.70479393005371,0.0,1.1040123731282951,0.0,0.8350221289361835,0.0,0.9695172510322394,0.0
network_release_strong_pilot,20,0.25,control,1,112.19999694824219,0.0,0.0,0.0,-45.58080291748047,0.0,0.1429196149110794,0.0,20.32823944091797,0.0,0.9939421953727238,0.0,0.7820636229112454,0.0,0.8880029091419845,0.0
network_release_strong_pilot,20,0.5,all,1,114.05000305175781,0.0,0.0,0.0,-45.546573638916016,0.0,0.14754274487495422,0.0,14.372289657592773,0.0,1.0089360633914164,0.0,0.5529276134224469,0.0,0.7809318384069317,0.0
network_release_strong_pilot,20,0.5,KD,1,120.0999984741211,0.0,0.0,0.0,-44.62703323364258,0.0,0.13400474190711975,0.0,14.508798599243164,0.0,1.065454113325936,0.0,0.5581793558459444,0.0,0.8118167345859402,0.0
network_release_strong_pilot,20,0.5,control,1,108.0,0.0,0.0,0.0,-46.46611404418945,0.0,0.16108077764511108,0.0,14.235786437988281,0.0,0.952417886224169,0.0,0.5476760911362593,0.0,0.7500469886802141,0.0
network_release_strong_pilot,20,0.75,all,1,109.75,0.0,0.0,0.0,-46.285369873046875,0.0,0.16879519820213318,0.0,7.2680253982543945,0.0,0.9752017052239086,0.0,0.27961389823697896,0.0,0.6274078017304437,0.0
network_release_strong_pilot,20,0.75,KD,1,112.66666412353516,0.0,0.0,0.0,-45.77080535888672,0.0,0.16097788512706757,0.0,7.351180076599121,0.0,1.002256917738825,0.0,0.2828130070037419,0.0,0.6425349623712835,0.0
network_release_strong_pilot,20,0.75,control,1,101.0,0.0,0.0,0.0,-47.829063415527344,0.0,0.1922471821308136,0.0,7.018561363220215,0.0,0.8940360676791592,0.0,0.27001657193669026,0.0,0.5820263198079247,0.0
network_release_strong_pilot,20,1,all,1,104.44999694824219,0.0,0.0,0.0,-47.27177429199219,0.0,0.193657785654068,0.0,0.0,0.0,0.9388254867001722,0.0,0.0,0.0,0.4694127433500861,0.0
network_release_strong_pilot,20,1,KD,1,104.44999694824219,0.0,0.0,0.0,-47.27177429199219,0.0,0.193657785654068,0.0,0.0,0.0,0.9388254867001722,0.0,0.0,0.0,0.4694127433500861,0.0
release_rescue,10,0,all,1,70.0999984741211,0.0,0.0,0.0,-52.638328552246094,0.0,0.27878227829933167,0.0,10.387556076049805,0.0,1.0,0.0,1.0,0.0,1.0,0.0
release_rescue,10,0,control,1,70.0999984741211,0.0,0.0,0.0,-52.638328552246094,0.0,0.27878227829933167,0.0,10.387556076049805,0.0,1.0,0.0,1.0,0.0,1.0,0.0
release_rescue,10,0.1,all,1,77.5999984741211,0.0,0.0,0.0,-50.92634201049805,0.0,0.2514028549194336,0.0,12.067346572875977,0.0,1.1046387472423194,0.0,1.1617118102206159,0.0,1.1331752787314677,0.0
release_rescue,10,0.1,KD,1,105.0,0.0,0.0,0.0,-46.97691345214844,0.0,0.16999806463718414,0.0,12.498688697814941,0.0,1.4950178500458648,0.0,1.2032367003661906,0.0,1.3491272752060277,0.0
release_rescue,10,0.1,control,1,74.55555725097656,0.0,0.0,0.0,-51.36516571044922,0.0,0.2604478597640991,0.0,12.01941967010498,0.0,1.0612633026088032,0.0,1.1570979335377742,0.0,1.1091806180732888,0.0
release_rescue,10,0.2,all,1,84.0999984741211,0.0,0.0,0.0,-50.406005859375,0.0,0.23753055930137634,0.0,12.829793930053711,0.0,1.18411838789786,0.0,1.2351118815748088,0.0,1.2096151347363344,0.0
release_rescue,10,0.2,KD,1,106.0,0.0,0.0,0.0,-46.32374954223633,0.0,0.171708345413208,0.0,12.270757675170898,0.0,1.5089975129943745,0.0,1.1812940007576105,0.0,1.3451457568759926,0.0
release_rescue,10,0.2,control,1,78.625,0.0,0.0,0.0,-51.426570892333984,0.0,0.2539861500263214,0.0,12.96955394744873,0.0,1.1028985813482566,0.0,1.2485664435884145,0.0,1.1757325124683355,0.0
release_rescue,10,0.3,all,1,88.80000305175781,0.0,0.0,0.0,-49.878578186035156,0.0,0.22750873863697052,0.0,13.377789497375488,0.0,1.249745855100151,0.0,1.2878668860541846,0.0,1.2688063705771677,0.0
release_rescue,10,0.3,KD,1,107.66666412353516,0.0,0.0,0.0,-46.535762786865234,0.0,0.16890305280685425,0.0,12.971503257751465,0.0,1.53068771230767,0.0,1.2487541018102775,0.0,1.3897209070589738,0.0
release_rescue,10,0.3,control,1,80.71428680419922,0.0,0.0,0.0,-51.31121063232422,0.0,0.2526254653930664,0.0,13.551913261413574,0.0,1.1293422886699853,0.0,1.3046296127979236,0.0,1.2169859507339544,0.0
release_rescue,10,0.4,all,1,93.75,0.0,0.0,0.0,-49.43735885620117,0.0,0.21209070086479187,0.0,14.191995620727539,0.0,1.3152452261957852,0.0,1.3662497238835116,0.0,1.3407474750396484,0.0
release_rescue,10,0.4,KD,1,109.0,0.0,0.0,0.0,-46.408538818359375,0.0,0.1652798056602478,0.0,13.83831787109375,0.0,1.5454347386733267,0.0,1.3322015082065584,0.0,1.4388181234399426,0.0
release_rescue,10,0.4,control,1,83.58333587646484,0.0,0.0,0.0,-51.456573486328125,0.0,0.2432979792356491,0.0,14.427783012390137,0.0,1.1617853827075917,0.0,1.3889487485565282,0.0,1.27536706563206,0.0
release_rescue,10,0.5,all,1,98.75,0.0,0.0,0.0,-48.09367370605469,0.0,0.19665446877479553,0.0,14.889361381530762,0.0,1.3820961274838335,0.0,1.4333844527550228,0.0,1.407740290119428,0.0
release_rescue,10,0.5,KD,1,110.0999984741211,0.0,0.0,0.0,-46.24987030029297,0.0,0.16246812045574188,0.0,14.156709671020508,0.0,1.5595234905713886,0.0,1.362852779554288,0.0,1.4611881350628382,0.0
release_rescue,10,0.5,control,1,87.4000015258789,0.0,0.0,0.0,-49.93748092651367,0.0,0.230840802192688,0.0,15.622014045715332,0.0,1.2046684610905802,0.0,1.503916217765064,0.0,1.3542923394278221,0.0
release_rescue,10,0.6,all,1,102.1500015258789,0.0,0.0,0.0,-47.575809478759766,0.0,0.1872386485338211,0.0,15.205087661743164,0.0,1.4319924424308093,0.0,1.4637791170919365,0.0,1.447885779761373,0.0
release_rescue,10,0.6,KD,1,110.08333587646484,0.0,0.0,0.0,-45.71150588989258,0.0,0.15986092388629913,0.0,14.613090515136719,0.0,1.562515297981167,0.0,1.4067881230340185,0.0,1.4846517105075927,0.0
release_rescue,10,0.6,control,1,90.25,0.0,0.0,0.0,-50.37225341796875,0.0,0.22830522060394287,0.0,16.093080520629883,0.0,1.2362083107581217,0.0,1.5492653327508952,0.0,1.3927368217545084,0.0
release_rescue,10,0.7,all,1,102.5,0.0,0.0,0.0,-47.428871154785156,0.0,0.18083123862743378,0.0,15.033218383789062,0.0,1.4471356871405765,0.0,1.4472334275480434,0.0,1.4471845573443098,0.0
release_rescue,10,0.7,KD,1,107.21428680419922,0.0,0.0,0.0,-46.4392204284668,0.0,0.16138991713523865,0.0,14.592978477478027,0.0,1.529320612422734,0.0,1.4048519565756672,0.0,1.4670862844992008,0.0
release_rescue,10,0.7,control,1,91.5,0.0,0.0,0.0,-49.738040924072266,0.0,0.2261943370103836,0.0,16.060447692871094,0.0,1.2553709625841079,0.0,1.5461238019115064,0.0,1.4007473822478071,0.0
release_rescue,10,0.8,all,1,103.8499984741211,0.0,0.0,0.0,-47.29399490356445,0.0,0.18082132935523987,0.0,15.080462455749512,0.0,1.4648448980594602,0.0,1.4517815687676492,0.0,1.4583132334135547,0.0
release_rescue,10,0.8,KD,1,106.125,0.0,0.0,0.0,-46.505584716796875,0.0,0.17044022679328918,0.0,14.413671493530273,0.0,1.5083663338358435,0.0,1.3875902462527572,0.0,1.4479782900443003,0.0
release_rescue,10,0.8,control,1,94.75,0.0,0.0,0.0,-50.44763946533203,0.0,0.22234569489955902,0.0,17.747623443603516,0.0,1.2907587505463294,0.0,1.7085465833992983,0.0,1.4996526669728139,0.0
release_rescue,10,0.9,all,1,102.80000305175781,0.0,0.0,0.0,-46.800086975097656,0.0,0.17370882630348206,0.0,14.489816665649414,0.0,1.4628374187431397,0.0,1.3949206684966098,0.0,1.4288790436198746,0.0
release_rescue,10,0.9,KD,1,103.27777862548828,0.0,0.0,0.0,-46.405967712402344,0.0,0.16880300641059875,0.0,14.04000186920166,0.0,1.4758216323892472,0.0,1.3516174320900334,0.0,1.4137195322396403,0.0
release_rescue,10,0.9,control,1,98.5,0.0,0.0,0.0,-50.347110748291016,0.0,0.2178611159324646,0.0,18.538150787353516,0.0,1.345981012456664,0.0,1.7846498879651036,0.0,1.5653154502108837,0.0
release_rescue,10,1,all,1,100.94999694824219,0.0,0.0,0.0,-46.79092788696289,0.0,0.17422613501548767,0.0,13.684333801269531,0.0,1.461472644201892,0.0,1.3173776103910506,0.0,1.3894251272964713,0.0
release_rescue,10,1,KD,1,100.94999694824219,0.0,0.0,0.0,-46.79092788696289,0.0,0.17422613501548767,0.0,13.684333801269531,0.0,1.461472644201892,0.0,1.3173776103910506,0.0,1.3894251272964713,0.0
release_strong_partial,10,0,all,1,92.19999694824219,0.0,0.0,0.0,-46.634483337402344,0.0,0.16727545857429504,0.0,23.889110565185547,0.0,1.0,0.0,1.0,0.0,1.0,0.0
release_strong_partial,10,0,control,1,92.19999694824219,0.0,0.0,0.0,-46.634483337402344,0.0,0.16727545857429504,0.0,23.889110565185547,0.0,1.0,0.0,1.0,0.0,1.0,0.0
release_strong_partial,10,0.25,all,1,96.19999694824219,0.0,0.0,0.0,-47.31416702270508,0.0,0.1745331734418869,0.0,20.261371612548828,0.0,1.036003861835663,0.0,0.8481425692790944,0.0,0.9420732155573788,0.0
release_strong_partial,10,0.25,KD,1,107.0,0.0,0.0,0.0,-45.36697006225586,0.0,0.14551784098148346,0.0,20.603302001953125,0.0,1.1457480877911477,0.0,0.8624558015976975,0.0,1.0041019446944226,0.0
release_strong_partial,10,0.25,control,1,92.5999984741211,0.0,0.0,0.0,-47.96323776245117,0.0,0.18420498073101044,0.0,20.14739418029785,0.0,0.9994222516056084,0.0,0.84337146522564,0.0,0.9213968584156242,0.0
release_strong_partial,10,0.5,all,1,97.30000305175781,0.0,0.0,0.0,-47.6294059753418,0.0,0.18314340710639954,0.0,14.359700202941895,0.0,1.0422193248711802,0.0,0.6010981515514771,0.0,0.8216587382113286,0.0
release_strong_partial,10,0.5,KD,1,104.19999694824219,0.0,0.0,0.0,-46.522891998291016,0.0,0.16562320291996002,0.0,14.445440292358398,0.0,1.1137329803093854,0.0,0.6046872382687304,0.0,0.8592101092890578,0.0
release_strong_partial,10,0.5,control,1,90.4000015258789,0.0,0.0,0.0,-48.735923767089844,0.0,0.20066364109516144,0.0,14.273958206176758,0.0,0.9707054426574703,0.0,0.5975089849924637,0.0,0.784107213824967,0.0
release_strong_partial,10,0.75,all,1,95.9000015258789,0.0,0.0,0.0,-48.56629943847656,0.0,0.20372021198272705,0.0,8.488621711730957,0.0,1.0293553331778158,0.0,0.35533435573368427,0.0,0.6923448444557501,0.0
release_strong_partial,10,0.75,KD,1,99.19999694824219,0.0,0.0,0.0,-47.79431915283203,0.0,0.1945236176252365,0.0,8.261542320251465,0.0,1.0641225125939777,0.0,0.34582879499462427,0.0,0.704975653794301,0.0
release_strong_partial,10,0.75,control,1,86.0,0.0,0.0,0.0,-50.882232666015625,0.0,0.2313099354505539,0.0,9.169858932495117,0.0,0.9250534169701553,0.0,0.3838509980299844,0.0,0.6544522075000698,0.0
release_strong_partial,10,1,all,1,92.5999984741211,0.0,0.0,0.0,-48.65956497192383,0.0,0.22552421689033508,0.0,2.7953686714172363,0.0,1.00745033125098,0.0,0.11701434692554133,0.0,0.5622323390882606,0.0
release_strong_partial,10,1,KD,1,92.5999984741211,0.0,0.0,0.0,-48.65956497192383,0.0,0.22552421689033508,0.0,2.7953686714172363,0.0,1.00745033125098,0.0,0.11701434692554133,0.0,0.5622323390882606,0.0
release_strong_rescue,10,0,all,1,92.19999694824219,0.0,0.0,0.0,-46.634483337402344,0.0,0.16727545857429504,0.0,23.889110565185547,0.0,1.0,0.0,1.0,0.0,1.0,0.0
release_strong_rescue,10,0,control,1,92.19999694824219,0.0,0.0,0.0,-46.634483337402344,0.0,0.16727545857429504,0.0,23.889110565185547,0.0,1.0,0.0,1.0,0.0,1.0,0.0
release_strong_rescue,10,0.25,all,1,103.5,0.0,0.0,0.0,-45.466209411621094,0.0,0.1465868204832077,0.0,26.979564666748047,0.0,1.1199519205693094,0.0,1.1293666456576381,0.0,1.1246592831134739,0.0
release_strong_rescue,10,0.25,KD,1,107.4000015258789,0.0,0.0,0.0,-44.147193908691406,0.0,0.12333694845438004,0.0,27.36089515686035,0.0,1.1999098642960262,0.0,1.1453291692129535,0.0,1.17261951675449,0.0
release_strong_rescue,10,0.25,control,1,102.19999694824219,0.0,0.0,0.0,-45.9058837890625,0.0,0.15433678030967712,0.0,26.85245704650879,0.0,1.0932990710821773,0.0,1.1240459109282133,0.0,1.1086724910051953,0.0
release_strong_rescue,10,0.5,all,1,106.5999984741211,0.0,0.0,0.0,-45.425472259521484,0.0,0.14409396052360535,0.0,27.480449676513672,0.0,1.1523084007776283,0.0,1.1503337305727033,0.0,1.1513210656751658,0.0
release_strong_rescue,10,0.5,KD,1,107.30000305175781,0.0,0.0,0.0,-44.402591705322266,0.0,0.1291290819644928,0.0,27.816524505615234,0.0,1.182612487075686,0.0,1.164401848688048,0.0,1.173507167881867,0.0
release_strong_rescue,10,0.5,control,1,105.9000015258789,0.0,0.0,0.0,-46.44835662841797,0.0,0.15905886888504028,0.0,27.144378662109375,0.0,1.1220043900714056,0.0,1.1362657721408786,0.0,1.129135081106142,0.0
release_strong_rescue,10,0.75,all,1,104.44999694824219,0.0,0.0,0.0,-45.724273681640625,0.0,0.1406715214252472,0.0,26.829212188720703,0.0,1.1485944983355434,0.0,1.1230728793988618,0.0,1.1358336888672027,0.0
release_strong_rescue,10,0.75,KD,1,104.5999984741211,0.0,0.0,0.0,-45.34687423706055,0.0,0.1353103518486023,0.0,26.374317169189453,0.0,1.1591142360439708,0.0,1.1040309390013745,0.0,1.1315725875226725,0.0
release_strong_rescue,10,0.75,control,1,104.0,0.0,0.0,0.0,-46.856468200683594,0.0,0.1567549854516983,0.0,28.193893432617188,0.0,1.117035209618426,0.0,1.180198540907804,0.0,1.148616875263115,0.0
release_strong_rescue,10,1,all,1,104.25,0.0,0.0,0.0,-44.325103759765625,0.0,0.13155749440193176,0.0,26.509042739868164,0.0,1.1535715403393558,0.0,1.1096705617203153,0.0,1.1316210510298355,0.0
release_strong_rescue,10,1,KD,1,104.25,0.0,0.0,0.0,-44.325103759765625,0.0,0.13155749440193176,0.0,26.509042739868164,0.0,1.1535715403393558,0.0,1.1096705617203153,0.0,1.1316210510298355,0.0
release_strong_validation,10,0,all,3,91.61666615804036,1.0539590583417868,0.0,0.0,-47.27304331461588,0.5544268537388094,0.17103359599908194,0.004991879466663635,23.15708351135254,0.9683771641616422,1.0,0.0,1.0,0.0,1.0,0.0
release_strong_validation,10,0,control,3,91.61666615804036,1.0539590583417868,0.0,0.0,-47.27304331461588,0.5544268537388094,0.17103359599908194,0.004991879466663635,23.15708351135254,0.9683771641616422,1.0,0.0,1.0,0.0,1.0,0.0
release_strong_validation,10,0.1,all,3,92.81666819254558,0.7216878364870322,0.0,0.0,-47.58646774291992,0.4008846637378301,0.17674413323402405,0.005177266030985685,20.993282953898113,1.0360050074216132,1.0067551307045048,0.002519562171068473,0.906370354197889,0.007551379351068113,0.9565627424511969,0.0026190412049339386
release_strong_validation,10,0.1,KD,3,107.5,1.8027756377319946,0.0,0.0,-45.60224914550781,0.31898766201513934,0.14246865113576254,0.007295877675822162,21.574764251708984,2.2838118060842936,1.1571356337848842,0.027264888473620758,0.9321100933904126,0.0950871393662161,1.0446228635876484,0.06029907582210636
release_strong_validation,10,0.1,control,3,91.18518575032552,0.9958778631929446,0.0,0.0,-47.806933085123696,0.4655002550029458,0.1805525173743566,0.005532200053745605,20.928675333658855,1.0953599134990135,0.990046121558112,0.004534463349318419,0.903510446121221,0.011506813758342872,0.9467782838396664,0.007210975681466148
release_strong_validation,10,0.2,all,3,94.83333333333333,0.44814287492188015,0.0,0.0,-47.730848948160805,0.033360682737032285,0.18075663844744363,0.0030229025898649607,19.228283564249676,0.9013952684831513,1.021160194981665,0.011791054441453,0.8302570591829951,0.009561708463371848,0.9257086270823301,0.009289292531092778
release_strong_validation,10,0.2,KD,3,107.25,1.25,0.0,0.0,-45.57738749186198,0.16649519401374951,0.1471914748350779,0.0036630916643493774,20.26771863301595,1.3172726229181648,1.1538235488346402,0.024206675774696245,0.8750066740220147,0.035158053512984025,1.0144151114283277,0.02581604759527527
release_strong_validation,10,0.2,control,3,91.72916666666667,0.6564979690245304,0.0,0.0,-48.269212086995445,0.0010218571719008002,0.18914792438348135,0.003467733466300514,18.968425114949543,0.8373989007803921,0.987994394412476,0.008748166691759757,0.8190696687802004,0.0033069555425289496,0.9035320315963382,0.005187615124878254
release_strong_validation,10,0.3,all,3,94.83333333333333,0.16072585132050496,0.0,0.0,-47.83895365397135,0.342248084411869,0.18374788761138916,0.0032389997158699976,17.209552764892578,0.9632526507566638,1.0216651183106225,0.007340476238978588,0.742867191244037,0.011000590186863474,0.8822661547773297,0.0027635628076676587
release_strong_validation,10,0.3,KD,3,104.94444529215495,0.6735725872540727,0.0,0.0,-46.21376419067383,0.27891990901216485,0.15794545908768973,0.00382553084084862,17.26196352640788,1.1174287356832038,1.1261992313670446,0.016309678439162072,0.7449452942837452,0.01751089249400488,0.9355722628253949,0.00778527568697722
release_strong_validation,10,0.3,control,3,90.5,0.37115563226461074,0.0,0.0,-48.53546396891276,0.4043727179161149,0.19480607906977335,0.0035028968435959554,17.187089284261067,0.9017959334033698,0.9768648062534216,0.003657502046222304,0.7419765043637909,0.009102735799575474,0.8594206553086062,0.002731004437536857
release_strong_validation,10,0.4,all,3,96.0,0.624497600817875,0.0,0.0,-47.7304573059082,0.034162284473703036,0.1892035255829493,0.0021647930768942144,15.060592651367188,0.7234520500304503,1.032607338980869,0.005526794712708485,0.6502737457145131,0.007990541641890461,0.8414405423476911,0.0012588167677370422
release_strong_validation,10,0.4,KD,3,104.16666666666667,0.6414501799308605,0.0,0.0,-46.390098571777344,0.1920056218305045,0.16522339979807535,0.003492950502309016,15.514979362487793,1.3039412538122448,1.1198616400678387,0.009445824950907587,0.6692604092636385,0.0317315566482509,0.8945610246657386,0.012226636452456916
release_strong_validation,10,0.4,control,3,90.55555470784505,0.6988740999457888,0.0,0.0,-48.62402852376302,0.07670216661467101,0.20519027610619864,0.002664124957348666,14.757668813069662,0.3483611941183199,0.9744379479723779,0.003079592990974282,0.6376159954102297,0.01186252755108122,0.8060269716913039,0.007090044267349268
release_strong_validation,10,0.5,all,3,96.1500015258789,0.5567754770884705,0.0,0.0,-47.971856435139976,0.17981559466438843,0.19475104411443075,0.0031719066178150096,12.49278704325358,0.7551301611323141,1.0315247595563584,0.008740080329936568,0.5392353672422009,0.01327890853973235,0.7853800633992796,0.004580312095691141
release_strong_validation,10,0.5,KD,3,102.13333384195964,0.4932851413969206,0.0,0.0,-46.80928421020508,0.18966786886023682,0.17645637194315592,0.005497288064015464,12.483280499776205,1.285372441557571,1.097579623740933,0.007981501224118673,0.5383037323215292,0.037648869649994955,0.817941678031231,0.015971398178051266
release_strong_validation,10,0.5,control,3,90.16666920979817,0.7094607129183435,0.0,0.0,-49.13442738850912,0.3358127384399772,0.2130457063515981,0.002964710732658864,12.50229295094808,0.3287613699582866,0.9654699697185144,0.009507952518764897,0.540166974030869,0.011493886068251358,0.7528184718746918,0.010284125103983096
release_strong_validation,10,0.6,all,3,95.53333282470703,2.013909349128172,0.0,0.0,-48.34471766153971,0.39619187274556833,0.20265805224577585,0.004542856866624166,9.950894673665365,0.712967883421375,1.0256308467119537,0.014704183983840664,0.4294995463337609,0.019003205504396634,0.7275651965228573,0.015318692810220117
release_strong_validation,10,0.6,KD,3,100.63889058430989,2.5060098396480663,0.0,0.0,-47.372666676839195,0.41592830659815433,0.18737582365671793,0.0066509714164830905,10.149494171142578,1.223732668661724,1.0812809163327664,0.019425094639000693,0.43775342047127624,0.04219731586915922,0.7595171684020213,0.028390812986841218
release_strong_validation,10,0.6,control,3,87.875,1.3050383136138188,0.0,0.0,-49.802799224853516,0.3844862949640986,0.22558138767878214,0.004199170229930062,9.652994791666666,0.35490630110648447,0.9421557921835889,0.007900739643842315,0.41711870830651226,0.01610950435411325,0.6796372502450506,0.00810141121143223
release_strong_validation,10,0.7,all,3,93.33333587646484,1.5011106660099545,0.0,0.0,-48.81710942586263,0.2493946869289529,0.21266081432501474,0.004093137552733628,7.359241008758545,0.3991051851280371,1.009600081479743,0.012225513554525643,0.31768615306021925,0.004355960790022922,0.6636431172699812,0.004935148998623897
release_strong_validation,10,0.7,KD,3,97.21428680419922,2.0366527717361014,0.0,0.0,-47.9971809387207,0.3970490787824459,0.19987747073173523,0.005141272890067649,7.49192476272583,0.7904450527736163,1.052856327564186,0.01518917184950582,0.3232157491881981,0.02629230250917922,0.688036038376192,0.01641665936318043
release_strong_validation,10,0.7,control,3,84.27777862548828,0.25458781609113695,0.0,0.0,-50.73027420043945,0.1088733469766793,0.24248861769835153,0.007258141015180384,7.049644947052002,1.1663485242139264,0.9086690093618651,0.009987592686101368,0.3047837357799874,0.05114511063392843,0.6067263725709263,0.02918769026776764
release_strong_validation,10,0.8,all,3,91.63333384195964,0.46188197728489516,0.0,0.0,-49.036092122395836,0.14602409440013686,0.22266780833403269,0.00247515891903651,5.007536729176839,0.15307352390174106,0.9964076488816677,0.012514683485512037,0.21641445250157879,0.00848802724868865,0.6064110506916233,0.010221416203247095
release_strong_validation,10,0.8,KD,3,94.25,0.7806247497997998,0.0,0.0,-48.50544993082682,0.17441927848643327,0.21336681147416434,0.0011041994268063133,5.0847578048706055,0.21693435916340761,1.0249977619674977,0.012810523662151536,0.21967287197318183,0.008010286103326549,0.6223353169703398,0.008647653333815872
release_strong_validation,10,0.8,control,3,81.16666666666667,1.0408329997330665,0.0,0.0,-51.15866216023763,0.2498700460942229,0.2598717262347539,0.010783614772595483,4.698650519053142,1.3764182507669172,0.8820472982723192,0.015648776359157714,0.20338069149583707,0.06048012434781708,0.5427139948840781,0.03772718089316584
release_strong_validation,10,0.9,all,3,89.26666768391927,0.22546102129247314,0.0,0.0,-49.45737330118815,0.052277022516207534,0.2345858613650004,0.00041343476259145934,2.463234265645345,0.05690923318307372,0.9761468868243921,0.011565342822382097,0.10644548405956389,0.0031387782150895985,0.5412961854419781,0.007329151666321249
release_strong_validation,10,0.9,KD,3,90.59259287516277,0.2796204098490139,0.0,0.0,-49.19660186767578,0.11012561234436609,0.22974436978499094,0.0012086727131384886,2.5038854281107583,0.08759303689668252,0.9908847599000525,0.013768840572291441,0.10832160610895046,0.007548671439874819,0.5496031830045015,0.009593737994726037
release_strong_validation,10,0.9,control,3,77.33333333333333,2.753785273643051,0.0,0.0,-51.80432383219401,0.5376654369984327,0.2781592806180318,0.01375392006615572,2.0973748763402305,1.3527297523573716,0.8435062369086502,0.022070224292588987,0.08956042959468974,0.05506104802805734,0.46653333325166996,0.03817473493995765
release_strong_validation,10,1,all,3,86.91666666666667,0.07637676105732,0.0,0.0,-50.16356658935547,0.13529533890350712,0.2501167307297389,0.0004716445362010889,0.0,0.0,0.9575987350559195,0.010333073196624567,0.0,0.0,0.47879936752795976,0.005166536598312284
release_strong_validation,10,1,KD,3,86.91666666666667,0.07637676105732,0.0,0.0,-50.16356658935547,0.13529533890350712,0.2501167307297389,0.0004716445362010889,0.0,0.0,0.9575987350559195,0.010333073196624567,0.0,0.0,0.47879936752795976,0.005166536598312284
release_validation,10,0,all,3,70.91666666666667,1.2867932401350055,0.0,0.0,-52.535509745279946,0.2389442297835757,0.27880339821179706,0.006226924101964333,10.093603134155273,0.47165684181608475,1.0,0.0,1.0,0.0,1.0,0.0
release_validation,10,0,control,3,70.91666666666667,1.2867932401350055,0.0,0.0,-52.535509745279946,0.2389442297835757,0.27880339821179706,0.006226924101964333,10.093603134155273,0.47165684181608475,1.0,0.0,1.0,0.0,1.0,0.0
release_validation,10,0.1,all,3,73.9499994913737,1.0828181367143743,0.0,0.0,-52.055535634358726,0.6108903710134621,0.2728014389673869,0.00520953613848517,9.40477180480957,0.5120819230381695,1.0412738505215426,0.003185635122311453,0.9315839308151744,0.014104681707377869,0.9864288906683586,0.007705664253577099
release_validation,10,0.1,KD,3,100.0,0.8660254037844386,0.0,0.0,-47.50618235270182,0.16711553930019277,0.18949060638745627,0.004166426224606583,9.32185967763265,1.0268303537660715,1.4209211828236354,0.03424683396538281,0.9245925080902816,0.10426514553102141,1.1727568454569586,0.06876971760333668
release_validation,10,0.1,control,3,71.05555725097656,1.2993350807370738,0.0,0.0,-52.56101989746094,0.6732954157634774,0.282058189312617,0.006010311428308821,9.413983345031738,0.5381123632525493,0.9990908577871989,0.0009279825129199679,0.9323606658012378,0.01046408852911623,0.9657257617942183,0.004878987959121354
release_validation,10,0.2,all,3,77.26666768391927,0.9087542010913354,0.0,0.0,-51.85386657714844,0.18725651945447902,0.26797351241111755,0.0033815053853981157,8.651446978251139,0.38847588903999075,1.0859115460771005,0.023820434840436576,0.8573135377261117,0.018399701166906104,0.9716125419016062,0.020637301868232597
release_validation,10,0.2,KD,3,100.08333333333333,1.0103629710818451,0.0,0.0,-47.50639979044596,0.2436753453489199,0.1919461190700531,0.004264296696922521,8.775768597920736,0.590862444981055,1.4211643711089437,0.03684528522564695,0.8695127686250901,0.04304359753852145,1.1453385698670167,0.03962283046762114
release_validation,10,0.2,control,3,71.5625,1.1370878374162658,0.0,0.0,-52.94073486328125,0.21309762265245877,0.2869803806145986,0.0034615187039463125,8.620366414388021,0.3522033507008518,1.002098347292609,0.02157442910452868,0.8542637140284516,0.013033386555612442,0.9281810306605304,0.01593400454215315
release_validation,10,0.3,all,3,79.06666564941406,0.29297530375541203,0.0,0.0,-51.63857650756836,0.0655729364612802,0.2644554376602173,0.0020976052419443905,7.827188014984131,0.4619519371794435,1.1156494558018923,0.019546295411845487,0.7752110254650391,0.014459402067603846,0.9454302406334657,0.015205170768786108
release_validation,10,0.3,KD,3,99.05555470784505,0.5357573207759172,0.0,0.0,-47.984517415364586,0.04957458902214204,0.19768821199735007,0.0027276823523576473,7.605239550272624,0.5587210039542777,1.4079370163505527,0.028867173817149074,0.7529279216845678,0.02492549937603954,1.0804324690175602,0.023077485475339065
release_validation,10,0.3,control,3,70.5,0.21428680419921875,0.0,0.0,-53.2046012878418,0.10711013911066952,0.2930699388186137,0.00210267368446158,7.922308921813965,0.4212377025596206,0.9903833964976491,0.015575137330934317,0.7847609426852243,0.010359048343326875,0.8875721695914368,0.012031182223669954
release_validation,10,0.4,all,3,81.5,0.4582580689589657,0.0,0.0,-51.1351064046224,0.019264292701110058,0.2568674087524414,0.0021949813593692444,7.027398427327474,0.33474100954159647,1.151061536883671,0.018671168653005454,0.6962030765517243,0.0009210214921844674,0.9236323067176976,0.009646713567053714
release_validation,10,0.4,KD,3,98.08333333333333,1.0103629710818451,0.0,0.0,-47.95241673787435,0.09745082216938017,0.19995553294817606,0.0034520525294650314,6.979209740956624,0.5959311663305561,1.3963505508787808,0.023858757178442276,0.6905955834954964,0.02766240305548388,1.0434730671871386,0.01740577967672937
release_validation,10,0.4,control,3,70.44444529215495,0.0962235765872755,0.0,0.0,-53.25689697265625,0.03314278555327774,0.29480865597724915,0.0013934596195229988,7.059524059295654,0.16568676326086873,0.9875355047667659,0.015478057315991419,0.6999413895283828,0.017586705596280557,0.8437384471475743,0.013900482075786648
release_validation,10,0.5,all,3,83.4000015258789,0.30413662140498826,0.0,0.0,-50.83562723795573,0.12623214913811345,0.2528073787689209,0.0013121313716495124,6.104035536448161,0.3135854979919613,1.1807371486216602,0.018005080546638446,0.6047097380396956,0.010238866326026937,0.892723443330678,0.003960616490708508
release_validation,10,0.5,KD,3,96.49999745686848,0.7211108898970532,0.0,0.0,-48.283697764078774,0.33561556700071143,0.20706377923488617,0.0035226579756969015,5.905712604522705,0.5571037481131929,1.3761719701341724,0.022467785068209022,0.5842873943377368,0.030884857321462206,0.9802296822359544,0.012795036507410165
release_validation,10,0.5,control,3,70.3000005086263,0.26457541947177693,0.0,0.0,-53.387559254964195,0.15236717188563093,0.29855096340179443,0.0014751163582771912,6.302357832590739,0.07185780399857977,0.9853023935210286,0.014445282369192559,0.6251320204705488,0.02404288201643315,0.8052172069957887,0.01599719501706149
release_validation,10,0.6,all,3,85.66666920979817,0.5507574241307611,0.0,0.0,-50.532023111979164,0.12888785847260018,0.24850104252497354,0.0015627114644946134,5.1749569574991865,0.31580786925362586,1.217537315905505,0.015872294922286083,0.5124735878396982,0.008629114453496208,0.8650054518726016,0.0059081574997566985
release_validation,10,0.6,KD,3,96.02777862548828,0.842998824358393,0.0,0.0,-48.37976582845052,0.11953681899503017,0.21066930890083313,0.002870701317487766,5.111993312835693,0.485360102442065,1.3732082111412283,0.01509614952760363,0.5058037393922015,0.028276554889470774,0.9395059752667146,0.009156682892799757
release_validation,10,0.6,control,3,70.125,0.125,0.0,0.0,-53.76041158040365,0.15317981509094186,0.3052486975987752,0.00045963859729464425,5.269402503967285,0.2031088894657856,0.9840310226436418,0.01711422049849464,0.5224783688655342,0.02127123639252246,0.7532546957545879,0.018319875378467285
release_validation,10,0.7,all,3,86.9000015258789,0.7053373939014765,0.0,0.0,-50.19697062174479,0.08375071148048809,0.24398360153039297,0.0013036039630127199,4.191277186075847,0.2023263383084725,1.2421668770591616,0.01449472486699015,0.41523050933634914,0.003542716305927511,0.8286986931977554,0.005518289348836349
release_validation,10,0.7,KD,3,94.52381134033203,0.7570531759430638,0.0,0.0,-48.625282287597656,0.11337646540068808,0.21631662050882974,0.0019300968189331041,4.149506489435832,0.36132842138009935,1.3584376770111082,0.01736326872650141,0.4107783570974626,0.02266989889692805,0.8846080170542853,0.003965119169850257
release_validation,10,0.7,control,3,69.11111195882161,0.7876354892633436,0.0,0.0,-53.86424001057943,0.021162334295017,0.30853985746701557,0.0038921781788266363,4.288742303848267,0.3651702973316802,0.9708681083939984,0.009108105281298556,0.425618880609052,0.042171251129026456,0.6982434945015252,0.02556862438019655
release_validation,10,0.8,all,3,87.88333384195964,0.29297096354257623,0.0,0.0,-49.95513916015625,0.12201315322404538,0.24118089179197946,0.000389223516755329,3.3470030625661216,0.04583342444488964,1.2633395804448895,0.01688214743453275,0.33195723252764586,0.011692273494014782,0.7976484064862678,0.011827583496859341
release_validation,10,0.8,KD,3,92.66666666666667,0.38188130791298663,0.0,0.0,-48.925193786621094,0.19944855041385767,0.22253678242365518,0.001039594477350209,3.289302428563436,0.14748150243010455,1.337459359883068,0.019687547508939213,0.32603023327308817,0.010993447522133706,0.8317447965780779,0.0061715136976753905
release_validation,10,0.8,control,3,68.75,0.75,0.0,0.0,-54.074911753336586,0.23953839504855245,0.3157573143641154,0.004295843076744823,3.577805678049723,0.5342550222915938,0.9668603300192026,0.007941483277768262,0.3556652379004676,0.06125265558621723,0.6612627839598351,0.0344594117408398
release_validation,10,0.9,all,3,88.43333435058594,0.23093658380946122,0.0,0.0,-49.73258972167969,0.10385083052144804,0.23894613981246948,0.00081961932373978,2.360403060913086,0.06635000047825639,1.279436746950959,0.022293758019532667,0.23399656690684204,0.0048844512222876845,0.7567166569289007,0.012646985324217833
release_validation,10,0.9,KD,3,90.75925699869792,0.32552710256897377,0.0,0.0,-49.25440470377604,0.14048872107220356,0.22949485977490744,0.0006977954264567253,2.3246678511301675,0.03212513453821641,1.3160027475911307,0.025092238147086415,0.23059537467875127,0.009455954517612176,0.773299061134941,0.013836926359566667
release_validation,10,0.9,control,3,67.5,2.29128784747792,0.0,0.0,-54.036277770996094,0.22658382320053058,0.32400750120480853,0.010770849179059286,2.6820226510365806,0.610513782311755,0.9503423343564944,0.020206524018570426,0.26460756674473696,0.05118581047063181,0.6074749505506156,0.03428472666146969
release_validation,10,1,all,3,89.66666666666667,0.4163353989241535,0.0,0.0,-49.53553263346354,0.024630098961268804,0.23716721932093301,0.0007032096175618371,1.350632866223653,0.0681355081481472,1.2978196512308813,0.020369833646058308,0.13380144766232202,0.0016179351272428914,0.7158105494466017,0.010922224074685133
release_validation,10,1,KD,3,89.66666666666667,0.4163353989241535,0.0,0.0,-49.53553263346354,0.024630098961268804,0.23716721932093301,0.0007032096175618371,1.350632866223653,0.0681355081481472,1.2978196512308813,0.020369833646058308,0.13380144766232202,0.0016179351272428914,0.7158105494466017,0.010922224074685133
